event_date,user_pseudo_id,country,device_category,first_arrival_time,first_purchase_time,duration_to_purchase_minutes
2020-11-01,38686208.2125603,Turkey,desktop,2020-11-01 10:15:53.139814 UTC,2020-11-01 12:18:34.445270 UTC,122.68
2020-11-01,7905299837.69499,United States,desktop,2020-11-01 19:35:41.085903 UTC,2020-11-01 20:46:35.431620 UTC,70.9
2020-11-01,70761379.0400304,Spain,desktop,2020-11-01 17:01:56.063180 UTC,2020-11-01 17:38:27.368761 UTC,36.52
2020-11-01,6828468.16952035,Belgium,mobile,2020-11-01 09:32:46.249289 UTC,2020-11-01 09:53:30.531712 UTC,20.73
2020-11-01,29640692.9507522,Peru,mobile,2020-11-01 14:53:48.392090 UTC,2020-11-01 15:12:13.156551 UTC,18.4
2020-11-01,36638696.4029295,United States,mobile,2020-11-01 00:09:55.117321 UTC,2020-11-01 00:27:14.469608 UTC,17.32
2020-11-01,68689240.0741071,United States,desktop,2020-11-01 17:24:45.937856 UTC,2020-11-01 17:41:52.249748 UTC,17.1
2020-11-01,3297046.65095534,United States,desktop,2020-11-01 06:03:35.619457 UTC,2020-11-01 06:17:40.454067 UTC,14.07
2020-11-01,2422026.01657226,Sweden,desktop,2020-11-01 01:31:23.309105 UTC,2020-11-01 01:44:44.942033 UTC,13.35
2020-11-01,33027284.2974994,United Kingdom,desktop,2020-11-01 10:54:50.461638 UTC,2020-11-01 11:06:54.747533 UTC,12.07
2020-11-01,1494018.51831337,Canada,desktop,2020-11-01 04:01:10.458595 UTC,2020-11-01 04:11:11.477055 UTC,10.02
2020-11-01,40765276.6033983,United States,desktop,2020-11-01 23:19:02.311146 UTC,2020-11-01 23:24:17.674829 UTC,5.25
2020-11-01,4075022.32276334,United States,mobile,2020-11-01 13:19:57.820893 UTC,2020-11-01 13:24:02.747646 UTC,4.07
2020-11-02,1525779.27809946,Lebanon,mobile,2020-11-02 05:37:32.729073 UTC,2020-11-02 15:44:05.812724 UTC,606.55
2020-11-02,4941025.10376897,United States,desktop,2020-11-02 06:32:05.382174 UTC,2020-11-02 15:22:00.739599 UTC,529.92
2020-11-02,5649103.12358251,China,mobile,2020-11-02 09:47:59.717317 UTC,2020-11-02 16:26:57.658714 UTC,398.95
2020-11-02,40419717.4317588,Brazil,mobile,2020-11-02 06:16:15.564283 UTC,2020-11-02 12:10:41.790395 UTC,354.43
2020-11-02,31613618.4993209,United Kingdom,desktop,2020-11-02 14:39:22.051192 UTC,2020-11-02 19:38:07.763925 UTC,298.75
2020-11-02,1482564.39877014,United States,desktop,2020-11-02 10:03:30.364867 UTC,2020-11-02 14:23:54.026194 UTC,260.38
2020-11-02,87326376.7596593,United States,desktop,2020-11-02 13:37:48.213025 UTC,2020-11-02 16:38:27.433102 UTC,180.65
2020-11-02,39443462.9852246,United States,mobile,2020-11-02 09:44:44.293066 UTC,2020-11-02 12:24:03.543886 UTC,159.32
2020-11-02,51248671.8133898,Canada,desktop,2020-11-02 15:44:52.935751 UTC,2020-11-02 17:39:12.669361 UTC,114.32
2020-11-02,10295267.8818269,United States,desktop,2020-11-02 06:47:02.511075 UTC,2020-11-02 08:38:22.297885 UTC,111.32
2020-11-02,1534773.31014968,Canada,mobile,2020-11-02 22:22:20.619908 UTC,2020-11-02 23:30:13.315107 UTC,67.87
2020-11-02,77977792.0191527,United States,desktop,2020-11-02 02:28:28.357104 UTC,2020-11-02 03:12:12.569546 UTC,43.73
2020-11-02,69986145.5399919,Japan,desktop,2020-11-02 22:54:30.863143 UTC,2020-11-02 23:28:56.149584 UTC,34.42
2020-11-02,41280451.5966697,India,tablet,2020-11-02 05:52:14.422296 UTC,2020-11-02 06:19:59.716977 UTC,27.75
2020-11-02,43435921.9728597,United States,mobile,2020-11-02 10:25:52.213070 UTC,2020-11-02 10:44:41.826941 UTC,18.82
2020-11-02,8620049.65671044,Malaysia,desktop,2020-11-02 10:21:41.110324 UTC,2020-11-02 10:38:36.646939 UTC,16.92
2020-11-02,7853261.62424396,United Kingdom,mobile,2020-11-02 20:29:59.371400 UTC,2020-11-02 20:46:02.143375 UTC,16.03
2020-11-02,91518233.2791103,Canada,mobile,2020-11-02 03:30:58.665040 UTC,2020-11-02 03:46:45.206601 UTC,15.77
2020-11-02,7644155580.39156,Canada,mobile,2020-11-02 21:39:22.313373 UTC,2020-11-02 21:52:41.322587 UTC,13.32
2020-11-02,1441375.73539186,United States,desktop,2020-11-02 20:39:38.410854 UTC,2020-11-02 20:52:37.343393 UTC,12.97
2020-11-02,5448801.12282488,United States,mobile,2020-11-02 04:35:28.055147 UTC,2020-11-02 04:47:49.138329 UTC,12.35
2020-11-02,5299488.052249,Italy,desktop,2020-11-02 11:41:24.558019 UTC,2020-11-02 11:53:34.351071 UTC,12.15
2020-11-02,5906845.81263438,United States,desktop,2020-11-02 19:29:36.750931 UTC,2020-11-02 19:41:27.112812 UTC,11.83
2020-11-02,14297513.2705476,India,desktop,2020-11-02 09:41:14.922708 UTC,2020-11-02 09:52:58.296899 UTC,11.72
2020-11-02,6959133.07965294,United States,mobile,2020-11-02 11:53:43.414695 UTC,2020-11-02 12:05:14.738525 UTC,11.52
2020-11-02,76792644.635173,India,desktop,2020-11-02 22:15:35.777345 UTC,2020-11-02 22:26:48.682981 UTC,11.2
2020-11-02,40418512.3278126,United States,mobile,2020-11-02 05:06:10.039263 UTC,2020-11-02 05:17:22.995956 UTC,11.2
2020-11-02,3051995.70942242,India,desktop,2020-11-02 11:15:42.146457 UTC,2020-11-02 11:26:49.654141 UTC,11.12
2020-11-02,5963534.4700679,United States,desktop,2020-11-02 12:47:22.474907 UTC,2020-11-02 12:58:25.354898 UTC,11.03
2020-11-02,7186879.84461393,India,desktop,2020-11-02 11:28:51.396720 UTC,2020-11-02 11:39:02.007142 UTC,10.17
2020-11-02,88155637.307618,United States,desktop,2020-11-02 19:02:16.564573 UTC,2020-11-02 19:11:58.034354 UTC,9.68
2020-11-02,82592841.5041495,United States,mobile,2020-11-02 11:34:02.587647 UTC,2020-11-02 11:43:43.587109 UTC,9.67
2020-11-02,21503964.5896255,Bangladesh,desktop,2020-11-02 11:50:10.802655 UTC,2020-11-02 11:59:30.457052 UTC,9.32
2020-11-02,68765362.459575,India,desktop,2020-11-02 19:32:01.187138 UTC,2020-11-02 19:39:19.031304 UTC,7.28
2020-11-02,62738775.4729752,India,mobile,2020-11-02 18:47:48.455840 UTC,2020-11-02 18:54:52.129079 UTC,7.05
2020-11-02,7128823.17767407,Portugal,desktop,2020-11-02 17:57:37.338889 UTC,2020-11-02 18:03:46.063788 UTC,6.13
2020-11-02,83008565.9882087,Canada,desktop,2020-11-02 22:19:01.088108 UTC,2020-11-02 22:24:36.596415 UTC,5.58
2020-11-02,3002649.26986253,United States,mobile,2020-11-02 15:55:46.115330 UTC,2020-11-02 16:00:09.292971 UTC,4.38
2020-11-02,89492716.5386437,Vietnam,desktop,2020-11-02 22:03:26.469606 UTC,2020-11-02 22:07:16.147408 UTC,3.82
2020-11-03,56494469.6974953,Greece,mobile,2020-11-03 01:58:56.880157 UTC,2020-11-03 21:36:23.730026 UTC,1177.43
2020-11-03,83151527.5488193,Australia,desktop,2020-11-03 01:36:56.320758 UTC,2020-11-03 16:24:42.846711 UTC,887.77
2020-11-03,50924450.1711753,Saudi Arabia,desktop,2020-11-03 10:58:42.257006 UTC,2020-11-03 22:29:17.328429 UTC,690.58
2020-11-03,1482564.39877014,United States,desktop,2020-11-03 07:38:35.131530 UTC,2020-11-03 16:17:13.782882 UTC,518.63
2020-11-03,55484597.5078975,United States,desktop,2020-11-03 13:32:57.894983 UTC,2020-11-03 16:10:20.778984 UTC,157.37
2020-11-03,8606659.75227523,United States,desktop,2020-11-03 03:54:04.597610 UTC,2020-11-03 06:13:23.052698 UTC,139.3
2020-11-03,9130640.2139762,United States,desktop,2020-11-03 03:05:43.433266 UTC,2020-11-03 05:10:01.182820 UTC,124.28
2020-11-03,81324083.4482184,Morocco,mobile,2020-11-03 16:37:36.952853 UTC,2020-11-03 18:25:25.274419 UTC,107.8
2020-11-03,65608889.8290462,United States,desktop,2020-11-03 13:24:25.276848 UTC,2020-11-03 14:59:13.327978 UTC,94.8
2020-11-03,37070311.8314414,United States,mobile,2020-11-03 14:01:30.072233 UTC,2020-11-03 15:25:51.588292 UTC,84.35
2020-11-03,44771210.2314933,United States,desktop,2020-11-03 05:52:04.341893 UTC,2020-11-03 06:48:23.216301 UTC,56.3
2020-11-03,48021850.9548849,United States,mobile,2020-11-03 19:44:51.020597 UTC,2020-11-03 20:34:19.083021 UTC,49.47
2020-11-03,26772644.3702713,United States,desktop,2020-11-03 13:56:11.963307 UTC,2020-11-03 14:45:38.766325 UTC,49.43
2020-11-03,53887436.1726083,United States,desktop,2020-11-03 09:56:01.084203 UTC,2020-11-03 10:39:38.697744 UTC,43.62
2020-11-03,35052066.2813337,Canada,mobile,2020-11-03 12:14:41.059488 UTC,2020-11-03 12:56:12.582416 UTC,41.52
2020-11-03,4513859.38442678,United States,desktop,2020-11-03 17:46:37.110136 UTC,2020-11-03 18:27:29.619688 UTC,40.87
2020-11-03,16187714.7521852,Germany,mobile,2020-11-03 04:35:23.802996 UTC,2020-11-03 05:05:52.503799 UTC,30.47
2020-11-03,5969629.07380223,United States,desktop,2020-11-03 04:06:55.257963 UTC,2020-11-03 04:36:13.814149 UTC,29.3
2020-11-03,11258187.3799854,United States,desktop,2020-11-03 00:51:13.851270 UTC,2020-11-03 01:14:52.829809 UTC,23.63
2020-11-03,33274361.4713446,India,desktop,2020-11-03 17:53:37.199701 UTC,2020-11-03 18:16:43.103314 UTC,23.08
2020-11-03,484269874.96398,United States,desktop,2020-11-03 04:41:18.427216 UTC,2020-11-03 05:03:35.200231 UTC,22.27
2020-11-03,3047630756.35159,United States,desktop,2020-11-03 19:21:34.642364 UTC,2020-11-03 19:39:58.902374 UTC,18.4
2020-11-03,53709875.3635794,United States,mobile,2020-11-03 07:11:58.239049 UTC,2020-11-03 07:30:14.356292 UTC,18.27
2020-11-03,19388075.6152731,United States,desktop,2020-11-03 14:08:29.476333 UTC,2020-11-03 14:26:22.603527 UTC,17.88
2020-11-03,8760245.30463992,United States,desktop,2020-11-03 14:46:01.774961 UTC,2020-11-03 15:02:18.037550 UTC,16.27
2020-11-03,51622008.5857082,Ecuador,desktop,2020-11-03 02:58:10.368405 UTC,2020-11-03 03:13:24.410157 UTC,15.23
2020-11-03,45473624.1023516,United States,mobile,2020-11-03 03:33:41.890011 UTC,2020-11-03 03:48:36.836579 UTC,14.9
2020-11-03,3662209.57129514,France,mobile,2020-11-03 20:33:11.412073 UTC,2020-11-03 20:47:56.848488 UTC,14.75
2020-11-03,6674901.05696621,Russia,desktop,2020-11-03 03:53:27.311193 UTC,2020-11-03 04:07:51.879494 UTC,14.4
2020-11-03,7644052.72325231,Hong Kong,mobile,2020-11-03 13:51:33.537241 UTC,2020-11-03 14:05:28.914229 UTC,13.92
2020-11-03,7576757.52130687,United States,desktop,2020-11-03 03:36:48.190340 UTC,2020-11-03 03:50:14.181214 UTC,13.42
2020-11-03,2798155.81363593,Austria,desktop,2020-11-03 22:18:02.973045 UTC,2020-11-03 22:30:41.849882 UTC,12.63
2020-11-03,25060616.2829422,Canada,desktop,2020-11-03 05:57:01.549072 UTC,2020-11-03 06:08:22.523304 UTC,11.33
2020-11-03,1014825.02002892,United States,mobile,2020-11-03 07:44:47.992214 UTC,2020-11-03 07:56:06.881926 UTC,11.3
2020-11-03,2276343.35182234,Turkey,desktop,2020-11-03 08:08:17.079591 UTC,2020-11-03 08:19:14.021947 UTC,10.93
2020-11-03,2817763.01280467,Vietnam,desktop,2020-11-03 03:54:01.501623 UTC,2020-11-03 04:04:56.181316 UTC,10.9
2020-11-03,43166184.7921844,United States,desktop,2020-11-03 02:08:22.637180 UTC,2020-11-03 02:18:54.518846 UTC,10.52
2020-11-03,52110755.0377972,(not set),desktop,2020-11-03 01:12:32.437375 UTC,2020-11-03 01:22:03.274905 UTC,9.5
2020-11-03,1257911.63844849,United States,desktop,2020-11-03 15:56:36.506398 UTC,2020-11-03 16:05:12.590409 UTC,8.6
2020-11-03,7757973.77838452,India,mobile,2020-11-03 23:00:04.244907 UTC,2020-11-03 23:07:54.038296 UTC,7.82
2020-11-03,3855098781.88715,India,mobile,2020-11-03 05:21:34.061535 UTC,2020-11-03 05:29:15.785982 UTC,7.68
2020-11-03,81444980.8487304,United States,mobile,2020-11-03 00:05:13.289457 UTC,2020-11-03 00:12:35.532032 UTC,7.37
2020-11-03,16462431.2283594,Colombia,mobile,2020-11-03 22:30:30.616070 UTC,2020-11-03 22:37:30.779253 UTC,7.0
2020-11-03,70711300.6204864,India,mobile,2020-11-03 05:55:51.651390 UTC,2020-11-03 06:01:07.654391 UTC,5.27
2020-11-03,30195839.9356669,United States,mobile,2020-11-03 16:00:11.987709 UTC,2020-11-03 16:03:04.052893 UTC,2.87
2020-11-03,4050591.47435854,United States,mobile,2020-11-03 05:22:18.725464 UTC,2020-11-03 05:25:11.568975 UTC,2.87
2020-11-04,1697570.37890447,United States,desktop,2020-11-04 01:50:28.913446 UTC,2020-11-04 21:35:30.916084 UTC,1185.03
2020-11-04,61145313.5871571,Israel,mobile,2020-11-04 01:21:21.549180 UTC,2020-11-04 06:47:38.428213 UTC,326.27
2020-11-04,24561891.8214764,India,mobile,2020-11-04 08:08:46.251418 UTC,2020-11-04 12:23:27.758327 UTC,254.68
2020-11-04,64111634.0525729,United States,mobile,2020-11-04 16:29:03.756497 UTC,2020-11-04 19:39:16.661744 UTC,190.2
2020-11-04,69008080.7918925,United States,desktop,2020-11-04 09:23:53.421711 UTC,2020-11-04 12:10:06.036110 UTC,166.2
2020-11-04,5690429.39826697,Vietnam,desktop,2020-11-04 17:12:08.554592 UTC,2020-11-04 19:52:48.821457 UTC,160.67
2020-11-04,8690699.36692564,(not set),mobile,2020-11-04 04:53:17.425781 UTC,2020-11-04 07:13:58.255797 UTC,140.67
2020-11-04,45333280.3272952,Guatemala,desktop,2020-11-04 07:20:18.233992 UTC,2020-11-04 08:57:54.992487 UTC,97.6
2020-11-04,79305784.7623717,United Kingdom,desktop,2020-11-04 10:43:03.058609 UTC,2020-11-04 11:42:52.054372 UTC,59.8
2020-11-04,12801942.0744878,United States,mobile,2020-11-04 22:28:57.429630 UTC,2020-11-04 23:28:18.443703 UTC,59.35
2020-11-04,53311820.2795082,United States,desktop,2020-11-04 20:17:25.659677 UTC,2020-11-04 20:59:17.993776 UTC,41.87
2020-11-04,7445408530.76458,Canada,tablet,2020-11-04 00:04:41.332290 UTC,2020-11-04 00:40:40.017035 UTC,35.97
2020-11-04,4651836.95254477,Singapore,desktop,2020-11-04 00:00:13.532687 UTC,2020-11-04 00:35:54.002826 UTC,35.67
2020-11-04,1482564.39877014,United States,desktop,2020-11-04 13:43:58.480667 UTC,2020-11-04 14:16:35.751703 UTC,32.62
2020-11-04,91694984.1982284,Canada,mobile,2020-11-04 19:25:03.487907 UTC,2020-11-04 19:53:57.150836 UTC,28.88
2020-11-04,71770739.4629236,Malaysia,desktop,2020-11-04 23:26:47.442308 UTC,2020-11-04 23:49:29.716135 UTC,22.7
2020-11-04,7446712.27268722,United States,desktop,2020-11-04 13:03:43.938116 UTC,2020-11-04 13:26:14.615819 UTC,22.5
2020-11-04,3641698.18542308,Ireland,desktop,2020-11-04 02:12:11.773782 UTC,2020-11-04 02:32:59.224702 UTC,20.78
2020-11-04,54064006.4612083,United States,desktop,2020-11-04 02:30:07.740355 UTC,2020-11-04 02:49:54.058542 UTC,19.77
2020-11-04,69465148.8614142,Canada,mobile,2020-11-04 08:00:00.734028 UTC,2020-11-04 08:19:12.233357 UTC,19.18
2020-11-04,5237397.70649409,India,desktop,2020-11-04 04:30:10.798840 UTC,2020-11-04 04:45:07.021009 UTC,14.93
2020-11-04,3353526.89915293,Canada,desktop,2020-11-04 17:21:22.312697 UTC,2020-11-04 17:33:18.245641 UTC,11.92
2020-11-04,58162644.7624663,Pakistan,desktop,2020-11-04 05:17:56.553483 UTC,2020-11-04 05:27:40.371279 UTC,9.72
2020-11-04,44208623.4340317,Canada,mobile,2020-11-04 10:27:09.764792 UTC,2020-11-04 10:36:15.973909 UTC,9.1
2020-11-04,2798155.81363593,Austria,desktop,2020-11-04 00:38:59.873782 UTC,2020-11-04 00:47:45.030037 UTC,8.75
2020-11-04,5892772292.7134,United States,desktop,2020-11-04 04:45:52.749751 UTC,2020-11-04 04:54:27.016314 UTC,8.57
2020-11-04,76560981.1459804,France,desktop,2020-11-04 05:27:57.670397 UTC,2020-11-04 05:36:09.988496 UTC,8.2
2020-11-04,90422982.2543893,Peru,desktop,2020-11-04 11:56:36.334577 UTC,2020-11-04 12:04:15.437538 UTC,7.65
2020-11-04,23966515.1259247,Canada,mobile,2020-11-04 00:00:15.339146 UTC,2020-11-04 00:07:06.182285 UTC,6.83
2020-11-04,10295267.8818269,United States,desktop,2020-11-04 07:27:30.432067 UTC,2020-11-04 07:33:59.425592 UTC,6.47
2020-11-05,5968218.63343998,United States,mobile,2020-11-05 03:27:33.985595 UTC,2020-11-05 09:13:18.936832 UTC,345.73
2020-11-05,56795799.9574176,United States,mobile,2020-11-05 14:23:44.523031 UTC,2020-11-05 17:41:41.481836 UTC,197.93
2020-11-05,66925511.814743,United Kingdom,mobile,2020-11-05 09:55:21.978118 UTC,2020-11-05 11:49:31.991664 UTC,114.17
2020-11-05,3883375.89240712,Malta,desktop,2020-11-05 17:44:54.883444 UTC,2020-11-05 18:33:59.360747 UTC,49.07
2020-11-05,6329222.40770083,Czechia,desktop,2020-11-05 19:26:55.356148 UTC,2020-11-05 19:58:09.937389 UTC,31.23
2020-11-05,78979530.8829741,Nigeria,mobile,2020-11-05 15:01:52.486888 UTC,2020-11-05 15:32:32.980841 UTC,30.67
2020-11-05,7422585.00921417,Singapore,desktop,2020-11-05 19:47:34.774119 UTC,2020-11-05 20:16:59.745141 UTC,29.4
2020-11-05,15492110.1286918,Portugal,mobile,2020-11-05 09:25:55.342954 UTC,2020-11-05 09:53:34.837499 UTC,27.65
2020-11-05,78211977.675858,Brazil,mobile,2020-11-05 01:06:22.071398 UTC,2020-11-05 01:30:05.661953 UTC,23.72
2020-11-05,2440964.71512999,United States,desktop,2020-11-05 17:09:23.000644 UTC,2020-11-05 17:32:18.515506 UTC,22.92
2020-11-05,14010753.6803494,United States,desktop,2020-11-05 19:50:32.956278 UTC,2020-11-05 20:12:08.619381 UTC,21.58
2020-11-05,5054327.70639328,Canada,desktop,2020-11-05 03:50:24.574065 UTC,2020-11-05 04:11:40.980578 UTC,21.27
2020-11-05,3341339703.39604,India,desktop,2020-11-05 12:36:54.042204 UTC,2020-11-05 12:56:10.017676 UTC,19.25
2020-11-05,75838009.2952049,Spain,desktop,2020-11-05 12:46:20.345054 UTC,2020-11-05 13:04:43.468213 UTC,18.38
2020-11-05,7016446.99313029,United Kingdom,mobile,2020-11-05 16:19:50.038366 UTC,2020-11-05 16:36:11.979859 UTC,16.35
2020-11-05,74343631.1384953,United States,desktop,2020-11-05 20:54:56.548977 UTC,2020-11-05 21:10:27.183023 UTC,15.5
2020-11-05,31104354.8267743,Germany,desktop,2020-11-05 15:39:55.984142 UTC,2020-11-05 15:55:13.577097 UTC,15.28
2020-11-05,29329921.1682835,Canada,desktop,2020-11-05 01:20:37.614893 UTC,2020-11-05 01:34:00.783557 UTC,13.38
2020-11-05,90018117.3469988,United States,desktop,2020-11-05 00:21:12.052600 UTC,2020-11-05 00:34:27.084038 UTC,13.25
2020-11-05,7943950.01705109,United States,desktop,2020-11-05 01:18:39.494044 UTC,2020-11-05 01:30:20.152852 UTC,11.67
2020-11-05,37723285.2538097,South Korea,mobile,2020-11-05 17:51:34.930061 UTC,2020-11-05 18:02:19.150950 UTC,10.73
2020-11-05,79219690.8483166,India,mobile,2020-11-05 13:58:19.610029 UTC,2020-11-05 14:08:46.823514 UTC,10.45
2020-11-05,1147529.63572939,United States,desktop,2020-11-05 05:12:24.195123 UTC,2020-11-05 05:21:25.500668 UTC,9.02
2020-11-05,73096267.0337371,United States,desktop,2020-11-05 06:39:39.168300 UTC,2020-11-05 06:47:38.298342 UTC,7.98
2020-11-05,38686065.3125953,United States,desktop,2020-11-05 07:38:06.376587 UTC,2020-11-05 07:44:05.835798 UTC,5.98
2020-11-05,4895144.73557416,United States,tablet,2020-11-05 06:59:53.067689 UTC,2020-11-05 07:03:26.635627 UTC,3.55
2020-11-06,55674966.6766215,United States,tablet,2020-11-06 01:47:06.711420 UTC,2020-11-06 23:46:08.913530 UTC,1319.03
2020-11-06,4404869.09989829,Belgium,desktop,2020-11-06 03:18:56.222736 UTC,2020-11-06 15:59:59.178350 UTC,761.03
2020-11-06,21649681.6658615,Canada,mobile,2020-11-06 14:43:21.268748 UTC,2020-11-06 20:25:33.607844 UTC,342.2
2020-11-06,11963630.408196,United States,desktop,2020-11-06 04:48:57.627987 UTC,2020-11-06 07:08:50.894471 UTC,139.88
2020-11-06,1440737.08836476,Canada,mobile,2020-11-06 03:02:09.776091 UTC,2020-11-06 04:59:47.193795 UTC,117.62
2020-11-06,30294528.5063782,United States,mobile,2020-11-06 04:45:31.539264 UTC,2020-11-06 06:26:43.793127 UTC,101.2
2020-11-06,50451938.7860703,Argentina,mobile,2020-11-06 06:20:51.256736 UTC,2020-11-06 07:36:09.333987 UTC,75.3
2020-11-06,84275494.2228487,United States,mobile,2020-11-06 18:23:06.751738 UTC,2020-11-06 19:31:02.216438 UTC,67.92
2020-11-06,89267756.6432543,United States,desktop,2020-11-06 06:39:04.112485 UTC,2020-11-06 07:44:20.162985 UTC,65.27
2020-11-06,32315141.7266068,Netherlands,desktop,2020-11-06 05:41:44.566736 UTC,2020-11-06 06:35:12.779828 UTC,53.47
2020-11-06,3809244.08793969,United States,mobile,2020-11-06 13:21:29.835580 UTC,2020-11-06 14:14:50.928310 UTC,53.35
2020-11-06,9073224.27429483,India,desktop,2020-11-06 04:20:04.079727 UTC,2020-11-06 05:12:39.779088 UTC,52.58
2020-11-06,18938448.3710776,Canada,desktop,2020-11-06 19:42:47.520534 UTC,2020-11-06 20:30:14.921650 UTC,47.45
2020-11-06,3174709.05792479,Canada,mobile,2020-11-06 00:30:46.374455 UTC,2020-11-06 01:17:25.540878 UTC,46.65
2020-11-06,5417909.94835099,China,desktop,2020-11-06 12:29:50.345237 UTC,2020-11-06 13:10:25.186791 UTC,40.57
2020-11-06,30804246.1427824,Spain,mobile,2020-11-06 04:13:25.518809 UTC,2020-11-06 04:44:32.036290 UTC,31.1
2020-11-06,8504426.12161967,United States,desktop,2020-11-06 01:34:27.730145 UTC,2020-11-06 02:04:37.568605 UTC,30.15
2020-11-06,3465690.68560058,United States,desktop,2020-11-06 13:00:37.726611 UTC,2020-11-06 13:28:22.719851 UTC,27.73
2020-11-06,21724072.4309728,United States,desktop,2020-11-06 19:46:10.245108 UTC,2020-11-06 20:13:46.735727 UTC,27.6
2020-11-06,89373027.0828185,United States,mobile,2020-11-06 15:03:52.385907 UTC,2020-11-06 15:30:23.278918 UTC,26.5
2020-11-06,42473754.2622782,United States,desktop,2020-11-06 03:45:59.974919 UTC,2020-11-06 04:12:15.670739 UTC,26.25
2020-11-06,91694984.1982284,Canada,mobile,2020-11-06 12:01:51.764406 UTC,2020-11-06 12:27:54.832067 UTC,26.05
2020-11-06,43750028.182583,Italy,desktop,2020-11-06 05:55:14.295938 UTC,2020-11-06 06:19:44.093679 UTC,24.48
2020-11-06,11422508.1200893,United States,desktop,2020-11-06 11:47:17.245066 UTC,2020-11-06 12:11:37.579461 UTC,24.33
2020-11-06,5118167.27315957,United States,desktop,2020-11-06 03:15:36.965545 UTC,2020-11-06 03:39:46.145021 UTC,24.15
2020-11-06,37163469.3831238,United States,mobile,2020-11-06 09:13:20.462115 UTC,2020-11-06 09:37:24.280495 UTC,24.05
2020-11-06,6925264.72363992,France,desktop,2020-11-06 20:30:24.432596 UTC,2020-11-06 20:51:02.184788 UTC,20.62
2020-11-06,54692431.8021457,United States,desktop,2020-11-06 05:27:33.809591 UTC,2020-11-06 05:47:11.942023 UTC,19.63
2020-11-06,77931886.2892148,Italy,desktop,2020-11-06 02:03:44.389790 UTC,2020-11-06 02:23:11.995163 UTC,19.45
2020-11-06,3232207.01285658,United States,mobile,2020-11-06 10:55:22.872659 UTC,2020-11-06 11:13:15.424409 UTC,17.87
2020-11-06,16382639.4243528,Pakistan,mobile,2020-11-06 14:12:39.048924 UTC,2020-11-06 14:30:14.094031 UTC,17.58
2020-11-06,16639018.6975919,India,desktop,2020-11-06 22:41:53.117859 UTC,2020-11-06 22:59:14.053677 UTC,17.33
2020-11-06,70532365.4711674,India,tablet,2020-11-06 15:09:38.129250 UTC,2020-11-06 15:25:21.713243 UTC,15.72
2020-11-06,6243779.70095017,United States,mobile,2020-11-06 19:50:32.108098 UTC,2020-11-06 20:06:10.906162 UTC,15.63
2020-11-06,57179457.0983496,Switzerland,tablet,2020-11-06 15:33:15.160914 UTC,2020-11-06 15:48:40.082368 UTC,15.4
2020-11-06,5472986.97833765,India,mobile,2020-11-06 03:51:21.795163 UTC,2020-11-06 04:04:10.019424 UTC,12.8
2020-11-06,23571881.8331615,United States,desktop,2020-11-06 01:03:14.998381 UTC,2020-11-06 01:15:18.051075 UTC,12.05
2020-11-06,43869984.97082,Germany,desktop,2020-11-06 07:33:32.930227 UTC,2020-11-06 07:43:07.428298 UTC,9.57
2020-11-06,5478191.76253707,United States,mobile,2020-11-06 01:36:37.706451 UTC,2020-11-06 01:45:57.126501 UTC,9.32
2020-11-06,17457644.0722062,United States,mobile,2020-11-06 14:45:51.700638 UTC,2020-11-06 14:54:23.246483 UTC,8.52
2020-11-06,48517782.6581183,United States,desktop,2020-11-06 03:53:58.932391 UTC,2020-11-06 04:02:22.125468 UTC,8.38
2020-11-06,6023477.7138695,United States,desktop,2020-11-06 00:50:02.124273 UTC,2020-11-06 00:58:03.100343 UTC,8.0
2020-11-06,7200456.52072778,United States,desktop,2020-11-06 13:20:50.306043 UTC,2020-11-06 13:28:27.860318 UTC,7.62
2020-11-06,32112446.4717494,China,desktop,2020-11-06 01:05:55.872053 UTC,2020-11-06 01:12:24.568589 UTC,6.47
2020-11-06,3947718.33184684,Taiwan,desktop,2020-11-06 19:06:42.799139 UTC,2020-11-06 19:12:52.283597 UTC,6.15
2020-11-06,69662510.3193519,United States,desktop,2020-11-06 01:08:38.335912 UTC,2020-11-06 01:13:54.657395 UTC,5.27
2020-11-06,55320022.96946,South Korea,mobile,2020-11-06 22:22:55.737278 UTC,2020-11-06 22:26:26.464698 UTC,3.5
2020-11-06,30029755.0497081,South Korea,desktop,2020-11-06 19:32:31.405989 UTC,2020-11-06 19:35:11.241206 UTC,2.65
2020-11-07,7906945.08416948,Canada,mobile,2020-11-07 06:07:45.126306 UTC,2020-11-07 08:01:06.462808 UTC,113.35
2020-11-07,1226476.17142735,India,desktop,2020-11-07 00:04:05.518397 UTC,2020-11-07 01:45:16.255684 UTC,101.17
2020-11-07,61586940.0980633,Sweden,mobile,2020-11-07 18:53:33.156539 UTC,2020-11-07 20:09:01.524493 UTC,75.47
2020-11-07,12291446.3815334,United States,mobile,2020-11-07 04:44:33.058639 UTC,2020-11-07 05:23:17.952625 UTC,38.73
2020-11-07,88125518.830627,United States,desktop,2020-11-07 03:05:44.765035 UTC,2020-11-07 03:41:31.055322 UTC,35.77
2020-11-07,2808102.23305744,United States,desktop,2020-11-07 16:20:15.148120 UTC,2020-11-07 16:50:43.170026 UTC,30.47
2020-11-07,28750238.4461447,Turkey,mobile,2020-11-07 10:52:48.914017 UTC,2020-11-07 11:22:07.841906 UTC,29.3
2020-11-07,20578333.934849,United States,mobile,2020-11-07 03:51:26.703125 UTC,2020-11-07 04:19:33.766803 UTC,28.12
2020-11-07,3958686.60873094,Hong Kong,mobile,2020-11-07 00:06:38.074643 UTC,2020-11-07 00:31:38.822856 UTC,25.0
2020-11-07,55795512.5087892,South Korea,desktop,2020-11-07 07:17:02.050260 UTC,2020-11-07 07:41:28.851862 UTC,24.43
2020-11-07,7410716.27469431,United States,desktop,2020-11-07 02:13:53.758732 UTC,2020-11-07 02:37:10.790605 UTC,23.28
2020-11-07,5006017.95272282,Taiwan,mobile,2020-11-07 00:33:10.318335 UTC,2020-11-07 00:56:00.189676 UTC,22.82
2020-11-07,6339343.88382161,Turkey,desktop,2020-11-07 21:42:41.990180 UTC,2020-11-07 22:03:10.056481 UTC,20.47
2020-11-07,5054587697.50129,Mexico,desktop,2020-11-07 08:07:12.899628 UTC,2020-11-07 08:26:51.358168 UTC,19.63
2020-11-07,29984667.0363731,United States,desktop,2020-11-07 01:08:06.562606 UTC,2020-11-07 01:25:06.264853 UTC,16.98
2020-11-07,3171793.2248385,United States,mobile,2020-11-07 08:31:58.915106 UTC,2020-11-07 08:48:28.846315 UTC,16.48
2020-11-07,7337320.60993597,United States,desktop,2020-11-07 20:17:01.377432 UTC,2020-11-07 20:32:40.072523 UTC,15.63
2020-11-07,1674464967.3081,Hungary,mobile,2020-11-07 17:24:45.625649 UTC,2020-11-07 17:39:54.152022 UTC,15.13
2020-11-07,4479256.63160642,United States,desktop,2020-11-07 13:43:47.252099 UTC,2020-11-07 13:56:21.619368 UTC,12.57
2020-11-07,2227109.38666866,United States,desktop,2020-11-07 00:19:34.712107 UTC,2020-11-07 00:31:41.189094 UTC,12.1
2020-11-07,6147800.25222406,United States,desktop,2020-11-07 16:51:49.848191 UTC,2020-11-07 17:03:17.765004 UTC,11.45
2020-11-07,21387540.3778769,United States,desktop,2020-11-07 15:13:54.481880 UTC,2020-11-07 15:24:31.267044 UTC,10.6
2020-11-07,81691186.8329038,India,desktop,2020-11-07 00:28:59.066546 UTC,2020-11-07 00:37:57.817070 UTC,8.97
2020-11-07,4710634349.70979,India,mobile,2020-11-07 04:56:58.285124 UTC,2020-11-07 05:04:20.555874 UTC,7.37
2020-11-07,6897445.12107452,Singapore,desktop,2020-11-07 14:48:11.324773 UTC,2020-11-07 14:55:07.197921 UTC,6.92
2020-11-07,4339400.4609618,United States,desktop,2020-11-07 16:00:05.457762 UTC,2020-11-07 16:06:51.932182 UTC,6.77
2020-11-07,1270280.90407244,United States,mobile,2020-11-07 07:12:47.755231 UTC,2020-11-07 07:17:36.374933 UTC,4.8
2020-11-07,3855098781.88715,India,mobile,2020-11-07 06:20:43.315088 UTC,2020-11-07 06:22:21.399299 UTC,1.63
2020-11-08,35949966.2815169,Australia,desktop,2020-11-08 04:18:36.947170 UTC,2020-11-08 22:58:55.949085 UTC,1120.32
2020-11-08,2113325.1940945,United States,mobile,2020-11-08 08:06:38.298188 UTC,2020-11-08 15:17:32.679874 UTC,430.9
2020-11-08,34044207.6843308,United States,mobile,2020-11-08 21:32:48.349345 UTC,2020-11-08 23:18:29.030879 UTC,105.67
2020-11-08,49774767.6772681,India,desktop,2020-11-08 22:45:17.938506 UTC,2020-11-08 23:38:59.840955 UTC,53.68
2020-11-08,3529297.92104631,Bahrain,desktop,2020-11-08 18:52:56.789227 UTC,2020-11-08 19:46:29.113318 UTC,53.53
2020-11-08,5546335.57337107,Poland,mobile,2020-11-08 03:42:35.231143 UTC,2020-11-08 04:20:21.736786 UTC,37.77
2020-11-08,52477754.7563467,United States,mobile,2020-11-08 10:58:34.757027 UTC,2020-11-08 11:29:39.204062 UTC,31.07
2020-11-08,23188793.3504076,Canada,desktop,2020-11-08 06:14:05.169184 UTC,2020-11-08 06:43:05.875279 UTC,29.0
2020-11-08,49793755.7550891,Greece,desktop,2020-11-08 08:10:33.871141 UTC,2020-11-08 08:35:53.856144 UTC,25.32
2020-11-08,2220756.167962,United States,desktop,2020-11-08 19:47:12.843900 UTC,2020-11-08 20:12:17.388153 UTC,25.07
2020-11-08,2897030438.41111,Ireland,desktop,2020-11-08 01:45:45.141572 UTC,2020-11-08 02:10:12.157864 UTC,24.45
2020-11-08,56110190.2206479,United States,desktop,2020-11-08 21:29:56.165184 UTC,2020-11-08 21:50:53.578764 UTC,20.95
2020-11-08,13965501.3079306,United States,tablet,2020-11-08 04:38:48.089630 UTC,2020-11-08 04:58:43.026481 UTC,19.9
2020-11-08,5113443.53871522,United States,desktop,2020-11-08 13:43:42.796446 UTC,2020-11-08 14:00:45.369847 UTC,17.03
2020-11-08,75212332.0462614,Poland,mobile,2020-11-08 09:08:03.840018 UTC,2020-11-08 09:24:33.482077 UTC,16.48
2020-11-08,28488428.3107136,United States,desktop,2020-11-08 13:53:18.909640 UTC,2020-11-08 14:09:48.364113 UTC,16.48
2020-11-08,63566671.0624139,India,desktop,2020-11-08 07:59:52.156308 UTC,2020-11-08 08:15:01.319229 UTC,15.15
2020-11-08,3321484.61840987,United States,desktop,2020-11-08 03:15:16.777915 UTC,2020-11-08 03:25:56.863948 UTC,10.67
2020-11-08,8397059.86349465,United States,mobile,2020-11-08 21:58:20.040543 UTC,2020-11-08 22:08:29.686761 UTC,10.15
2020-11-08,6311586.54495585,United States,mobile,2020-11-08 01:04:24.343388 UTC,2020-11-08 01:14:28.129387 UTC,10.05
2020-11-08,6997954.06571352,United States,mobile,2020-11-08 10:43:45.944873 UTC,2020-11-08 10:53:48.324170 UTC,10.03
2020-11-08,8198859.37788294,India,mobile,2020-11-08 19:53:36.409515 UTC,2020-11-08 20:03:11.081109 UTC,9.57
2020-11-08,14319429.38486,India,mobile,2020-11-08 00:45:37.329447 UTC,2020-11-08 00:54:05.113623 UTC,8.45
2020-11-08,6731649.23979487,Portugal,mobile,2020-11-08 15:59:03.644424 UTC,2020-11-08 16:07:12.698580 UTC,8.15
2020-11-08,38963130.1006713,United States,mobile,2020-11-08 13:47:08.225058 UTC,2020-11-08 13:55:00.563549 UTC,7.87
2020-11-08,4376619.99582219,China,desktop,2020-11-08 07:46:08.387078 UTC,2020-11-08 07:53:44.188984 UTC,7.58
2020-11-08,25454947.3736396,United States,mobile,2020-11-08 02:14:22.102551 UTC,2020-11-08 02:19:56.301763 UTC,5.57
2020-11-08,21404027.8691114,United States,mobile,2020-11-08 02:26:32.217430 UTC,2020-11-08 02:31:31.340104 UTC,4.98
2020-11-08,5940658266.34552,India,tablet,2020-11-08 12:34:44.690035 UTC,2020-11-08 12:39:26.289673 UTC,4.68
2020-11-08,77374057.3149574,United States,desktop,2020-11-08 13:52:53.127155 UTC,2020-11-08 13:56:47.119929 UTC,3.88
2020-11-08,2353041.18371864,United States,mobile,2020-11-08 07:52:12.408974 UTC,2020-11-08 07:54:52.767724 UTC,2.67
2020-11-09,59431741.0928386,Singapore,mobile,2020-11-09 05:48:51.631320 UTC,2020-11-09 20:17:56.320867 UTC,869.07
2020-11-09,58104072.2659495,(not set),mobile,2020-11-09 06:08:34.935655 UTC,2020-11-09 18:02:45.565503 UTC,714.17
2020-11-09,6086858.94404067,India,mobile,2020-11-09 17:49:38.193304 UTC,2020-11-09 23:01:45.243850 UTC,312.12
2020-11-09,75317932.0666442,Canada,mobile,2020-11-09 03:20:59.868297 UTC,2020-11-09 06:26:04.723895 UTC,185.07
2020-11-09,6809600.25787672,Canada,desktop,2020-11-09 13:33:24.854801 UTC,2020-11-09 16:05:33.721510 UTC,152.13
2020-11-09,62700534.0597733,Canada,mobile,2020-11-09 09:11:17.371504 UTC,2020-11-09 11:04:56.287693 UTC,113.63
2020-11-09,1189643.66533128,United States,mobile,2020-11-09 18:59:43.353566 UTC,2020-11-09 20:39:27.887950 UTC,99.73
2020-11-09,5788686572.59815,Brazil,mobile,2020-11-09 20:09:13.781427 UTC,2020-11-09 21:39:30.942819 UTC,90.28
2020-11-09,18724686.8012593,United Kingdom,desktop,2020-11-09 22:31:49.401985 UTC,2020-11-09 23:50:55.535978 UTC,79.1
2020-11-09,81824760.1222124,Russia,mobile,2020-11-09 08:09:33.758315 UTC,2020-11-09 08:48:57.567124 UTC,39.38
2020-11-09,3444436.25859493,United States,desktop,2020-11-09 09:47:07.887450 UTC,2020-11-09 10:21:02.285575 UTC,33.9
2020-11-09,38054334.2240709,Finland,mobile,2020-11-09 21:30:04.822303 UTC,2020-11-09 21:59:02.829420 UTC,28.97
2020-11-09,5833707.46407957,Netherlands,desktop,2020-11-09 23:27:04.031955 UTC,2020-11-09 23:54:20.970393 UTC,27.27
2020-11-09,7316230097.20705,Brazil,mobile,2020-11-09 16:35:48.188243 UTC,2020-11-09 17:02:03.404800 UTC,26.25
2020-11-09,6212731.00094218,Brazil,mobile,2020-11-09 01:38:32.249851 UTC,2020-11-09 02:04:19.473878 UTC,25.78
2020-11-09,4067712.13648741,India,desktop,2020-11-09 11:30:12.753479 UTC,2020-11-09 11:54:13.947595 UTC,24.02
2020-11-09,558932409.306639,Greece,desktop,2020-11-09 23:23:06.228494 UTC,2020-11-09 23:43:51.238260 UTC,20.75
2020-11-09,41405209.590228,Italy,mobile,2020-11-09 20:15:12.434192 UTC,2020-11-09 20:34:19.719583 UTC,19.12
2020-11-09,5565016.9227598,India,desktop,2020-11-09 21:30:06.475174 UTC,2020-11-09 21:48:52.108982 UTC,18.75
2020-11-09,7711053.07092275,Colombia,desktop,2020-11-09 10:10:59.964652 UTC,2020-11-09 10:24:30.227837 UTC,13.5
2020-11-09,1587754.21577316,United States,desktop,2020-11-09 08:11:30.239203 UTC,2020-11-09 08:23:57.056985 UTC,12.43
2020-11-09,6510035.05294639,Germany,desktop,2020-11-09 20:02:58.044692 UTC,2020-11-09 20:14:55.888838 UTC,11.95
2020-11-09,8245686.11334382,United States,desktop,2020-11-09 18:23:51.208548 UTC,2020-11-09 18:34:53.552209 UTC,11.03
2020-11-09,31940764.0532258,Singapore,desktop,2020-11-09 04:44:57.070991 UTC,2020-11-09 04:55:04.479252 UTC,10.12
2020-11-09,56113571.7461187,Indonesia,desktop,2020-11-09 23:19:00.495532 UTC,2020-11-09 23:29:06.783988 UTC,10.1
2020-11-09,16477800.9247058,Poland,desktop,2020-11-09 23:00:35.776969 UTC,2020-11-09 23:10:31.322603 UTC,9.92
2020-11-09,7528628.46088069,Japan,mobile,2020-11-09 10:13:00.680747 UTC,2020-11-09 10:21:33.484224 UTC,8.53
2020-11-09,1451078.8215732,Spain,desktop,2020-11-09 11:00:16.951829 UTC,2020-11-09 11:08:26.841419 UTC,8.15
2020-11-09,3683946.70063564,United States,mobile,2020-11-09 10:55:22.790830 UTC,2020-11-09 11:03:13.081597 UTC,7.83
2020-11-09,53850146.2835026,United States,desktop,2020-11-09 00:03:58.497361 UTC,2020-11-09 00:11:02.747383 UTC,7.07
2020-11-09,5444054.02992065,United States,desktop,2020-11-09 00:21:31.289341 UTC,2020-11-09 00:28:02.857444 UTC,6.52
2020-11-09,75946438.5225154,United States,mobile,2020-11-09 07:23:50.355070 UTC,2020-11-09 07:29:41.871558 UTC,5.85
2020-11-09,20492746.1993325,United States,desktop,2020-11-09 12:14:40.636373 UTC,2020-11-09 12:20:14.728416 UTC,5.57
2020-11-09,4511811.39905984,United States,mobile,2020-11-09 11:59:10.473871 UTC,2020-11-09 12:04:40.162402 UTC,5.48
2020-11-09,5693966.54899466,Mexico,desktop,2020-11-09 21:31:13.539984 UTC,2020-11-09 21:36:10.227393 UTC,4.93
2020-11-09,4173503.53660022,Hong Kong,desktop,2020-11-09 21:24:19.199766 UTC,2020-11-09 21:28:58.347446 UTC,4.65
2020-11-09,74576246.9093845,United States,mobile,2020-11-09 21:11:58.249083 UTC,2020-11-09 21:16:32.051133 UTC,4.55
2020-11-09,4618534.63199903,Canada,desktop,2020-11-09 03:57:40.189960 UTC,2020-11-09 04:02:12.900422 UTC,4.53
2020-11-09,7124838.02285093,(not set),desktop,2020-11-09 15:31:44.010158 UTC,2020-11-09 15:36:09.917828 UTC,4.42
2020-11-09,13043200.8424953,United States,desktop,2020-11-09 03:22:20.558752 UTC,2020-11-09 03:25:52.744552 UTC,3.53
2020-11-10,48981361.3028514,United States,mobile,2020-11-10 02:31:51.234013 UTC,2020-11-10 23:14:14.844793 UTC,1242.38
2020-11-10,80277576.8732584,South Korea,desktop,2020-11-10 03:13:08.397422 UTC,2020-11-10 22:11:19.714035 UTC,1138.18
2020-11-10,63892836.9604585,United States,desktop,2020-11-10 09:34:36.794667 UTC,2020-11-10 23:25:42.778893 UTC,831.08
2020-11-10,8179718.62840107,United States,mobile,2020-11-10 08:44:31.844558 UTC,2020-11-10 18:39:41.264090 UTC,595.15
2020-11-10,29303146.9109541,United States,desktop,2020-11-10 14:19:51.029036 UTC,2020-11-10 20:24:48.658582 UTC,364.95
2020-11-10,8841256.10336359,United States,mobile,2020-11-10 13:54:53.576433 UTC,2020-11-10 19:24:23.133131 UTC,329.48
2020-11-10,7228205337.70175,United States,mobile,2020-11-10 09:06:08.504967 UTC,2020-11-10 14:03:17.060942 UTC,297.13
2020-11-10,79964492.7086086,United States,desktop,2020-11-10 13:57:36.603760 UTC,2020-11-10 18:40:19.957774 UTC,282.72
2020-11-10,2471419.83771808,United States,desktop,2020-11-10 15:27:33.116197 UTC,2020-11-10 18:20:14.011211 UTC,172.67
2020-11-10,56510127.1423902,United States,mobile,2020-11-10 01:01:30.698174 UTC,2020-11-10 03:50:13.008581 UTC,168.7
2020-11-10,8145084.5899177,(not set),desktop,2020-11-10 11:33:48.373135 UTC,2020-11-10 14:21:21.906113 UTC,167.55
2020-11-10,56920896.3476155,Colombia,mobile,2020-11-10 08:22:57.579046 UTC,2020-11-10 09:43:22.745352 UTC,80.42
2020-11-10,5369092.72481768,United States,mobile,2020-11-10 02:21:03.771585 UTC,2020-11-10 03:16:05.978398 UTC,55.03
2020-11-10,37510341.8549295,United States,desktop,2020-11-10 00:00:10.383050 UTC,2020-11-10 00:51:41.081816 UTC,51.5
2020-11-10,57239293.4773997,Mexico,desktop,2020-11-10 07:08:26.348198 UTC,2020-11-10 07:55:32.411488 UTC,47.1
2020-11-10,6060121.45439607,United States,desktop,2020-11-10 23:05:29.348095 UTC,2020-11-10 23:50:26.607751 UTC,44.95
2020-11-10,26923382.2344097,United States,mobile,2020-11-10 05:56:35.752426 UTC,2020-11-10 06:39:25.644141 UTC,42.82
2020-11-10,3149802.93992367,Hungary,desktop,2020-11-10 01:50:26.130912 UTC,2020-11-10 02:28:51.498101 UTC,38.42
2020-11-10,21732519.8875634,Egypt,desktop,2020-11-10 00:58:02.342411 UTC,2020-11-10 01:33:38.746151 UTC,35.6
2020-11-10,29823170.8766735,France,mobile,2020-11-10 04:14:10.807129 UTC,2020-11-10 04:48:34.610862 UTC,34.38
2020-11-10,6677819.73336647,France,desktop,2020-11-10 12:53:29.829085 UTC,2020-11-10 13:24:50.406862 UTC,31.33
2020-11-10,1393292.73400255,India,desktop,2020-11-10 06:53:20.194821 UTC,2020-11-10 07:23:34.921151 UTC,30.23
2020-11-10,12557240.6917222,China,mobile,2020-11-10 13:35:37.771308 UTC,2020-11-10 14:01:14.879736 UTC,25.62
2020-11-10,2683899.4810834,Canada,desktop,2020-11-10 08:07:01.513908 UTC,2020-11-10 08:32:32.594218 UTC,25.52
2020-11-10,26950848.2753147,France,mobile,2020-11-10 04:38:18.526417 UTC,2020-11-10 05:03:36.557802 UTC,25.3
2020-11-10,36721083.2087862,United States,desktop,2020-11-10 16:56:43.999634 UTC,2020-11-10 17:20:27.013144 UTC,23.72
2020-11-10,2541331.29315287,Taiwan,desktop,2020-11-10 15:05:04.738530 UTC,2020-11-10 15:28:01.848399 UTC,22.95
2020-11-10,13072394.0835249,India,desktop,2020-11-10 08:35:10.279036 UTC,2020-11-10 08:54:51.089641 UTC,19.67
2020-11-10,5305364.27873109,Japan,mobile,2020-11-10 08:22:51.512020 UTC,2020-11-10 08:42:08.663328 UTC,19.28
2020-11-10,71814363.9032514,United States,mobile,2020-11-10 22:42:14.583014 UTC,2020-11-10 23:01:00.372467 UTC,18.75
2020-11-10,5299488.052249,Italy,desktop,2020-11-10 14:55:24.358781 UTC,2020-11-10 15:14:03.236492 UTC,18.63
2020-11-10,2788577.19976167,(not set),desktop,2020-11-10 16:46:11.772665 UTC,2020-11-10 17:04:45.398131 UTC,18.55
2020-11-10,3773899.42237066,United States,mobile,2020-11-10 06:09:43.463483 UTC,2020-11-10 06:27:43.993419 UTC,18.0
2020-11-10,53379384.0448742,United States,desktop,2020-11-10 20:50:03.752195 UTC,2020-11-10 21:07:25.916303 UTC,17.37
2020-11-10,47865957.1450554,Ecuador,mobile,2020-11-10 00:48:19.507094 UTC,2020-11-10 01:04:52.843258 UTC,16.55
2020-11-10,61814372.5358538,India,desktop,2020-11-10 01:07:51.188918 UTC,2020-11-10 01:22:49.455753 UTC,14.97
2020-11-10,1845677.69760174,India,mobile,2020-11-10 01:30:54.843618 UTC,2020-11-10 01:43:28.816449 UTC,12.55
2020-11-10,2730927.70854203,Brazil,desktop,2020-11-10 11:45:18.858884 UTC,2020-11-10 11:57:26.511145 UTC,12.12
2020-11-10,31221912.1297666,United States,mobile,2020-11-10 20:31:45.386118 UTC,2020-11-10 20:43:50.157413 UTC,12.07
2020-11-10,98020186.6825178,Germany,mobile,2020-11-10 21:37:49.095001 UTC,2020-11-10 21:49:41.719871 UTC,11.87
2020-11-10,76741959.6484496,United States,desktop,2020-11-10 21:23:35.435453 UTC,2020-11-10 21:35:25.865294 UTC,11.83
2020-11-10,7098458.65291781,Canada,desktop,2020-11-10 11:16:32.844453 UTC,2020-11-10 11:28:06.172294 UTC,11.55
2020-11-10,2582271.71333594,Taiwan,mobile,2020-11-10 17:59:11.031911 UTC,2020-11-10 18:09:58.349522 UTC,10.78
2020-11-10,19741720.427612,Japan,desktop,2020-11-10 14:34:03.495681 UTC,2020-11-10 14:44:38.662318 UTC,10.58
2020-11-10,44454431.4398109,Turkey,mobile,2020-11-10 13:05:07.459459 UTC,2020-11-10 13:15:27.245439 UTC,10.32
2020-11-10,1835497.61483043,India,desktop,2020-11-10 08:48:17.590273 UTC,2020-11-10 08:58:24.529202 UTC,10.1
2020-11-10,4323466.53261003,United States,desktop,2020-11-10 08:04:54.254216 UTC,2020-11-10 08:14:02.071995 UTC,9.12
2020-11-10,8700955.15845218,Canada,desktop,2020-11-10 10:00:36.366108 UTC,2020-11-10 10:09:06.392648 UTC,8.5
2020-11-10,63478695.0837863,India,mobile,2020-11-10 18:18:13.960944 UTC,2020-11-10 18:26:39.469129 UTC,8.42
2020-11-10,76702541.1934185,South Korea,mobile,2020-11-10 06:22:47.882966 UTC,2020-11-10 06:31:02.428948 UTC,8.23
2020-11-10,46048757.5367659,United States,mobile,2020-11-10 06:55:05.410003 UTC,2020-11-10 07:02:36.338139 UTC,7.5
2020-11-10,97619147.3055572,United States,mobile,2020-11-10 01:40:24.654796 UTC,2020-11-10 01:47:50.541830 UTC,7.42
2020-11-10,2582329.78984702,China,desktop,2020-11-10 23:52:48.612402 UTC,2020-11-10 23:59:00.651071 UTC,6.2
2020-11-10,4277978.47894736,United Kingdom,mobile,2020-11-10 23:32:27.677048 UTC,2020-11-10 23:38:38.283942 UTC,6.17
2020-11-10,7113433.37426647,United States,desktop,2020-11-10 08:54:25.724535 UTC,2020-11-10 09:00:29.853877 UTC,6.07
2020-11-10,42795253.5783224,India,mobile,2020-11-10 18:25:33.530992 UTC,2020-11-10 18:30:56.744975 UTC,5.38
2020-11-10,6564582209.9323,Slovenia,mobile,2020-11-10 01:22:26.768851 UTC,2020-11-10 01:27:14.890153 UTC,4.8
2020-11-10,5930841.33870566,United Kingdom,mobile,2020-11-10 17:08:03.346033 UTC,2020-11-10 17:12:48.633240 UTC,4.75
2020-11-10,38517726.1623544,Saudi Arabia,desktop,2020-11-10 03:33:09.729513 UTC,2020-11-10 03:37:49.191342 UTC,4.65
2020-11-10,45336872.3281971,United States,desktop,2020-11-10 11:09:57.557806 UTC,2020-11-10 11:14:08.013623 UTC,4.17
2020-11-10,7387564.38777872,Russia,mobile,2020-11-10 13:30:09.284775 UTC,2020-11-10 13:33:55.509988 UTC,3.77
2020-11-10,17857622.4039601,United States,desktop,2020-11-10 04:21:12.951423 UTC,2020-11-10 04:24:45.692503 UTC,3.53
2020-11-10,5312155.74100922,United States,desktop,2020-11-10 11:58:00.927854 UTC,2020-11-10 12:00:55.167256 UTC,2.9
2020-11-10,1595768.35867626,India,desktop,2020-11-10 05:51:28.529900 UTC,2020-11-10 05:53:46.606493 UTC,2.3
2020-11-11,1197596.69713142,Malaysia,mobile,2020-11-11 00:00:09.524077 UTC,2020-11-11 22:02:59.937128 UTC,1322.83
2020-11-11,3195540.93324206,United Kingdom,desktop,2020-11-11 01:38:09.715533 UTC,2020-11-11 18:29:52.870836 UTC,1011.72
2020-11-11,75857592.421598,Israel,desktop,2020-11-11 02:28:44.899260 UTC,2020-11-11 13:41:16.628557 UTC,672.52
2020-11-11,3138661.72154243,Germany,mobile,2020-11-11 14:55:13.923174 UTC,2020-11-11 21:52:15.732406 UTC,417.02
2020-11-11,2490104.64683682,United States,desktop,2020-11-11 08:22:56.358131 UTC,2020-11-11 14:34:31.331164 UTC,371.57
2020-11-11,3807582.76735947,United States,desktop,2020-11-11 03:44:33.147100 UTC,2020-11-11 09:00:47.203196 UTC,316.23
2020-11-11,67555647.7819115,United States,desktop,2020-11-11 03:36:52.197190 UTC,2020-11-11 08:32:26.387652 UTC,295.57
2020-11-11,87100826.2061583,India,mobile,2020-11-11 02:14:07.508637 UTC,2020-11-11 06:48:44.165767 UTC,274.6
2020-11-11,11349260.6217093,India,desktop,2020-11-11 06:56:45.795484 UTC,2020-11-11 11:22:25.627201 UTC,265.65
2020-11-11,91803638.1469968,United States,mobile,2020-11-11 02:31:45.125817 UTC,2020-11-11 06:17:17.629084 UTC,225.53
2020-11-11,51608821.0291355,United States,mobile,2020-11-11 07:17:23.172667 UTC,2020-11-11 10:28:02.532566 UTC,190.65
2020-11-11,1775013.38961272,India,desktop,2020-11-11 19:10:17.549346 UTC,2020-11-11 21:00:26.100157 UTC,110.13
2020-11-11,4729706.47153723,United States,desktop,2020-11-11 17:54:27.316584 UTC,2020-11-11 19:21:22.836258 UTC,86.92
2020-11-11,16788587.4608873,United States,mobile,2020-11-11 05:42:47.569941 UTC,2020-11-11 06:51:44.548718 UTC,68.93
2020-11-11,65347516.5438714,United Kingdom,mobile,2020-11-11 01:25:01.129846 UTC,2020-11-11 02:33:24.445690 UTC,68.38
2020-11-11,16313863.626351,United States,desktop,2020-11-11 03:49:25.865304 UTC,2020-11-11 04:42:11.714805 UTC,52.75
2020-11-11,89960826.1583245,Canada,mobile,2020-11-11 05:12:04.786449 UTC,2020-11-11 05:53:57.177836 UTC,41.87
2020-11-11,75832834.9618965,United States,mobile,2020-11-11 00:38:39.390320 UTC,2020-11-11 01:12:31.040914 UTC,33.85
2020-11-11,1132369.28160529,Russia,mobile,2020-11-11 08:03:10.858954 UTC,2020-11-11 08:32:45.593219 UTC,29.57
2020-11-11,12425101.9463695,United States,desktop,2020-11-11 00:08:33.708510 UTC,2020-11-11 00:36:02.265096 UTC,27.47
2020-11-11,3678796.0209524,India,desktop,2020-11-11 09:47:08.410888 UTC,2020-11-11 10:13:58.149560 UTC,26.82
2020-11-11,6759062.89339479,United States,mobile,2020-11-11 22:14:50.557823 UTC,2020-11-11 22:40:58.097079 UTC,26.12
2020-11-11,2084240.00913533,United States,desktop,2020-11-11 13:30:24.390185 UTC,2020-11-11 13:53:15.302028 UTC,22.83
2020-11-11,50569879.3752778,Canada,desktop,2020-11-11 02:11:34.577009 UTC,2020-11-11 02:33:51.483768 UTC,22.27
2020-11-11,4190412.62391401,Canada,mobile,2020-11-11 08:11:59.904969 UTC,2020-11-11 08:34:01.312642 UTC,22.02
2020-11-11,43794605.3591233,China,desktop,2020-11-11 17:25:17.021749 UTC,2020-11-11 17:46:34.102124 UTC,21.28
2020-11-11,65605548.5393118,Malaysia,mobile,2020-11-11 17:36:51.167651 UTC,2020-11-11 17:55:40.990126 UTC,18.82
2020-11-11,15109615.7675793,Taiwan,mobile,2020-11-11 12:44:31.568108 UTC,2020-11-11 13:01:32.116625 UTC,17.0
2020-11-11,53769790.5488226,United States,desktop,2020-11-11 22:04:03.694425 UTC,2020-11-11 22:20:58.602569 UTC,16.9
2020-11-11,12485307.5806877,United States,desktop,2020-11-11 08:59:03.650177 UTC,2020-11-11 09:15:56.322593 UTC,16.87
2020-11-11,91081437.4176468,United States,mobile,2020-11-11 18:02:11.053527 UTC,2020-11-11 18:18:31.219121 UTC,16.33
2020-11-11,3827230.35330868,United States,desktop,2020-11-11 19:59:32.584687 UTC,2020-11-11 20:15:26.123404 UTC,15.88
2020-11-11,7039765.59598553,Latvia,desktop,2020-11-11 18:24:36.934660 UTC,2020-11-11 18:40:21.326823 UTC,15.73
2020-11-11,44254060.0976017,United States,desktop,2020-11-11 06:17:55.493870 UTC,2020-11-11 06:33:11.156975 UTC,15.25
2020-11-11,3644566278.66026,United States,mobile,2020-11-11 11:22:45.966156 UTC,2020-11-11 11:37:41.302632 UTC,14.92
2020-11-11,28421703.8529299,Bangladesh,desktop,2020-11-11 03:00:08.182321 UTC,2020-11-11 03:15:03.580174 UTC,14.92
2020-11-11,47356565.2696944,United States,desktop,2020-11-11 11:54:53.039892 UTC,2020-11-11 12:09:36.087203 UTC,14.72
2020-11-11,5823061.91577567,India,desktop,2020-11-11 09:00:04.149405 UTC,2020-11-11 09:13:57.366029 UTC,13.88
2020-11-11,64653336.4646158,United States,desktop,2020-11-11 05:59:04.734107 UTC,2020-11-11 06:12:42.521140 UTC,13.62
2020-11-11,1202924.29709444,Philippines,desktop,2020-11-11 20:02:42.574013 UTC,2020-11-11 20:15:28.899110 UTC,12.77
2020-11-11,11324968.3542327,United States,tablet,2020-11-11 02:32:47.370259 UTC,2020-11-11 02:44:21.484450 UTC,11.57
2020-11-11,3312036.25212859,United States,desktop,2020-11-11 19:39:34.615754 UTC,2020-11-11 19:50:39.620282 UTC,11.08
2020-11-11,10392780.627654,Japan,desktop,2020-11-11 14:58:25.150617 UTC,2020-11-11 15:09:27.332554 UTC,11.03
2020-11-11,2042749.46995017,United States,mobile,2020-11-11 16:21:45.111028 UTC,2020-11-11 16:32:47.584810 UTC,11.03
2020-11-11,91748843.1982893,Taiwan,mobile,2020-11-11 01:22:17.593539 UTC,2020-11-11 01:33:02.289800 UTC,10.73
2020-11-11,77782481.6783148,United States,desktop,2020-11-11 03:24:56.572235 UTC,2020-11-11 03:34:52.847185 UTC,9.93
2020-11-11,5455639.81144575,Canada,mobile,2020-11-11 17:30:36.948306 UTC,2020-11-11 17:40:11.123793 UTC,9.57
2020-11-11,2475908.37336564,Germany,desktop,2020-11-11 13:05:06.059366 UTC,2020-11-11 13:13:37.650369 UTC,8.52
2020-11-11,9142790.64696873,(not set),mobile,2020-11-11 00:30:08.120658 UTC,2020-11-11 00:38:03.204049 UTC,7.92
2020-11-11,92067045.1629152,United States,desktop,2020-11-11 04:03:17.772057 UTC,2020-11-11 04:11:01.976034 UTC,7.73
2020-11-11,3641209645.65745,United States,desktop,2020-11-11 06:08:40.709189 UTC,2020-11-11 06:16:16.732780 UTC,7.6
2020-11-11,44208623.4340317,Canada,mobile,2020-11-11 01:01:57.034730 UTC,2020-11-11 01:09:20.248369 UTC,7.38
2020-11-11,85710661.4085161,Peru,desktop,2020-11-11 13:17:03.474501 UTC,2020-11-11 13:24:13.409089 UTC,7.15
2020-11-11,5929458.17561612,United Kingdom,desktop,2020-11-11 01:52:39.919376 UTC,2020-11-11 01:59:33.582114 UTC,6.88
2020-11-11,6390320.23484134,Canada,desktop,2020-11-11 00:06:10.854331 UTC,2020-11-11 00:12:49.505515 UTC,6.63
2020-11-11,3718073.8242589,Canada,desktop,2020-11-11 11:46:44.646701 UTC,2020-11-11 11:53:15.897158 UTC,6.52
2020-11-11,6928131.19574526,Mexico,mobile,2020-11-11 04:17:24.977488 UTC,2020-11-11 04:23:03.840781 UTC,5.63
2020-11-11,2757842.7557872,Canada,desktop,2020-11-11 00:00:03.827953 UTC,2020-11-11 00:05:35.923554 UTC,5.53
2020-11-11,2474293.74830384,France,mobile,2020-11-11 17:33:15.572905 UTC,2020-11-11 17:38:33.643653 UTC,5.3
2020-11-11,1996506.7082614,United States,desktop,2020-11-11 17:45:24.811171 UTC,2020-11-11 17:49:44.544352 UTC,4.32
2020-11-11,16995542.7304104,Ukraine,mobile,2020-11-11 18:13:39.610743 UTC,2020-11-11 18:17:42.715502 UTC,4.05
2020-11-11,67436238.4865042,Italy,desktop,2020-11-11 17:06:10.882474 UTC,2020-11-11 17:10:08.836244 UTC,3.95
2020-11-11,56920896.3476155,Colombia,mobile,2020-11-11 07:37:53.438530 UTC,2020-11-11 07:37:53.438530 UTC,0.0
2020-11-12,3337025.14456007,Colombia,mobile,2020-11-12 04:01:57.091840 UTC,2020-11-12 22:12:58.887331 UTC,1091.02
2020-11-12,8204448.90730982,Spain,desktop,2020-11-12 06:17:23.703810 UTC,2020-11-12 22:47:02.723333 UTC,989.65
2020-11-12,61281438.1815337,Taiwan,mobile,2020-11-12 00:34:35.383982 UTC,2020-11-12 16:34:52.548710 UTC,960.28
2020-11-12,4208419.34779868,United States,mobile,2020-11-12 03:33:40.823703 UTC,2020-11-12 06:56:50.740875 UTC,203.15
2020-11-12,49012248.5451635,South Korea,mobile,2020-11-12 13:05:30.678349 UTC,2020-11-12 15:12:23.449769 UTC,126.87
2020-11-12,58027853.8459267,United States,mobile,2020-11-12 01:36:31.363376 UTC,2020-11-12 02:42:58.873376 UTC,66.45
2020-11-12,67522359.2848039,Netherlands,mobile,2020-11-12 02:56:30.500965 UTC,2020-11-12 03:58:02.835880 UTC,61.53
2020-11-12,12921729.7383461,South Korea,desktop,2020-11-12 15:13:08.110750 UTC,2020-11-12 16:03:31.623075 UTC,50.38
2020-11-12,5805017.65221315,United States,desktop,2020-11-12 02:10:05.527476 UTC,2020-11-12 02:57:37.268145 UTC,47.52
2020-11-12,33141529.9644469,Georgia,mobile,2020-11-12 11:43:36.264604 UTC,2020-11-12 12:27:54.294366 UTC,44.3
2020-11-12,3980652.45300691,United States,desktop,2020-11-12 05:13:03.665572 UTC,2020-11-12 05:56:17.443783 UTC,43.22
2020-11-12,13889156.170843,United States,desktop,2020-11-12 10:51:26.898134 UTC,2020-11-12 11:34:18.834662 UTC,42.85
2020-11-12,23412424.1031242,United States,mobile,2020-11-12 17:35:23.874278 UTC,2020-11-12 18:14:31.275909 UTC,39.12
2020-11-12,7864799.88181899,Taiwan,desktop,2020-11-12 04:29:09.621706 UTC,2020-11-12 05:06:53.602462 UTC,37.72
2020-11-12,2734830.99922665,Netherlands,mobile,2020-11-12 04:45:10.561069 UTC,2020-11-12 05:19:44.970417 UTC,34.57
2020-11-12,47064948.101127,Canada,desktop,2020-11-12 01:26:08.786734 UTC,2020-11-12 02:00:41.378942 UTC,34.53
2020-11-12,4022952.2986902,Poland,mobile,2020-11-12 16:59:21.427055 UTC,2020-11-12 17:33:48.249959 UTC,34.43
2020-11-12,43389046.2082927,United States,desktop,2020-11-12 22:10:00.517729 UTC,2020-11-12 22:44:12.690093 UTC,34.2
2020-11-12,47004130.2614985,South Korea,mobile,2020-11-12 21:16:35.706280 UTC,2020-11-12 21:49:13.199919 UTC,32.62
2020-11-12,8404511.34085965,United States,desktop,2020-11-12 12:11:34.873622 UTC,2020-11-12 12:42:52.870841 UTC,31.28
2020-11-12,37587826.1974136,United States,mobile,2020-11-12 06:29:17.061039 UTC,2020-11-12 06:55:36.045481 UTC,26.3
2020-11-12,82950752.5128061,Poland,mobile,2020-11-12 04:39:58.831965 UTC,2020-11-12 05:00:17.548134 UTC,20.3
2020-11-12,26952918.6605768,Malaysia,desktop,2020-11-12 21:18:52.816962 UTC,2020-11-12 21:37:39.361997 UTC,18.77
2020-11-12,74159065.7287032,Denmark,desktop,2020-11-12 10:57:31.636746 UTC,2020-11-12 11:14:51.458918 UTC,17.32
2020-11-12,6564796.1290041,United States,desktop,2020-11-12 08:03:29.189988 UTC,2020-11-12 08:20:17.642455 UTC,16.8
2020-11-12,4142001.12598037,United States,mobile,2020-11-12 03:07:59.155628 UTC,2020-11-12 03:24:02.005595 UTC,16.03
2020-11-12,1163427.98378073,France,desktop,2020-11-12 13:08:01.089041 UTC,2020-11-12 13:23:22.839641 UTC,15.35
2020-11-12,79168059.5419491,United States,mobile,2020-11-12 17:14:13.796748 UTC,2020-11-12 17:27:58.502071 UTC,13.73
2020-11-12,38735433.5774488,Canada,desktop,2020-11-12 08:07:24.828576 UTC,2020-11-12 08:20:18.475742 UTC,12.88
2020-11-12,22973713.0783608,United States,desktop,2020-11-12 20:23:02.555039 UTC,2020-11-12 20:35:06.214939 UTC,12.05
2020-11-12,68200712.6673181,United States,mobile,2020-11-12 20:18:40.277434 UTC,2020-11-12 20:30:34.167018 UTC,11.88
2020-11-12,6939144.9225806,India,desktop,2020-11-12 01:22:23.504337 UTC,2020-11-12 01:33:51.895577 UTC,11.47
2020-11-12,5299488.052249,Italy,desktop,2020-11-12 17:58:20.778090 UTC,2020-11-12 18:09:32.341973 UTC,11.18
2020-11-12,85948964.9264937,Italy,mobile,2020-11-12 09:37:46.492526 UTC,2020-11-12 09:48:43.071275 UTC,10.93
2020-11-12,4808186.20331604,United States,desktop,2020-11-12 18:48:43.688058 UTC,2020-11-12 18:59:36.693296 UTC,10.88
2020-11-12,9963542.39789809,Slovenia,mobile,2020-11-12 21:32:45.250556 UTC,2020-11-12 21:43:02.956421 UTC,10.28
2020-11-12,8698666737.17109,United States,desktop,2020-11-12 07:03:56.865515 UTC,2020-11-12 07:13:54.584500 UTC,9.95
2020-11-12,7461331.44999948,India,desktop,2020-11-12 23:37:42.247488 UTC,2020-11-12 23:47:37.262961 UTC,9.92
2020-11-12,5704909.75193677,India,mobile,2020-11-12 12:14:52.787683 UTC,2020-11-12 12:24:36.395521 UTC,9.72
2020-11-12,1789139.45061326,United States,mobile,2020-11-12 18:44:10.585116 UTC,2020-11-12 18:53:37.464134 UTC,9.43
2020-11-12,7895459.81280318,Malaysia,mobile,2020-11-12 08:12:55.304310 UTC,2020-11-12 08:21:46.914912 UTC,8.85
2020-11-12,17663569.1229629,India,desktop,2020-11-12 02:12:23.482529 UTC,2020-11-12 02:21:08.734972 UTC,8.75
2020-11-12,12485307.5806877,United States,desktop,2020-11-12 09:14:34.503250 UTC,2020-11-12 09:21:45.177630 UTC,7.17
2020-11-12,2840146.15059108,United States,desktop,2020-11-12 02:07:45.961567 UTC,2020-11-12 02:14:15.145116 UTC,6.48
2020-11-12,5963534.4700679,United States,desktop,2020-11-12 16:15:30.965364 UTC,2020-11-12 16:20:13.651066 UTC,4.7
2020-11-12,8915586.31814204,India,desktop,2020-11-12 08:20:51.595984 UTC,2020-11-12 08:25:33.362613 UTC,4.68
2020-11-12,72570282.3030113,United States,desktop,2020-11-12 20:33:57.248699 UTC,2020-11-12 20:38:04.582794 UTC,4.12
2020-11-12,42807268.6210242,Ireland,mobile,2020-11-12 20:46:20.943024 UTC,2020-11-12 20:49:54.786012 UTC,3.55
2020-11-12,5312155.74100922,United States,desktop,2020-11-12 10:56:32.163286 UTC,2020-11-12 10:59:24.835950 UTC,2.87
2020-11-12,60336405.2238717,United Arab Emirates,desktop,2020-11-12 09:36:02.336567 UTC,2020-11-12 09:38:24.075945 UTC,2.35
2020-11-12,1808232.56544542,United States,desktop,2020-11-12 02:07:28.704162 UTC,2020-11-12 02:09:47.358649 UTC,2.3
2020-11-13,65136379.8546335,Spain,mobile,2020-11-13 00:01:09.569731 UTC,2020-11-13 22:47:08.319433 UTC,1365.97
2020-11-13,6709518.37733348,Turkey,mobile,2020-11-13 00:07:25.574349 UTC,2020-11-13 20:31:02.397046 UTC,1223.6
2020-11-13,18663613.9337289,United States,desktop,2020-11-13 16:29:19.318138 UTC,2020-11-13 23:57:12.515252 UTC,447.88
2020-11-13,71563215.6886463,Japan,desktop,2020-11-13 02:10:48.207017 UTC,2020-11-13 06:41:20.408671 UTC,270.53
2020-11-13,53982377.9231749,Peru,mobile,2020-11-13 05:45:22.558863 UTC,2020-11-13 09:27:31.336262 UTC,222.13
2020-11-13,4926862.79970216,India,desktop,2020-11-13 00:27:42.522838 UTC,2020-11-13 03:00:22.328132 UTC,152.65
2020-11-13,8611828.29076482,Brazil,desktop,2020-11-13 19:00:16.083472 UTC,2020-11-13 20:39:33.542768 UTC,99.28
2020-11-13,1874742.44444745,United States,desktop,2020-11-13 02:05:43.900239 UTC,2020-11-13 03:33:39.445475 UTC,87.92
2020-11-13,3392018.97969646,Canada,desktop,2020-11-13 15:26:40.829319 UTC,2020-11-13 16:54:22.732761 UTC,87.68
2020-11-13,53469191.6312753,Nigeria,mobile,2020-11-13 01:28:51.941965 UTC,2020-11-13 02:45:45.034609 UTC,76.88
2020-11-13,2509185.97718349,Canada,mobile,2020-11-13 22:03:31.001231 UTC,2020-11-13 22:58:38.307215 UTC,55.12
2020-11-13,25084453.1631449,Taiwan,desktop,2020-11-13 22:02:52.719811 UTC,2020-11-13 22:54:51.442217 UTC,51.97
2020-11-13,54971191.919277,United States,desktop,2020-11-13 20:07:14.352107 UTC,2020-11-13 20:50:02.015381 UTC,42.78
2020-11-13,51457099.0051403,United States,mobile,2020-11-13 18:00:53.083565 UTC,2020-11-13 18:37:19.476137 UTC,36.43
2020-11-13,4594297.66181902,Australia,desktop,2020-11-13 15:42:31.185131 UTC,2020-11-13 16:12:45.655117 UTC,30.23
2020-11-13,2077797.05591879,United States,desktop,2020-11-13 09:20:57.245301 UTC,2020-11-13 09:49:56.608915 UTC,28.98
2020-11-13,57630054.8770333,United States,desktop,2020-11-13 19:42:21.320739 UTC,2020-11-13 20:10:49.836018 UTC,28.47
2020-11-13,54818265.6577214,Spain,mobile,2020-11-13 20:14:37.887923 UTC,2020-11-13 20:42:47.211062 UTC,28.15
2020-11-13,86816051.5538787,Germany,desktop,2020-11-13 11:46:31.170760 UTC,2020-11-13 12:11:16.156375 UTC,24.73
2020-11-13,7406779.50479942,United States,desktop,2020-11-13 06:33:55.231682 UTC,2020-11-13 06:55:30.342345 UTC,21.58
2020-11-13,4983865.95785365,Hong Kong,desktop,2020-11-13 05:23:52.124690 UTC,2020-11-13 05:45:16.819923 UTC,21.4
2020-11-13,15492110.1286918,Portugal,mobile,2020-11-13 00:43:24.214790 UTC,2020-11-13 01:04:48.497394 UTC,21.4
2020-11-13,71206194.9159332,Canada,desktop,2020-11-13 08:05:28.943185 UTC,2020-11-13 08:26:08.164812 UTC,20.65
2020-11-13,5734190.86083917,United Kingdom,mobile,2020-11-13 06:26:14.900486 UTC,2020-11-13 06:46:37.292793 UTC,20.37
2020-11-13,82865714.7704602,United States,desktop,2020-11-13 14:59:10.091848 UTC,2020-11-13 15:19:18.017607 UTC,20.12
2020-11-13,3018471.21871543,India,desktop,2020-11-13 16:38:32.843115 UTC,2020-11-13 16:58:32.329111 UTC,19.98
2020-11-13,7446712.27268722,United States,desktop,2020-11-13 15:43:47.169064 UTC,2020-11-13 16:02:58.048493 UTC,19.17
2020-11-13,377360457.825419,United States,desktop,2020-11-13 06:52:05.384577 UTC,2020-11-13 07:10:43.909180 UTC,18.63
2020-11-13,5242740.30271103,United States,desktop,2020-11-13 13:42:28.653756 UTC,2020-11-13 14:01:05.818926 UTC,18.62
2020-11-13,1197596.69713142,Malaysia,mobile,2020-11-13 21:46:51.296496 UTC,2020-11-13 22:04:14.579932 UTC,17.38
2020-11-13,3193748.46880932,United Kingdom,mobile,2020-11-13 07:00:34.782802 UTC,2020-11-13 07:17:39.210991 UTC,17.07
2020-11-13,1908131629.6568,United States,desktop,2020-11-13 07:29:03.328199 UTC,2020-11-13 07:46:02.303126 UTC,16.97
2020-11-13,2794121.38080986,Morocco,desktop,2020-11-13 20:50:11.302624 UTC,2020-11-13 21:06:11.494307 UTC,16.0
2020-11-13,37978348.7910375,United States,desktop,2020-11-13 09:22:47.441732 UTC,2020-11-13 09:37:57.263873 UTC,15.15
2020-11-13,65032571.6974969,France,mobile,2020-11-13 19:11:28.605270 UTC,2020-11-13 19:26:21.209058 UTC,14.87
2020-11-13,7913379764.40065,United States,desktop,2020-11-13 09:00:52.490670 UTC,2020-11-13 09:15:19.480343 UTC,14.43
2020-11-13,78574452.5051085,United States,desktop,2020-11-13 13:19:49.010226 UTC,2020-11-13 13:33:42.488203 UTC,13.88
2020-11-13,4612979.84171763,United States,mobile,2020-11-13 01:18:12.712463 UTC,2020-11-13 01:31:33.635041 UTC,13.33
2020-11-13,8262649.46984366,United States,desktop,2020-11-13 14:04:32.532436 UTC,2020-11-13 14:17:00.098697 UTC,12.45
2020-11-13,74016002.601965,United States,desktop,2020-11-13 10:14:16.636025 UTC,2020-11-13 10:26:11.130237 UTC,11.9
2020-11-13,53263817.5868509,United States,mobile,2020-11-13 02:26:25.334458 UTC,2020-11-13 02:37:55.080419 UTC,11.48
2020-11-13,7041469.00776407,Philippines,mobile,2020-11-13 08:29:13.021037 UTC,2020-11-13 08:40:26.966257 UTC,11.22
2020-11-13,4295503.44108465,Canada,desktop,2020-11-13 15:54:49.079216 UTC,2020-11-13 16:05:25.110296 UTC,10.6
2020-11-13,12306432.7939489,Italy,mobile,2020-11-13 00:01:37.157705 UTC,2020-11-13 00:11:31.451611 UTC,9.9
2020-11-13,2684090.08317189,United States,desktop,2020-11-13 20:59:51.352174 UTC,2020-11-13 21:09:45.231102 UTC,9.88
2020-11-13,2476173.91047473,United States,desktop,2020-11-13 05:21:41.299879 UTC,2020-11-13 05:30:41.825357 UTC,9.0
2020-11-13,46728708.0760649,Taiwan,mobile,2020-11-13 01:36:27.382825 UTC,2020-11-13 01:45:12.571923 UTC,8.75
2020-11-13,7614640.44647304,United States,mobile,2020-11-13 22:51:23.829795 UTC,2020-11-13 22:59:55.195637 UTC,8.52
2020-11-13,2861916.50580175,Singapore,mobile,2020-11-13 02:01:52.391931 UTC,2020-11-13 02:10:18.418678 UTC,8.43
2020-11-13,2414762.31550875,United States,desktop,2020-11-13 03:26:02.349487 UTC,2020-11-13 03:34:28.121500 UTC,8.42
2020-11-13,2992162.78164958,Greece,desktop,2020-11-13 22:37:34.874083 UTC,2020-11-13 22:45:39.605888 UTC,8.07
2020-11-13,2027197.26098134,China,desktop,2020-11-13 01:18:56.604022 UTC,2020-11-13 01:26:38.053127 UTC,7.68
2020-11-13,6151599.75470103,United States,desktop,2020-11-13 16:41:06.580949 UTC,2020-11-13 16:48:37.566324 UTC,7.5
2020-11-13,5833707.46407957,Netherlands,desktop,2020-11-13 21:50:57.064245 UTC,2020-11-13 21:58:15.977625 UTC,7.3
2020-11-13,83961186.489226,Spain,desktop,2020-11-13 04:40:53.891236 UTC,2020-11-13 04:48:07.605530 UTC,7.22
2020-11-13,81834479.5125091,United States,desktop,2020-11-13 21:04:30.061238 UTC,2020-11-13 21:11:40.968075 UTC,7.17
2020-11-13,70978143.1630428,United States,mobile,2020-11-13 05:48:44.937556 UTC,2020-11-13 05:55:16.855647 UTC,6.52
2020-11-13,21534599.7083446,United States,desktop,2020-11-13 01:11:18.125717 UTC,2020-11-13 01:17:39.135106 UTC,6.35
2020-11-13,7461331.44999948,India,desktop,2020-11-13 06:16:56.319307 UTC,2020-11-13 06:22:54.586153 UTC,5.97
2020-11-13,2625733.81031632,United States,mobile,2020-11-13 13:18:36.134679 UTC,2020-11-13 13:23:38.441377 UTC,5.03
2020-11-13,60182642.3435447,United States,desktop,2020-11-13 00:02:08.332443 UTC,2020-11-13 00:07:09.837803 UTC,5.02
2020-11-13,57328124.6848846,Singapore,mobile,2020-11-13 23:37:30.523896 UTC,2020-11-13 23:42:08.761290 UTC,4.63
2020-11-13,1204621.89821883,United States,desktop,2020-11-13 12:22:47.598909 UTC,2020-11-13 12:27:04.529874 UTC,4.27
2020-11-13,4031468.22047248,United States,mobile,2020-11-13 01:32:08.671607 UTC,2020-11-13 01:36:17.870367 UTC,4.15
2020-11-13,4103364.93022461,Hong Kong,desktop,2020-11-13 08:36:37.273560 UTC,2020-11-13 08:40:26.339781 UTC,3.82
2020-11-13,7644052.72325231,Hong Kong,mobile,2020-11-13 10:10:49.326501 UTC,2020-11-13 10:13:40.991351 UTC,2.85
2020-11-14,57516363.5758729,France,mobile,2020-11-14 03:09:01.212154 UTC,2020-11-14 21:23:42.280631 UTC,1094.68
2020-11-14,5945718.9383173,United Kingdom,desktop,2020-11-14 06:36:48.177248 UTC,2020-11-14 17:52:55.941024 UTC,676.12
2020-11-14,29035347.8015724,Canada,desktop,2020-11-14 03:04:33.515797 UTC,2020-11-14 06:43:00.815816 UTC,218.45
2020-11-14,1686049.68254064,Germany,desktop,2020-11-14 02:09:56.189724 UTC,2020-11-14 05:24:55.850248 UTC,194.98
2020-11-14,7798879.32076271,United States,desktop,2020-11-14 09:12:09.204213 UTC,2020-11-14 11:33:20.025254 UTC,141.17
2020-11-14,3087694.47458989,China,mobile,2020-11-14 02:53:19.970729 UTC,2020-11-14 04:56:41.010839 UTC,123.35
2020-11-14,50234006.7156805,United States,desktop,2020-11-14 13:13:51.686632 UTC,2020-11-14 14:34:48.549893 UTC,80.93
2020-11-14,1554450.84305529,Russia,desktop,2020-11-14 06:56:03.225978 UTC,2020-11-14 07:46:46.914543 UTC,50.72
2020-11-14,6717719.53715624,Thailand,mobile,2020-11-14 04:58:50.625038 UTC,2020-11-14 05:46:20.566561 UTC,47.48
2020-11-14,5805017.65221315,United States,desktop,2020-11-14 03:32:26.484797 UTC,2020-11-14 04:12:02.589425 UTC,39.6
2020-11-14,6961838.29191221,United States,mobile,2020-11-14 22:18:29.486385 UTC,2020-11-14 22:55:03.781230 UTC,36.57
2020-11-14,10905693.225498,Chile,mobile,2020-11-14 20:11:31.890092 UTC,2020-11-14 20:39:51.866339 UTC,28.32
2020-11-14,69531375.3245954,Egypt,desktop,2020-11-14 19:51:30.616040 UTC,2020-11-14 20:19:44.028942 UTC,28.22
2020-11-14,36185608.4688744,Peru,desktop,2020-11-14 01:25:45.990844 UTC,2020-11-14 01:53:13.777940 UTC,27.45
2020-11-14,13140650.3592368,United States,mobile,2020-11-14 06:32:53.264011 UTC,2020-11-14 06:59:48.496959 UTC,26.92
2020-11-14,7444839.88042188,United States,desktop,2020-11-14 13:11:51.397611 UTC,2020-11-14 13:36:15.636800 UTC,24.4
2020-11-14,67300719.0613628,United States,desktop,2020-11-14 02:44:51.351180 UTC,2020-11-14 03:04:15.145680 UTC,19.38
2020-11-14,78124649.1656587,Italy,mobile,2020-11-14 15:40:28.017275 UTC,2020-11-14 15:59:03.178624 UTC,18.58
2020-11-14,11446993.7876701,Australia,mobile,2020-11-14 00:44:12.062320 UTC,2020-11-14 01:02:02.624547 UTC,17.83
2020-11-14,4793087.35135964,India,desktop,2020-11-14 03:01:00.318234 UTC,2020-11-14 03:16:07.079945 UTC,15.1
2020-11-14,7940945.29255512,United States,mobile,2020-11-14 05:50:02.709521 UTC,2020-11-14 06:04:48.004600 UTC,14.75
2020-11-14,82508817.4629191,Canada,mobile,2020-11-14 18:01:52.848794 UTC,2020-11-14 18:15:21.450379 UTC,13.47
2020-11-14,8872008.30039681,Turkey,desktop,2020-11-14 00:41:50.315582 UTC,2020-11-14 00:53:10.713472 UTC,11.33
2020-11-14,14702008.5250023,France,desktop,2020-11-14 18:18:31.111043 UTC,2020-11-14 18:29:49.226630 UTC,11.3
2020-11-14,46883960.6190957,Canada,desktop,2020-11-14 04:25:05.746054 UTC,2020-11-14 04:32:38.040810 UTC,7.53
2020-11-14,64797298.860814,United States,mobile,2020-11-14 00:40:25.885223 UTC,2020-11-14 00:46:30.251226 UTC,6.07
2020-11-14,23851655.0546635,Puerto Rico,mobile,2020-11-14 06:18:31.768982 UTC,2020-11-14 06:23:49.692532 UTC,5.28
2020-11-14,58202770.9352561,Indonesia,desktop,2020-11-14 16:40:51.381666 UTC,2020-11-14 16:45:47.681785 UTC,4.93
2020-11-14,16053296.231213,Canada,desktop,2020-11-14 03:08:22.222429 UTC,2020-11-14 03:12:19.514775 UTC,3.95
2020-11-15,7491772.44021578,United States,mobile,2020-11-15 14:44:30.824791 UTC,2020-11-15 18:00:29.510956 UTC,195.97
2020-11-15,4766255.68641611,United States,mobile,2020-11-15 02:32:14.195377 UTC,2020-11-15 03:36:43.874242 UTC,64.48
2020-11-15,3030394.7459625,United States,tablet,2020-11-15 16:55:53.790985 UTC,2020-11-15 17:45:35.052689 UTC,49.68
2020-11-15,46319929.6939274,India,mobile,2020-11-15 11:28:52.227620 UTC,2020-11-15 12:05:19.435960 UTC,36.45
2020-11-15,74795146.0535576,North Macedonia,desktop,2020-11-15 09:42:56.051609 UTC,2020-11-15 10:10:11.471362 UTC,27.25
2020-11-15,83509896.1101407,United States,desktop,2020-11-15 19:09:26.168900 UTC,2020-11-15 19:35:18.067225 UTC,25.85
2020-11-15,7698474.44735876,Thailand,mobile,2020-11-15 22:47:18.489623 UTC,2020-11-15 23:08:45.820271 UTC,21.45
2020-11-15,29012834.8786573,France,desktop,2020-11-15 16:45:47.711689 UTC,2020-11-15 17:05:52.110804 UTC,20.07
2020-11-15,21957871.8710533,Ireland,desktop,2020-11-15 10:55:08.919080 UTC,2020-11-15 11:14:22.744648 UTC,19.22
2020-11-15,8863355.49142343,United States,desktop,2020-11-15 08:16:02.339719 UTC,2020-11-15 08:31:04.888283 UTC,15.03
2020-11-15,67005637.6761486,United States,desktop,2020-11-15 06:34:22.396947 UTC,2020-11-15 06:47:22.818251 UTC,13.0
2020-11-15,1442181.18769798,China,mobile,2020-11-15 03:52:45.117811 UTC,2020-11-15 04:05:33.815553 UTC,12.8
2020-11-15,40346918.5536032,Spain,desktop,2020-11-15 06:03:03.476450 UTC,2020-11-15 06:15:41.731156 UTC,12.63
2020-11-15,44948793.164609,India,desktop,2020-11-15 18:24:22.833661 UTC,2020-11-15 18:36:25.118312 UTC,12.03
2020-11-15,34001109.5893008,Malaysia,desktop,2020-11-15 18:49:30.274443 UTC,2020-11-15 18:58:13.387288 UTC,8.72
2020-11-15,79677269.4180879,United States,desktop,2020-11-15 22:14:51.861850 UTC,2020-11-15 22:22:10.341586 UTC,7.3
2020-11-15,91376862.4856404,United States,mobile,2020-11-15 23:38:19.502404 UTC,2020-11-15 23:44:56.784099 UTC,6.62
2020-11-15,91950347.7626682,United States,desktop,2020-11-15 22:08:14.880213 UTC,2020-11-15 22:14:13.825016 UTC,5.97
2020-11-15,3776054.34798497,France,desktop,2020-11-15 17:45:31.245256 UTC,2020-11-15 17:51:19.231008 UTC,5.78
2020-11-15,3526931.37845021,India,mobile,2020-11-15 05:13:35.439756 UTC,2020-11-15 05:18:27.090459 UTC,4.85
2020-11-15,8245686.11334382,United States,desktop,2020-11-15 15:16:00.678487 UTC,2020-11-15 15:19:18.373130 UTC,3.28
2020-11-16,73103431.3740237,United States,desktop,2020-11-16 02:14:25.669656 UTC,2020-11-16 15:27:42.995106 UTC,793.28
2020-11-16,84868240.4309852,France,desktop,2020-11-16 05:38:02.211984 UTC,2020-11-16 17:51:48.943112 UTC,733.77
2020-11-16,2145702.33464559,United States,mobile,2020-11-16 06:02:55.318058 UTC,2020-11-16 13:12:25.430944 UTC,429.5
2020-11-16,30129503.7074362,India,desktop,2020-11-16 16:36:11.899922 UTC,2020-11-16 23:16:53.336648 UTC,400.68
2020-11-16,71409956.22056,Israel,desktop,2020-11-16 03:19:28.629472 UTC,2020-11-16 08:55:34.821237 UTC,336.1
2020-11-16,25657754.5389902,United States,desktop,2020-11-16 06:32:42.293582 UTC,2020-11-16 09:17:35.496841 UTC,164.88
2020-11-16,2128409.32487822,Turkey,mobile,2020-11-16 13:51:36.796795 UTC,2020-11-16 15:58:34.970021 UTC,126.97
2020-11-16,3370196.04608756,United States,desktop,2020-11-16 21:43:52.230158 UTC,2020-11-16 22:45:49.154336 UTC,61.93
2020-11-16,7534419.79333265,United States,desktop,2020-11-16 19:23:53.377238 UTC,2020-11-16 20:18:49.980661 UTC,54.93
2020-11-16,6842193.07483488,United States,desktop,2020-11-16 19:32:45.708738 UTC,2020-11-16 20:27:00.850703 UTC,54.25
2020-11-16,72114424.5827774,India,mobile,2020-11-16 15:11:13.780307 UTC,2020-11-16 16:05:00.115252 UTC,53.77
2020-11-16,8505047.59665972,United States,desktop,2020-11-16 06:50:11.780589 UTC,2020-11-16 07:40:01.277115 UTC,49.82
2020-11-16,31609110.7543527,United States,desktop,2020-11-16 15:25:40.044590 UTC,2020-11-16 16:14:54.118720 UTC,49.23
2020-11-16,18938448.3710776,Canada,desktop,2020-11-16 23:06:18.616868 UTC,2020-11-16 23:54:41.647554 UTC,48.38
2020-11-16,46622969.7099107,Peru,desktop,2020-11-16 12:02:19.228751 UTC,2020-11-16 12:41:32.404616 UTC,39.22
2020-11-16,4055873.28045732,Thailand,mobile,2020-11-16 08:04:40.828155 UTC,2020-11-16 08:41:24.837133 UTC,36.73
2020-11-16,17209917.8498366,Israel,desktop,2020-11-16 17:38:11.665939 UTC,2020-11-16 18:13:17.517650 UTC,35.08
2020-11-16,5469445.51625379,United States,mobile,2020-11-16 00:36:18.221042 UTC,2020-11-16 01:10:12.649031 UTC,33.9
2020-11-16,84804701.0609767,United States,mobile,2020-11-16 11:55:50.932010 UTC,2020-11-16 12:28:48.368827 UTC,32.95
2020-11-16,1951144.24725903,United States,desktop,2020-11-16 22:19:49.592437 UTC,2020-11-16 22:47:20.820579 UTC,27.52
2020-11-16,30509185.4786918,Vietnam,tablet,2020-11-16 18:43:00.916695 UTC,2020-11-16 19:09:27.230639 UTC,26.43
2020-11-16,24524364.1326643,New Zealand,desktop,2020-11-16 16:20:48.083520 UTC,2020-11-16 16:45:10.914648 UTC,24.37
2020-11-16,51605325.8215613,United States,mobile,2020-11-16 16:34:57.649653 UTC,2020-11-16 16:58:01.497449 UTC,23.05
2020-11-16,8206027.95976483,Canada,mobile,2020-11-16 21:13:29.016268 UTC,2020-11-16 21:35:05.206716 UTC,21.6
2020-11-16,3854148056.21493,United States,mobile,2020-11-16 14:13:30.760200 UTC,2020-11-16 14:34:36.990014 UTC,21.1
2020-11-16,38616734.56964,Japan,mobile,2020-11-16 09:54:14.104060 UTC,2020-11-16 10:15:16.996251 UTC,21.03
2020-11-16,80041864.0490284,Czechia,tablet,2020-11-16 23:31:24.883084 UTC,2020-11-16 23:51:52.569463 UTC,20.45
2020-11-16,13050580.3695394,India,desktop,2020-11-16 03:53:36.861590 UTC,2020-11-16 04:13:54.813019 UTC,20.28
2020-11-16,8985775.94640378,Vietnam,mobile,2020-11-16 03:05:49.254859 UTC,2020-11-16 03:25:55.485300 UTC,20.1
2020-11-16,1457551.98134233,United States,desktop,2020-11-16 14:03:42.081229 UTC,2020-11-16 14:23:03.835320 UTC,19.35
2020-11-16,63582954.2006378,United States,desktop,2020-11-16 22:03:25.849229 UTC,2020-11-16 22:22:22.626964 UTC,18.93
2020-11-16,52425787.487189,Kenya,mobile,2020-11-16 00:31:06.626859 UTC,2020-11-16 00:49:37.007506 UTC,18.5
2020-11-16,3432659.98586728,United States,mobile,2020-11-16 15:33:15.522493 UTC,2020-11-16 15:51:20.088430 UTC,18.07
2020-11-16,3135759.69315168,United States,mobile,2020-11-16 20:43:02.360162 UTC,2020-11-16 21:00:47.886875 UTC,17.75
2020-11-16,27930167.3476656,United States,desktop,2020-11-16 16:31:16.256505 UTC,2020-11-16 16:47:12.535061 UTC,15.93
2020-11-16,74980629.0277968,Philippines,mobile,2020-11-16 06:40:54.530783 UTC,2020-11-16 06:56:29.055403 UTC,15.57
2020-11-16,34976491.2114125,United States,desktop,2020-11-16 15:46:41.833807 UTC,2020-11-16 16:01:38.666853 UTC,14.93
2020-11-16,66000056.311179,Canada,desktop,2020-11-16 13:13:33.394375 UTC,2020-11-16 13:28:09.497946 UTC,14.6
2020-11-16,1772610.25355709,France,desktop,2020-11-16 23:35:16.672067 UTC,2020-11-16 23:49:41.684602 UTC,14.42
2020-11-16,4121733.23510431,United States,desktop,2020-11-16 11:19:50.876796 UTC,2020-11-16 11:31:50.516272 UTC,11.98
2020-11-16,30393122.5908151,United States,tablet,2020-11-16 05:03:47.938643 UTC,2020-11-16 05:15:44.310459 UTC,11.93
2020-11-16,30199985.4509664,United States,mobile,2020-11-16 23:44:35.772634 UTC,2020-11-16 23:56:31.954970 UTC,11.93
2020-11-16,71723112.6543112,United States,desktop,2020-11-16 22:10:36.332250 UTC,2020-11-16 22:22:20.762502 UTC,11.73
2020-11-16,85169862.5219568,United States,mobile,2020-11-16 05:17:59.861184 UTC,2020-11-16 05:29:35.931028 UTC,11.6
2020-11-16,73892202.6179415,Canada,mobile,2020-11-16 00:02:49.194796 UTC,2020-11-16 00:14:21.071676 UTC,11.52
2020-11-16,79061268.0848182,Lebanon,desktop,2020-11-16 04:49:52.684187 UTC,2020-11-16 05:00:43.666878 UTC,10.83
2020-11-16,1279990.27905697,United States,desktop,2020-11-16 11:22:24.576650 UTC,2020-11-16 11:33:09.189265 UTC,10.73
2020-11-16,32328904.684027,Mexico,mobile,2020-11-16 06:37:33.733296 UTC,2020-11-16 06:47:36.272848 UTC,10.03
2020-11-16,27701936.3565936,Slovakia,mobile,2020-11-16 04:10:50.983753 UTC,2020-11-16 04:20:35.900721 UTC,9.73
2020-11-16,85358226.8287152,India,desktop,2020-11-16 22:49:05.721622 UTC,2020-11-16 22:58:18.963432 UTC,9.22
2020-11-16,12370832.6369217,United States,mobile,2020-11-16 09:28:11.158557 UTC,2020-11-16 09:37:07.735847 UTC,8.93
2020-11-16,42463554.1409769,Canada,mobile,2020-11-16 05:41:17.375777 UTC,2020-11-16 05:50:07.366944 UTC,8.82
2020-11-16,49288108.7792907,India,mobile,2020-11-16 20:07:20.946939 UTC,2020-11-16 20:16:03.995599 UTC,8.72
2020-11-16,7644155580.39156,Canada,mobile,2020-11-16 17:54:01.873144 UTC,2020-11-16 18:02:42.206772 UTC,8.67
2020-11-16,1451078.8215732,Spain,desktop,2020-11-16 05:50:16.452264 UTC,2020-11-16 05:58:46.389066 UTC,8.48
2020-11-16,2673583.90304832,United States,desktop,2020-11-16 00:27:16.771294 UTC,2020-11-16 00:35:44.737484 UTC,8.45
2020-11-16,79964492.7086086,United States,desktop,2020-11-16 18:13:25.610795 UTC,2020-11-16 18:21:50.111346 UTC,8.4
2020-11-16,4650505.54251077,United States,desktop,2020-11-16 10:00:07.993811 UTC,2020-11-16 10:08:22.262121 UTC,8.23
2020-11-16,8736894.08632871,United States,mobile,2020-11-16 07:02:03.307355 UTC,2020-11-16 07:10:10.053973 UTC,8.1
2020-11-16,22959829.9343465,India,mobile,2020-11-16 22:42:32.411497 UTC,2020-11-16 22:50:26.506486 UTC,7.9
2020-11-16,5633735326.34898,Canada,desktop,2020-11-16 17:04:09.146788 UTC,2020-11-16 17:10:41.912465 UTC,6.53
2020-11-16,60446028.7543336,Poland,mobile,2020-11-16 07:13:23.595309 UTC,2020-11-16 07:19:39.803180 UTC,6.27
2020-11-16,7668287.69097844,United States,desktop,2020-11-16 20:54:50.283907 UTC,2020-11-16 20:59:43.590594 UTC,4.88
2020-11-16,76343549.7157495,United States,desktop,2020-11-16 10:49:44.597761 UTC,2020-11-16 10:54:12.534489 UTC,4.45
2020-11-16,15735778.2870917,South Korea,desktop,2020-11-16 20:12:19.560511 UTC,2020-11-16 20:15:59.639497 UTC,3.67
2020-11-16,27584951.2526782,United States,desktop,2020-11-16 02:05:31.612090 UTC,2020-11-16 02:08:35.862724 UTC,3.07
2020-11-16,5951503.28308676,Brazil,desktop,2020-11-16 00:00:00.853043 UTC,2020-11-16 00:02:01.680924 UTC,2.0
2020-11-16,11704860.5685851,United States,mobile,2020-11-16 17:34:41.396252 UTC,2020-11-16 17:36:14.268420 UTC,1.53
2020-11-17,22163228.0919031,United States,mobile,2020-11-17 06:23:50.724994 UTC,2020-11-17 17:15:10.612935 UTC,651.32
2020-11-17,89822931.5917917,Canada,desktop,2020-11-17 14:15:29.484357 UTC,2020-11-17 21:23:18.630957 UTC,427.82
2020-11-17,49777952.2680869,United States,desktop,2020-11-17 13:53:44.482154 UTC,2020-11-17 20:46:44.189439 UTC,412.98
2020-11-17,8478888.84860036,Tunisia,desktop,2020-11-17 15:31:42.811915 UTC,2020-11-17 21:32:47.152877 UTC,361.07
2020-11-17,1336541.80897672,Canada,desktop,2020-11-17 00:40:28.460935 UTC,2020-11-17 04:49:46.146541 UTC,249.28
2020-11-17,36563255.8188004,United States,mobile,2020-11-17 07:39:06.456883 UTC,2020-11-17 11:41:40.101106 UTC,242.55
2020-11-17,7269989.24937688,Taiwan,mobile,2020-11-17 04:42:18.826939 UTC,2020-11-17 07:40:44.877989 UTC,178.43
2020-11-17,31713671.8301075,United States,desktop,2020-11-17 05:10:59.887104 UTC,2020-11-17 07:57:22.438585 UTC,166.37
2020-11-17,1720059.79803762,Mexico,desktop,2020-11-17 00:27:15.828554 UTC,2020-11-17 02:49:01.525225 UTC,141.75
2020-11-17,3925352.73541063,Uruguay,mobile,2020-11-17 03:43:55.662449 UTC,2020-11-17 05:57:49.188256 UTC,133.88
2020-11-17,73606327.4930028,United States,mobile,2020-11-17 06:17:27.100151 UTC,2020-11-17 08:04:59.988573 UTC,107.53
2020-11-17,34023241.0497666,France,mobile,2020-11-17 18:33:24.426447 UTC,2020-11-17 20:08:45.718786 UTC,95.35
2020-11-17,6424047.8666679,United States,mobile,2020-11-17 05:38:01.743236 UTC,2020-11-17 07:10:06.476710 UTC,92.07
2020-11-17,12291446.3815334,United States,mobile,2020-11-17 05:37:49.124485 UTC,2020-11-17 07:07:57.179549 UTC,90.13
2020-11-17,2017544.15705063,India,mobile,2020-11-17 04:11:16.789056 UTC,2020-11-17 05:30:33.251206 UTC,79.27
2020-11-17,32903632.0574579,Sweden,desktop,2020-11-17 09:13:01.530466 UTC,2020-11-17 10:25:37.293612 UTC,72.58
2020-11-17,4638232.03521952,Sweden,mobile,2020-11-17 13:19:33.911582 UTC,2020-11-17 14:30:37.353270 UTC,71.05
2020-11-17,53271954.4292633,United States,desktop,2020-11-17 14:57:56.502829 UTC,2020-11-17 15:52:45.616360 UTC,54.82
2020-11-17,51608821.0291355,United States,mobile,2020-11-17 05:45:47.946060 UTC,2020-11-17 06:40:23.174196 UTC,54.58
2020-11-17,97619147.3055572,United States,mobile,2020-11-17 03:59:43.460493 UTC,2020-11-17 04:43:26.178205 UTC,43.7
2020-11-17,1165995.59567875,Brazil,mobile,2020-11-17 06:48:57.946266 UTC,2020-11-17 07:31:50.279562 UTC,42.87
2020-11-17,7531952.86597638,Israel,mobile,2020-11-17 04:46:59.733578 UTC,2020-11-17 05:28:47.069982 UTC,41.78
2020-11-17,2708313.89917392,Nigeria,desktop,2020-11-17 15:55:20.738978 UTC,2020-11-17 16:33:43.966602 UTC,38.38
2020-11-17,8990340.33165428,Taiwan,desktop,2020-11-17 02:54:50.123981 UTC,2020-11-17 03:27:59.218752 UTC,33.15
2020-11-17,8363038.70117496,United States,desktop,2020-11-17 23:22:05.811770 UTC,2020-11-17 23:54:29.590771 UTC,32.38
2020-11-17,23684852.7409567,India,desktop,2020-11-17 20:53:05.373105 UTC,2020-11-17 21:25:09.230242 UTC,32.05
2020-11-17,5558273.24921981,Spain,desktop,2020-11-17 07:11:58.981845 UTC,2020-11-17 07:43:54.518200 UTC,31.92
2020-11-17,7453835.75137619,Thailand,mobile,2020-11-17 18:41:05.096607 UTC,2020-11-17 19:12:19.323240 UTC,31.23
2020-11-17,11174427.4523965,United States,mobile,2020-11-17 18:15:56.866671 UTC,2020-11-17 18:46:47.553913 UTC,30.83
2020-11-17,43930190.6916774,United States,desktop,2020-11-17 01:53:47.573981 UTC,2020-11-17 02:23:11.535437 UTC,29.38
2020-11-17,54190735.3679282,India,mobile,2020-11-17 14:08:37.209345 UTC,2020-11-17 14:32:03.761680 UTC,23.43
2020-11-17,7808489.03434927,Russia,mobile,2020-11-17 06:39:47.169612 UTC,2020-11-17 07:02:53.003132 UTC,23.08
2020-11-17,7890615.02255305,United States,desktop,2020-11-17 17:47:08.632619 UTC,2020-11-17 18:09:24.115854 UTC,22.25
2020-11-17,34360015.5039813,United States,desktop,2020-11-17 15:52:15.896352 UTC,2020-11-17 16:10:31.202112 UTC,18.25
2020-11-17,4546674.91683896,United States,mobile,2020-11-17 21:22:38.454498 UTC,2020-11-17 21:40:48.931059 UTC,18.17
2020-11-17,3188737051.88364,India,desktop,2020-11-17 16:28:44.545225 UTC,2020-11-17 16:45:11.870240 UTC,16.45
2020-11-17,7195542.35138172,Denmark,desktop,2020-11-17 02:42:41.671753 UTC,2020-11-17 02:58:45.805270 UTC,16.07
2020-11-17,74546001.3718778,Czechia,desktop,2020-11-17 10:32:18.952451 UTC,2020-11-17 10:47:19.527153 UTC,15.0
2020-11-17,5002787.95835372,Taiwan,mobile,2020-11-17 07:40:36.533324 UTC,2020-11-17 07:55:01.561690 UTC,14.42
2020-11-17,82819933.0760343,India,desktop,2020-11-17 09:51:16.821531 UTC,2020-11-17 10:05:34.023053 UTC,14.28
2020-11-17,39913337.5078425,United States,mobile,2020-11-17 08:36:57.885088 UTC,2020-11-17 08:51:11.544066 UTC,14.22
2020-11-17,5370675.21579711,Canada,mobile,2020-11-17 10:20:41.776528 UTC,2020-11-17 10:34:37.423197 UTC,13.92
2020-11-17,35449521.7467347,India,desktop,2020-11-17 20:57:59.947468 UTC,2020-11-17 21:11:53.634016 UTC,13.88
2020-11-17,7153024.51153701,Australia,mobile,2020-11-17 04:41:30.008735 UTC,2020-11-17 04:54:57.448193 UTC,13.45
2020-11-17,13654113.896673,Japan,desktop,2020-11-17 03:46:10.057756 UTC,2020-11-17 03:58:40.120701 UTC,12.5
2020-11-17,2221470.3700307,United States,desktop,2020-11-17 09:20:55.093998 UTC,2020-11-17 09:33:10.178974 UTC,12.25
2020-11-17,1207697.7765216,Ireland,desktop,2020-11-17 10:26:05.739717 UTC,2020-11-17 10:38:08.560339 UTC,12.03
2020-11-17,5050331.65995374,Germany,desktop,2020-11-17 05:29:59.992295 UTC,2020-11-17 05:41:44.454840 UTC,11.73
2020-11-17,12877939.3694492,United States,desktop,2020-11-17 07:49:39.747074 UTC,2020-11-17 08:01:22.928051 UTC,11.72
2020-11-17,8462310.91380303,Brazil,desktop,2020-11-17 02:01:11.156952 UTC,2020-11-17 02:12:53.861778 UTC,11.7
2020-11-17,2201383.21194967,United States,desktop,2020-11-17 15:32:32.351642 UTC,2020-11-17 15:44:14.527319 UTC,11.7
2020-11-17,3158904.47981964,Canada,mobile,2020-11-17 22:19:10.988495 UTC,2020-11-17 22:30:29.954166 UTC,11.3
2020-11-17,7028601.6018983,United States,desktop,2020-11-17 15:41:22.376261 UTC,2020-11-17 15:52:40.302421 UTC,11.28
2020-11-17,25633552.733301,Hong Kong,mobile,2020-11-17 18:25:50.503187 UTC,2020-11-17 18:36:56.645885 UTC,11.1
2020-11-17,85065615.9182483,India,desktop,2020-11-17 19:40:31.882125 UTC,2020-11-17 19:51:33.655778 UTC,11.02
2020-11-17,8798966.0388484,United Kingdom,desktop,2020-11-17 08:14:08.472109 UTC,2020-11-17 08:25:03.346065 UTC,10.9
2020-11-17,4951108.2778514,United Kingdom,desktop,2020-11-17 23:41:10.807859 UTC,2020-11-17 23:50:47.548661 UTC,9.6
2020-11-17,43046171.395794,United States,desktop,2020-11-17 13:17:08.936472 UTC,2020-11-17 13:26:41.991318 UTC,9.55
2020-11-17,23822680.9624813,United States,mobile,2020-11-17 17:33:13.279413 UTC,2020-11-17 17:42:35.210888 UTC,9.35
2020-11-17,56300115.7478494,Philippines,mobile,2020-11-17 17:39:15.998293 UTC,2020-11-17 17:48:18.007256 UTC,9.03
2020-11-17,24851076.8537081,United States,desktop,2020-11-17 08:05:01.262369 UTC,2020-11-17 08:13:59.524819 UTC,8.97
2020-11-17,6652977.10278738,Japan,desktop,2020-11-17 16:55:13.823959 UTC,2020-11-17 17:03:23.465605 UTC,8.15
2020-11-17,69422630.5424369,France,desktop,2020-11-17 01:48:28.460175 UTC,2020-11-17 01:56:34.773297 UTC,8.1
2020-11-17,46589160.1790293,India,desktop,2020-11-17 13:19:22.789616 UTC,2020-11-17 13:27:28.883624 UTC,8.1
2020-11-17,88104982.4975566,United States,mobile,2020-11-17 01:12:16.767604 UTC,2020-11-17 01:20:16.933949 UTC,8.0
2020-11-17,25681781.7210716,Canada,mobile,2020-11-17 09:35:03.006551 UTC,2020-11-17 09:42:39.120195 UTC,7.6
2020-11-17,8706769250.98387,India,desktop,2020-11-17 03:35:38.038975 UTC,2020-11-17 03:43:13.706839 UTC,7.58
2020-11-17,87783631.7181333,United States,desktop,2020-11-17 10:29:14.557023 UTC,2020-11-17 10:36:50.013834 UTC,7.58
2020-11-17,29578272.7881196,United States,desktop,2020-11-17 10:56:24.336804 UTC,2020-11-17 11:03:58.430988 UTC,7.57
2020-11-17,84868240.4309852,France,desktop,2020-11-17 17:56:27.430708 UTC,2020-11-17 18:03:30.828289 UTC,7.05
2020-11-17,8758227.82533276,United States,desktop,2020-11-17 23:34:40.186984 UTC,2020-11-17 23:41:12.650769 UTC,6.53
2020-11-17,5811878.70744297,United States,mobile,2020-11-17 07:32:56.822659 UTC,2020-11-17 07:39:25.706963 UTC,6.47
2020-11-17,2027812590.31504,United States,mobile,2020-11-17 07:24:21.832349 UTC,2020-11-17 07:30:30.762862 UTC,6.13
2020-11-17,5817047.83506693,United States,mobile,2020-11-17 16:54:00.143341 UTC,2020-11-17 16:59:49.898627 UTC,5.82
2020-11-17,70013731.5220508,United States,mobile,2020-11-17 12:38:48.069513 UTC,2020-11-17 12:44:30.244363 UTC,5.7
2020-11-17,7254379.8573622,South Korea,desktop,2020-11-17 05:25:56.596290 UTC,2020-11-17 05:31:37.036537 UTC,5.67
2020-11-17,6801200.89682417,Mexico,desktop,2020-11-17 01:20:17.452604 UTC,2020-11-17 01:25:25.779605 UTC,5.13
2020-11-17,2641867.93140091,Spain,mobile,2020-11-17 11:57:31.339513 UTC,2020-11-17 12:02:35.423907 UTC,5.07
2020-11-17,3432659.98586728,United States,mobile,2020-11-17 07:54:08.239031 UTC,2020-11-17 07:59:08.903270 UTC,5.0
2020-11-17,45350993.6558584,Canada,desktop,2020-11-17 09:26:06.974530 UTC,2020-11-17 09:30:52.914810 UTC,4.75
2020-11-17,35388939.9653515,Germany,desktop,2020-11-17 15:33:37.571421 UTC,2020-11-17 15:38:15.489224 UTC,4.62
2020-11-17,12453465.5603334,United States,desktop,2020-11-17 19:50:22.605497 UTC,2020-11-17 19:54:02.310810 UTC,3.65
2020-11-17,2476173.91047473,United States,desktop,2020-11-17 00:02:10.019951 UTC,2020-11-17 00:05:28.532296 UTC,3.3
2020-11-17,40346918.5536032,Spain,desktop,2020-11-17 02:24:01.765721 UTC,2020-11-17 02:27:01.491284 UTC,2.98
2020-11-17,1279990.27905697,United States,desktop,2020-11-17 14:39:39.293641 UTC,2020-11-17 14:41:32.699937 UTC,1.88
2020-11-18,57062019.193084,United States,mobile,2020-11-18 02:30:08.429302 UTC,2020-11-18 20:46:36.639979 UTC,1096.47
2020-11-18,41590177.4228524,United States,desktop,2020-11-18 08:13:28.886677 UTC,2020-11-18 18:02:21.393586 UTC,588.87
2020-11-18,69449470.6900964,United States,mobile,2020-11-18 08:27:18.589449 UTC,2020-11-18 14:55:50.899260 UTC,388.53
2020-11-18,71727250.2189553,United States,mobile,2020-11-18 16:57:34.793467 UTC,2020-11-18 20:13:33.865388 UTC,195.98
2020-11-18,45732822.6958771,United States,desktop,2020-11-18 08:00:30.569831 UTC,2020-11-18 11:09:06.487379 UTC,188.58
2020-11-18,38970589.1095437,Ireland,mobile,2020-11-18 20:32:40.972506 UTC,2020-11-18 22:54:42.945316 UTC,142.02
2020-11-18,80921507.139335,India,desktop,2020-11-18 05:01:02.506756 UTC,2020-11-18 06:21:49.939449 UTC,80.78
2020-11-18,8575512403.12385,Canada,desktop,2020-11-18 14:15:57.022115 UTC,2020-11-18 15:21:07.872368 UTC,65.17
2020-11-18,12291446.3815334,United States,mobile,2020-11-18 01:16:02.437012 UTC,2020-11-18 02:18:46.987034 UTC,62.73
2020-11-18,41434088.5731372,United States,desktop,2020-11-18 10:37:12.600537 UTC,2020-11-18 11:18:41.990654 UTC,41.48
2020-11-18,7150186.69265544,India,mobile,2020-11-18 17:34:53.527235 UTC,2020-11-18 18:13:23.634594 UTC,38.5
2020-11-18,37308413.7975307,Canada,mobile,2020-11-18 02:08:02.327947 UTC,2020-11-18 02:45:58.133969 UTC,37.92
2020-11-18,3092987668.52573,United States,desktop,2020-11-18 17:18:36.558841 UTC,2020-11-18 17:54:43.354731 UTC,36.1
2020-11-18,1902955797.75153,United States,mobile,2020-11-18 23:07:36.474293 UTC,2020-11-18 23:43:10.989852 UTC,35.57
2020-11-18,12344534.0893063,Singapore,desktop,2020-11-18 02:40:27.981480 UTC,2020-11-18 03:10:33.070430 UTC,30.08
2020-11-18,3970244.0843404,Netherlands,desktop,2020-11-18 17:56:30.205458 UTC,2020-11-18 18:25:30.476089 UTC,29.0
2020-11-18,43139770.9421518,United States,mobile,2020-11-18 17:40:00.423777 UTC,2020-11-18 18:08:56.374947 UTC,28.92
2020-11-18,48579992.6520915,Singapore,mobile,2020-11-18 18:44:19.887622 UTC,2020-11-18 19:08:49.395877 UTC,24.48
2020-11-18,14525425.6643981,China,desktop,2020-11-18 05:53:02.450315 UTC,2020-11-18 06:16:53.187418 UTC,23.83
2020-11-18,3323630.22425793,Netherlands,mobile,2020-11-18 10:16:10.850935 UTC,2020-11-18 10:38:52.415485 UTC,22.68
2020-11-18,76356424.0978454,United States,desktop,2020-11-18 21:53:47.119426 UTC,2020-11-18 22:16:25.541746 UTC,22.63
2020-11-18,88260882.4631526,United States,mobile,2020-11-18 06:04:04.127241 UTC,2020-11-18 06:26:24.720532 UTC,22.33
2020-11-18,5312155.74100922,United States,desktop,2020-11-18 11:29:40.563755 UTC,2020-11-18 11:48:42.655446 UTC,19.03
2020-11-18,5475603.03897782,Ireland,mobile,2020-11-18 05:37:39.816401 UTC,2020-11-18 05:54:25.346738 UTC,16.75
2020-11-18,6037505.20827126,United States,mobile,2020-11-18 01:54:46.512290 UTC,2020-11-18 02:11:30.473883 UTC,16.72
2020-11-18,16533293.5005173,United States,desktop,2020-11-18 09:11:45.708850 UTC,2020-11-18 09:27:10.536118 UTC,15.4
2020-11-18,73039691.3592091,United States,desktop,2020-11-18 01:57:57.052662 UTC,2020-11-18 02:13:08.952902 UTC,15.18
2020-11-18,5315363.02300265,United Kingdom,mobile,2020-11-18 04:49:10.721491 UTC,2020-11-18 05:03:50.282356 UTC,14.65
2020-11-18,80975437.64517,United States,desktop,2020-11-18 16:04:56.669412 UTC,2020-11-18 16:19:13.025291 UTC,14.27
2020-11-18,3891526.7366315,United States,mobile,2020-11-18 03:14:12.717381 UTC,2020-11-18 03:27:29.341025 UTC,13.27
2020-11-18,15903616.8819952,United States,desktop,2020-11-18 11:27:50.908531 UTC,2020-11-18 11:40:40.293027 UTC,12.82
2020-11-18,56162479.7328415,United States,mobile,2020-11-18 14:41:19.453280 UTC,2020-11-18 14:54:01.718603 UTC,12.7
2020-11-18,2912765.28070328,Italy,desktop,2020-11-18 12:07:32.382858 UTC,2020-11-18 12:20:09.695819 UTC,12.62
2020-11-18,41141552.8387155,Poland,mobile,2020-11-18 07:42:49.201087 UTC,2020-11-18 07:55:18.536254 UTC,12.48
2020-11-18,36342934.1053894,United States,mobile,2020-11-18 05:39:09.537174 UTC,2020-11-18 05:51:10.004699 UTC,12.0
2020-11-18,3562907.67272549,United States,desktop,2020-11-18 16:03:02.187495 UTC,2020-11-18 16:14:27.232534 UTC,11.42
2020-11-18,51848909.4124639,France,desktop,2020-11-18 06:19:19.980533 UTC,2020-11-18 06:29:58.329617 UTC,10.63
2020-11-18,92072022.0613567,India,desktop,2020-11-18 16:04:45.079149 UTC,2020-11-18 16:14:31.701862 UTC,9.77
2020-11-18,57966618.4492876,Canada,desktop,2020-11-18 09:27:17.050100 UTC,2020-11-18 09:36:58.979451 UTC,9.68
2020-11-18,8822878673.49749,Poland,desktop,2020-11-18 12:21:57.967750 UTC,2020-11-18 12:30:55.752957 UTC,8.95
2020-11-18,8016178.06130258,United States,mobile,2020-11-18 05:23:55.713149 UTC,2020-11-18 05:32:27.376354 UTC,8.52
2020-11-18,6134557.26621211,Nigeria,mobile,2020-11-18 15:08:59.198862 UTC,2020-11-18 15:16:58.977898 UTC,7.98
2020-11-18,4202156.83142554,United States,mobile,2020-11-18 19:22:04.146007 UTC,2020-11-18 19:29:20.195857 UTC,7.27
2020-11-18,80598518.3764258,United States,mobile,2020-11-18 18:58:54.247780 UTC,2020-11-18 19:05:56.922865 UTC,7.03
2020-11-18,24745771.8606465,United States,desktop,2020-11-18 08:33:00.368242 UTC,2020-11-18 08:39:47.122746 UTC,6.77
2020-11-18,2756907.54635309,Costa Rica,mobile,2020-11-18 02:48:33.340473 UTC,2020-11-18 02:54:59.599792 UTC,6.43
2020-11-18,4292153.8730497,United States,desktop,2020-11-18 20:17:43.842019 UTC,2020-11-18 20:23:37.729685 UTC,5.88
2020-11-18,6006535.51683723,India,desktop,2020-11-18 11:41:05.053628 UTC,2020-11-18 11:46:54.909883 UTC,5.82
2020-11-18,76236262.3256398,Pakistan,desktop,2020-11-18 03:58:44.983189 UTC,2020-11-18 04:03:35.213576 UTC,4.83
2020-11-19,5407612.31417581,Australia,desktop,2020-11-19 01:36:13.112634 UTC,2020-11-19 12:59:15.224119 UTC,683.03
2020-11-19,1706011.84613953,United States,desktop,2020-11-19 09:17:08.466396 UTC,2020-11-19 14:57:02.394697 UTC,339.88
2020-11-19,48159916.2278332,United States,mobile,2020-11-19 07:01:42.684628 UTC,2020-11-19 10:51:48.798073 UTC,230.1
2020-11-19,72491659.83417,Germany,desktop,2020-11-19 04:03:16.647548 UTC,2020-11-19 06:32:51.327603 UTC,149.57
2020-11-19,1317256.84513596,United States,desktop,2020-11-19 12:13:10.010230 UTC,2020-11-19 14:41:36.300160 UTC,148.43
2020-11-19,3402018.02910816,Vietnam,mobile,2020-11-19 13:24:40.764008 UTC,2020-11-19 15:46:51.921495 UTC,142.18
2020-11-19,1603505.56218244,United States,desktop,2020-11-19 11:30:13.718569 UTC,2020-11-19 13:35:45.941346 UTC,125.53
2020-11-19,7013729.34909922,Netherlands,mobile,2020-11-19 13:17:39.049287 UTC,2020-11-19 15:13:03.157839 UTC,115.4
2020-11-19,6035403.01512681,United Kingdom,desktop,2020-11-19 03:19:24.418148 UTC,2020-11-19 04:04:31.799168 UTC,45.12
2020-11-19,55800996.4365989,India,mobile,2020-11-19 18:47:27.630569 UTC,2020-11-19 19:31:34.097409 UTC,44.1
2020-11-19,6603816.51402926,Netherlands,desktop,2020-11-19 07:52:41.470838 UTC,2020-11-19 08:32:28.516096 UTC,39.78
2020-11-19,26869413.1979446,United States,desktop,2020-11-19 20:48:47.056397 UTC,2020-11-19 21:18:46.738812 UTC,29.98
2020-11-19,91330895.7800746,South Korea,desktop,2020-11-19 14:54:13.838360 UTC,2020-11-19 15:23:31.624356 UTC,29.28
2020-11-19,3398888.3003961,India,desktop,2020-11-19 10:36:50.622485 UTC,2020-11-19 11:03:38.840726 UTC,26.8
2020-11-19,7305312.07732048,United States,mobile,2020-11-19 07:52:38.870210 UTC,2020-11-19 08:18:08.018762 UTC,25.48
2020-11-19,51270177.6841667,India,desktop,2020-11-19 16:45:56.790103 UTC,2020-11-19 17:10:48.740457 UTC,24.85
2020-11-19,7019543.7153257,Turkey,mobile,2020-11-19 20:38:44.415900 UTC,2020-11-19 21:01:56.066401 UTC,23.18
2020-11-19,88827381.9303945,Malaysia,desktop,2020-11-19 13:27:40.871910 UTC,2020-11-19 13:50:32.446113 UTC,22.85
2020-11-19,5637710.49369077,Mexico,mobile,2020-11-19 04:49:27.826057 UTC,2020-11-19 05:11:22.950674 UTC,21.92
2020-11-19,49394451.7466103,Sri Lanka,mobile,2020-11-19 05:43:34.053394 UTC,2020-11-19 06:04:25.689116 UTC,20.85
2020-11-19,20303703.1154814,India,desktop,2020-11-19 12:12:41.934148 UTC,2020-11-19 12:30:05.564700 UTC,17.38
2020-11-19,5173366.04375124,Peru,desktop,2020-11-19 15:37:08.477646 UTC,2020-11-19 15:54:29.473139 UTC,17.33
2020-11-19,2660071.67606196,United States,desktop,2020-11-19 03:04:49.414134 UTC,2020-11-19 03:20:42.707053 UTC,15.88
2020-11-19,55601747.6727525,United States,desktop,2020-11-19 05:38:28.408187 UTC,2020-11-19 05:54:14.751125 UTC,15.77
2020-11-19,72967154.2008054,United States,desktop,2020-11-19 13:45:42.045843 UTC,2020-11-19 13:59:53.908624 UTC,14.18
2020-11-19,35307335.0847619,Canada,mobile,2020-11-19 22:38:47.083860 UTC,2020-11-19 22:52:34.912196 UTC,13.78
2020-11-19,2554609494.23466,United States,mobile,2020-11-19 00:42:07.534388 UTC,2020-11-19 00:55:55.046617 UTC,13.78
2020-11-19,5561956.85256403,United States,mobile,2020-11-19 13:14:40.944120 UTC,2020-11-19 13:28:23.065230 UTC,13.7
2020-11-19,1416421.5108958,Spain,mobile,2020-11-19 15:46:36.003083 UTC,2020-11-19 16:00:17.964543 UTC,13.68
2020-11-19,4020386.84199337,Turkey,desktop,2020-11-19 10:21:19.001745 UTC,2020-11-19 10:35:00.256071 UTC,13.68
2020-11-19,87464267.0084919,India,mobile,2020-11-19 23:44:40.349057 UTC,2020-11-19 23:57:40.251772 UTC,12.98
2020-11-19,6628033917.01937,United States,mobile,2020-11-19 23:25:43.513821 UTC,2020-11-19 23:37:42.044529 UTC,11.97
2020-11-19,81335886.8473727,Australia,desktop,2020-11-19 10:31:26.631870 UTC,2020-11-19 10:43:06.461216 UTC,11.65
2020-11-19,30970636.0210409,United States,desktop,2020-11-19 08:20:52.206473 UTC,2020-11-19 08:31:29.904199 UTC,10.62
2020-11-19,2456393477.52747,United States,desktop,2020-11-19 05:22:49.530003 UTC,2020-11-19 05:33:04.820860 UTC,10.25
2020-11-19,77977630.2926457,Canada,desktop,2020-11-19 02:36:18.634060 UTC,2020-11-19 02:45:14.270430 UTC,8.92
2020-11-19,62220268.4064155,Canada,mobile,2020-11-19 15:28:01.027755 UTC,2020-11-19 15:36:31.638431 UTC,8.5
2020-11-19,8039416.44986271,United States,desktop,2020-11-19 17:24:09.419371 UTC,2020-11-19 17:32:32.562885 UTC,8.38
2020-11-19,4789616.56516062,United States,desktop,2020-11-19 01:04:04.735457 UTC,2020-11-19 01:11:06.373989 UTC,7.02
2020-11-19,43950878.2847092,Argentina,desktop,2020-11-19 03:57:46.037857 UTC,2020-11-19 04:04:26.753845 UTC,6.67
2020-11-19,43690856.5510407,Canada,mobile,2020-11-19 12:03:05.306466 UTC,2020-11-19 12:09:44.433086 UTC,6.65
2020-11-19,3654911.38777507,Canada,desktop,2020-11-19 10:41:45.155431 UTC,2020-11-19 10:46:59.266328 UTC,5.23
2020-11-19,76589332.6790534,Ireland,mobile,2020-11-19 05:15:46.039695 UTC,2020-11-19 05:18:29.291727 UTC,2.72
2020-11-19,82616163.0426166,United States,desktop,2020-11-19 00:06:01.105528 UTC,2020-11-19 00:08:33.200911 UTC,2.53
2020-11-20,6672635860.53835,United States,desktop,2020-11-20 01:43:48.309051 UTC,2020-11-20 23:04:43.358892 UTC,1280.92
2020-11-20,6445892.87852192,United States,mobile,2020-11-20 02:27:37.134228 UTC,2020-11-20 23:46:35.056632 UTC,1278.95
2020-11-20,31035575.9910731,Indonesia,desktop,2020-11-20 08:42:02.758066 UTC,2020-11-20 12:45:29.252006 UTC,243.43
2020-11-20,3680421.42137713,India,desktop,2020-11-20 12:05:09.699788 UTC,2020-11-20 15:41:26.829891 UTC,216.28
2020-11-20,30220372.7620678,United Kingdom,mobile,2020-11-20 13:33:56.811514 UTC,2020-11-20 16:43:07.735191 UTC,189.17
2020-11-20,38420537.7216639,Brazil,desktop,2020-11-20 11:05:28.333227 UTC,2020-11-20 13:56:27.806822 UTC,170.98
2020-11-20,4449681.9212786,India,mobile,2020-11-20 00:08:40.511661 UTC,2020-11-20 02:26:17.924645 UTC,137.62
2020-11-20,8156646657.15071,Canada,desktop,2020-11-20 17:29:02.526033 UTC,2020-11-20 19:34:57.034654 UTC,125.9
2020-11-20,15980073.3222059,Canada,desktop,2020-11-20 09:24:30.750803 UTC,2020-11-20 11:06:34.284497 UTC,102.05
2020-11-20,34497430.3741988,United States,mobile,2020-11-20 04:51:29.384903 UTC,2020-11-20 06:29:14.463748 UTC,97.75
2020-11-20,6775372.4463471,India,desktop,2020-11-20 14:59:26.568065 UTC,2020-11-20 16:10:13.624721 UTC,70.78
2020-11-20,8348184265.56401,Canada,desktop,2020-11-20 04:24:23.987313 UTC,2020-11-20 05:25:40.097877 UTC,61.27
2020-11-20,61577291.2144566,United States,mobile,2020-11-20 12:46:16.707590 UTC,2020-11-20 13:25:36.007052 UTC,39.32
2020-11-20,3041494.09083538,United States,mobile,2020-11-20 08:11:04.088138 UTC,2020-11-20 08:48:12.991645 UTC,37.13
2020-11-20,8105555.23769371,Spain,mobile,2020-11-20 06:19:02.553772 UTC,2020-11-20 06:55:47.478635 UTC,36.73
2020-11-20,67244316.0781736,United States,desktop,2020-11-20 15:32:39.134473 UTC,2020-11-20 16:09:07.650439 UTC,36.47
2020-11-20,91529880.6749765,France,mobile,2020-11-20 08:05:47.520708 UTC,2020-11-20 08:40:01.662296 UTC,34.23
2020-11-20,64416999.5439036,United States,desktop,2020-11-20 22:53:18.074343 UTC,2020-11-20 23:25:55.781138 UTC,32.62
2020-11-20,80921507.139335,India,desktop,2020-11-20 01:15:44.825777 UTC,2020-11-20 01:45:54.401300 UTC,30.15
2020-11-20,81646599.9766401,Canada,mobile,2020-11-20 11:13:38.096256 UTC,2020-11-20 11:40:46.408686 UTC,27.13
2020-11-20,36921495.1660009,United States,desktop,2020-11-20 02:15:22.362605 UTC,2020-11-20 02:42:05.187034 UTC,26.7
2020-11-20,1414295036.14502,France,mobile,2020-11-20 01:55:17.217727 UTC,2020-11-20 02:20:30.279045 UTC,25.22
2020-11-20,24164594.4598368,Turkey,mobile,2020-11-20 02:22:21.088519 UTC,2020-11-20 02:47:19.571793 UTC,24.97
2020-11-20,5674547.8008141,India,desktop,2020-11-20 17:17:36.030642 UTC,2020-11-20 17:41:22.664096 UTC,23.77
2020-11-20,39520514.9339206,United States,mobile,2020-11-20 00:00:43.630171 UTC,2020-11-20 00:21:34.759841 UTC,20.85
2020-11-20,7796807.86435814,India,mobile,2020-11-20 17:57:34.535895 UTC,2020-11-20 18:17:46.089187 UTC,20.18
2020-11-20,3578162.06238999,United States,desktop,2020-11-20 03:42:50.836115 UTC,2020-11-20 04:02:51.826638 UTC,20.0
2020-11-20,39602761.4128729,Philippines,desktop,2020-11-20 22:58:15.267823 UTC,2020-11-20 23:18:04.628079 UTC,19.82
2020-11-20,75073588.1859607,Algeria,mobile,2020-11-20 15:46:26.286273 UTC,2020-11-20 16:06:12.384574 UTC,19.77
2020-11-20,38464629.8960208,Singapore,mobile,2020-11-20 16:38:07.748173 UTC,2020-11-20 16:56:46.589800 UTC,18.63
2020-11-20,52565912.2309852,Japan,mobile,2020-11-20 07:32:31.614116 UTC,2020-11-20 07:51:10.326142 UTC,18.63
2020-11-20,8043833.50578483,Canada,desktop,2020-11-20 05:02:14.368476 UTC,2020-11-20 05:19:07.341270 UTC,16.87
2020-11-20,22222567.3132315,India,desktop,2020-11-20 22:08:49.395161 UTC,2020-11-20 22:25:38.906313 UTC,16.82
2020-11-20,68643486.2549022,Canada,mobile,2020-11-20 23:31:56.000066 UTC,2020-11-20 23:48:43.865767 UTC,16.78
2020-11-20,85359676.8060209,India,desktop,2020-11-20 13:40:36.548633 UTC,2020-11-20 13:56:59.612046 UTC,16.38
2020-11-20,75611414.7949596,United States,mobile,2020-11-20 03:50:07.714751 UTC,2020-11-20 04:06:19.715301 UTC,16.2
2020-11-20,5607144.62463272,Japan,mobile,2020-11-20 15:44:46.053268 UTC,2020-11-20 16:00:31.521919 UTC,15.75
2020-11-20,37295810.5629224,United States,mobile,2020-11-20 05:15:44.078898 UTC,2020-11-20 05:30:32.182538 UTC,14.8
2020-11-20,64087102.2456314,United States,desktop,2020-11-20 16:54:08.490355 UTC,2020-11-20 17:08:27.182797 UTC,14.3
2020-11-20,33967208.3195174,United States,mobile,2020-11-20 22:51:02.581236 UTC,2020-11-20 23:05:04.242953 UTC,14.02
2020-11-20,4977232.49905756,China,desktop,2020-11-20 01:37:28.208627 UTC,2020-11-20 01:51:20.068376 UTC,13.85
2020-11-20,30675676.3150878,United States,desktop,2020-11-20 01:03:17.507835 UTC,2020-11-20 01:16:42.633675 UTC,13.42
2020-11-20,14233481.9298635,Russia,mobile,2020-11-20 07:24:53.943230 UTC,2020-11-20 07:36:48.546847 UTC,11.9
2020-11-20,13141816.12949,United States,mobile,2020-11-20 14:44:54.622004 UTC,2020-11-20 14:56:26.014202 UTC,11.52
2020-11-20,77461948.4804221,Mexico,desktop,2020-11-20 09:34:22.434954 UTC,2020-11-20 09:45:47.517564 UTC,11.42
2020-11-20,72137012.1051607,Germany,desktop,2020-11-20 11:59:18.678036 UTC,2020-11-20 12:10:26.722494 UTC,11.13
2020-11-20,4093390.4018374,United States,desktop,2020-11-20 02:51:35.660383 UTC,2020-11-20 03:01:15.295555 UTC,9.65
2020-11-20,7453835.75137619,Thailand,mobile,2020-11-20 21:23:56.184043 UTC,2020-11-20 21:33:25.659852 UTC,9.48
2020-11-20,6472499.98839599,Brazil,desktop,2020-11-20 06:34:47.372278 UTC,2020-11-20 06:43:00.158280 UTC,8.2
2020-11-20,12291446.3815334,United States,mobile,2020-11-20 03:42:33.438056 UTC,2020-11-20 03:50:44.025078 UTC,8.17
2020-11-20,8156121.21086135,United States,mobile,2020-11-20 14:53:34.741939 UTC,2020-11-20 15:01:39.842860 UTC,8.08
2020-11-20,11080044.8197718,United Kingdom,desktop,2020-11-20 03:00:58.340197 UTC,2020-11-20 03:08:56.339048 UTC,7.95
2020-11-20,7158462.48172712,India,desktop,2020-11-20 03:20:20.070710 UTC,2020-11-20 03:28:15.780277 UTC,7.92
2020-11-20,4782127.83794775,Spain,mobile,2020-11-20 23:05:17.654746 UTC,2020-11-20 23:12:53.214253 UTC,7.58
2020-11-20,26064119.0281069,United States,desktop,2020-11-20 00:01:39.431546 UTC,2020-11-20 00:08:58.679782 UTC,7.32
2020-11-20,91388989.2835941,Canada,desktop,2020-11-20 17:34:18.507695 UTC,2020-11-20 17:40:50.660718 UTC,6.53
2020-11-20,1943185.62607138,United States,desktop,2020-11-20 12:10:52.291710 UTC,2020-11-20 12:17:01.701954 UTC,6.15
2020-11-20,4921679.69889659,United States,mobile,2020-11-20 04:32:40.817237 UTC,2020-11-20 04:38:00.977223 UTC,5.33
2020-11-20,4707239.10084321,Netherlands,mobile,2020-11-20 08:44:11.281825 UTC,2020-11-20 08:49:28.416610 UTC,5.28
2020-11-20,11064650.6068648,Indonesia,desktop,2020-11-20 00:00:18.180492 UTC,2020-11-20 00:05:04.719535 UTC,4.77
2020-11-20,18766586.3704506,United States,mobile,2020-11-20 05:42:00.013655 UTC,2020-11-20 05:46:34.272434 UTC,4.57
2020-11-20,8263478975.01538,Pakistan,mobile,2020-11-20 05:03:51.463917 UTC,2020-11-20 05:08:14.122105 UTC,4.37
2020-11-20,2026570.16600363,United States,mobile,2020-11-20 09:23:48.099324 UTC,2020-11-20 09:27:33.915125 UTC,3.75
2020-11-20,30199985.4509664,United States,mobile,2020-11-20 22:03:23.378546 UTC,2020-11-20 22:05:49.951935 UTC,2.43
2020-11-21,3680421.42137713,India,desktop,2020-11-21 03:49:01.025056 UTC,2020-11-21 09:58:46.508472 UTC,369.75
2020-11-21,8693458.96676486,Japan,desktop,2020-11-21 08:13:07.950050 UTC,2020-11-21 14:03:19.166044 UTC,350.18
2020-11-21,4231038.07238917,France,desktop,2020-11-21 03:03:16.004143 UTC,2020-11-21 07:32:48.873691 UTC,269.53
2020-11-21,9397545.79330311,Macao,mobile,2020-11-21 19:36:21.497374 UTC,2020-11-21 23:16:08.841883 UTC,219.78
2020-11-21,2697787.2422183,Sri Lanka,mobile,2020-11-21 02:35:21.318620 UTC,2020-11-21 05:37:39.520352 UTC,182.3
2020-11-21,1549372.95707519,United States,desktop,2020-11-21 14:53:29.831311 UTC,2020-11-21 17:42:45.042955 UTC,169.25
2020-11-21,5039183135.26997,United States,desktop,2020-11-21 17:21:42.716703 UTC,2020-11-21 19:04:48.943609 UTC,103.1
2020-11-21,54050361.8478898,Australia,desktop,2020-11-21 05:17:38.833883 UTC,2020-11-21 06:53:56.186798 UTC,96.28
2020-11-21,6027887.52110649,Taiwan,mobile,2020-11-21 14:50:47.474775 UTC,2020-11-21 16:19:38.571510 UTC,88.85
2020-11-21,4375573.90727448,Russia,desktop,2020-11-21 14:14:40.071376 UTC,2020-11-21 15:41:45.286414 UTC,87.08
2020-11-21,3442489.86869246,United States,mobile,2020-11-21 06:48:49.403211 UTC,2020-11-21 07:51:56.787255 UTC,63.12
2020-11-21,80312544.1441597,United States,desktop,2020-11-21 03:22:59.516667 UTC,2020-11-21 04:23:46.268714 UTC,60.77
2020-11-21,52083507.8774663,United States,desktop,2020-11-21 15:25:43.831439 UTC,2020-11-21 15:58:35.610455 UTC,32.85
2020-11-21,39882887.2837298,Taiwan,desktop,2020-11-21 04:47:53.244009 UTC,2020-11-21 05:16:38.915464 UTC,28.75
2020-11-21,77276609.4416542,United Kingdom,mobile,2020-11-21 17:11:24.946046 UTC,2020-11-21 17:38:26.302058 UTC,27.02
2020-11-21,4928525.83781844,India,mobile,2020-11-21 03:57:54.455989 UTC,2020-11-21 04:24:25.907311 UTC,26.52
2020-11-21,1052482.19041947,United States,desktop,2020-11-21 06:42:11.186015 UTC,2020-11-21 07:07:45.523353 UTC,25.57
2020-11-21,41474740.1017155,United States,desktop,2020-11-21 02:47:31.926273 UTC,2020-11-21 03:11:16.959494 UTC,23.75
2020-11-21,6488582.87884914,China,tablet,2020-11-21 07:58:52.616341 UTC,2020-11-21 08:21:35.467170 UTC,22.7
2020-11-21,2459609.14217532,Germany,mobile,2020-11-21 04:15:56.984180 UTC,2020-11-21 04:34:46.819668 UTC,18.82
2020-11-21,70274582.7964868,United States,desktop,2020-11-21 22:12:43.629608 UTC,2020-11-21 22:30:55.815940 UTC,18.2
2020-11-21,90326169.4943785,United States,mobile,2020-11-21 00:06:29.554064 UTC,2020-11-21 00:21:40.082683 UTC,15.17
2020-11-21,56660152.7616232,France,tablet,2020-11-21 09:10:55.794008 UTC,2020-11-21 09:25:45.315284 UTC,14.82
2020-11-21,72370889.4274312,United States,desktop,2020-11-21 09:17:36.011544 UTC,2020-11-21 09:31:16.974743 UTC,13.67
2020-11-21,77283283.8065996,United States,mobile,2020-11-21 04:45:00.734297 UTC,2020-11-21 04:55:28.729419 UTC,10.45
2020-11-21,18977884.9487126,United States,desktop,2020-11-21 03:02:14.346324 UTC,2020-11-21 03:11:48.612895 UTC,9.57
2020-11-21,9134268.26771857,United States,desktop,2020-11-21 00:00:13.539482 UTC,2020-11-21 00:09:24.608929 UTC,9.18
2020-11-21,24178523.2626897,United States,desktop,2020-11-21 10:43:23.136072 UTC,2020-11-21 10:51:30.247564 UTC,8.12
2020-11-21,8292508.27289202,United States,mobile,2020-11-21 08:58:53.333594 UTC,2020-11-21 09:06:42.799925 UTC,7.82
2020-11-21,29060616.4029163,United States,mobile,2020-11-21 17:43:13.567622 UTC,2020-11-21 17:50:26.866720 UTC,7.22
2020-11-21,1685178.06703361,United States,mobile,2020-11-21 00:44:41.283699 UTC,2020-11-21 00:51:13.212069 UTC,6.52
2020-11-21,8337415.6051453,France,desktop,2020-11-21 02:35:24.939397 UTC,2020-11-21 02:41:28.627010 UTC,6.05
2020-11-21,7305312.07732048,United States,mobile,2020-11-21 14:04:07.340571 UTC,2020-11-21 14:10:01.172312 UTC,5.88
2020-11-21,3526931.37845021,India,mobile,2020-11-21 04:06:44.633897 UTC,2020-11-21 04:12:23.329861 UTC,5.63
2020-11-21,3868899112.41282,Japan,desktop,2020-11-21 02:04:56.494475 UTC,2020-11-21 02:10:23.681729 UTC,5.45
2020-11-22,91380786.2722892,Peru,desktop,2020-11-22 06:01:37.022065 UTC,2020-11-22 23:17:48.973793 UTC,1036.18
2020-11-22,58393225.4182288,United States,desktop,2020-11-22 18:28:53.686687 UTC,2020-11-22 23:33:11.410091 UTC,304.28
2020-11-22,62245069.784205,Brazil,desktop,2020-11-22 07:46:31.842940 UTC,2020-11-22 09:51:12.597472 UTC,124.67
2020-11-22,8926225.93450632,United States,mobile,2020-11-22 09:19:44.050080 UTC,2020-11-22 10:31:16.404365 UTC,71.53
2020-11-22,3438183.98399224,United States,mobile,2020-11-22 06:04:49.457425 UTC,2020-11-22 07:13:03.223057 UTC,68.22
2020-11-22,8879691.48520585,Taiwan,mobile,2020-11-22 09:43:53.627655 UTC,2020-11-22 10:40:34.333759 UTC,56.67
2020-11-22,14763691.5596383,India,desktop,2020-11-22 01:31:46.517874 UTC,2020-11-22 02:24:35.115777 UTC,52.8
2020-11-22,65763297.7718598,France,mobile,2020-11-22 22:07:01.360794 UTC,2020-11-22 22:47:04.860627 UTC,40.05
2020-11-22,27091777.7996598,Turkey,desktop,2020-11-22 02:34:01.422441 UTC,2020-11-22 03:12:30.436141 UTC,38.48
2020-11-22,88267963.6455731,India,mobile,2020-11-22 13:23:40.569747 UTC,2020-11-22 14:00:45.809566 UTC,37.08
2020-11-22,22876548.9702869,United States,desktop,2020-11-22 14:23:55.524377 UTC,2020-11-22 14:49:20.458571 UTC,25.4
2020-11-22,3435332.16154924,Malaysia,mobile,2020-11-22 16:23:24.782145 UTC,2020-11-22 16:42:25.337860 UTC,19.0
2020-11-22,26602266.2623964,United States,desktop,2020-11-22 22:02:46.982231 UTC,2020-11-22 22:21:23.412913 UTC,18.6
2020-11-22,6474740.98329856,United States,mobile,2020-11-22 19:48:51.571086 UTC,2020-11-22 20:06:14.951397 UTC,17.38
2020-11-22,6220202.42245925,United States,mobile,2020-11-22 21:28:00.822711 UTC,2020-11-22 21:43:55.096928 UTC,15.9
2020-11-22,46436321.7372563,France,mobile,2020-11-22 02:25:15.331941 UTC,2020-11-22 02:40:39.717157 UTC,15.4
2020-11-22,1561271.71821181,China,mobile,2020-11-22 21:33:32.177252 UTC,2020-11-22 21:48:20.968533 UTC,14.8
2020-11-22,58404409.8347902,United States,desktop,2020-11-22 14:16:25.229623 UTC,2020-11-22 14:30:20.600813 UTC,13.92
2020-11-22,23687755.9277542,India,mobile,2020-11-22 05:44:47.736564 UTC,2020-11-22 05:58:36.884275 UTC,13.82
2020-11-22,91694984.1982284,Canada,mobile,2020-11-22 14:49:07.338394 UTC,2020-11-22 14:59:49.220914 UTC,10.68
2020-11-22,5795144.56084919,France,desktop,2020-11-22 06:06:12.358663 UTC,2020-11-22 06:15:13.104406 UTC,9.0
2020-11-22,5028379.56467238,United States,desktop,2020-11-22 13:45:30.293744 UTC,2020-11-22 13:54:22.811991 UTC,8.87
2020-11-22,42955001.0060658,United Kingdom,mobile,2020-11-22 03:41:38.247485 UTC,2020-11-22 03:50:05.775346 UTC,8.45
2020-11-22,3282203.40381921,United States,desktop,2020-11-22 17:15:36.804222 UTC,2020-11-22 17:23:42.440855 UTC,8.08
2020-11-22,72449605.4329856,South Korea,mobile,2020-11-22 11:28:33.219702 UTC,2020-11-22 11:35:06.789583 UTC,6.55
2020-11-22,7285756326.15335,India,desktop,2020-11-22 00:20:22.116090 UTC,2020-11-22 00:26:24.365587 UTC,6.03
2020-11-22,1767608.52938329,Costa Rica,desktop,2020-11-22 13:08:34.232483 UTC,2020-11-22 13:13:25.193565 UTC,4.83
2020-11-22,81842590.3577131,Turkey,mobile,2020-11-22 14:44:28.985783 UTC,2020-11-22 14:49:11.768573 UTC,4.7
2020-11-22,30327434.64051,United States,desktop,2020-11-22 18:40:38.068936 UTC,2020-11-22 18:43:22.070219 UTC,2.73
2020-11-23,6552271.88047575,Russia,desktop,2020-11-23 07:49:52.748671 UTC,2020-11-23 22:58:42.079586 UTC,908.82
2020-11-23,47629981.2636166,United States,desktop,2020-11-23 01:11:25.098072 UTC,2020-11-23 14:37:54.533734 UTC,806.48
2020-11-23,27700391.5760431,United States,desktop,2020-11-23 13:33:55.581797 UTC,2020-11-23 18:12:51.659693 UTC,278.93
2020-11-23,6044369.07638627,Germany,mobile,2020-11-23 18:51:34.616668 UTC,2020-11-23 22:04:05.496070 UTC,192.5
2020-11-23,47567788.3779803,Turkey,mobile,2020-11-23 16:41:20.541876 UTC,2020-11-23 19:35:14.385354 UTC,173.88
2020-11-23,73424628.5901378,United States,desktop,2020-11-23 20:51:55.169722 UTC,2020-11-23 23:27:16.638412 UTC,155.35
2020-11-23,57268788.8001579,United States,mobile,2020-11-23 15:48:01.893807 UTC,2020-11-23 17:31:49.326929 UTC,103.78
2020-11-23,32820105.2111076,Canada,tablet,2020-11-23 19:48:22.625486 UTC,2020-11-23 21:20:13.201129 UTC,91.83
2020-11-23,7580278.42319569,United States,desktop,2020-11-23 01:05:29.975061 UTC,2020-11-23 02:32:22.458561 UTC,86.87
2020-11-23,8579252.35062862,United States,mobile,2020-11-23 02:17:10.921518 UTC,2020-11-23 03:36:44.374350 UTC,79.55
2020-11-23,78710713.2392067,United States,mobile,2020-11-23 05:06:35.096557 UTC,2020-11-23 06:21:48.966131 UTC,75.22
2020-11-23,70837463.6029197,Bulgaria,desktop,2020-11-23 19:32:01.875673 UTC,2020-11-23 20:40:09.574950 UTC,68.12
2020-11-23,6112176882.54973,China,mobile,2020-11-23 19:12:43.303733 UTC,2020-11-23 20:16:02.757251 UTC,63.32
2020-11-23,54019036.718956,United States,mobile,2020-11-23 19:16:57.900849 UTC,2020-11-23 20:17:10.592099 UTC,60.2
2020-11-23,78113847.9152616,United States,desktop,2020-11-23 12:57:04.414282 UTC,2020-11-23 13:56:02.705230 UTC,58.97
2020-11-23,4373935.58762362,Belgium,tablet,2020-11-23 00:07:51.745601 UTC,2020-11-23 00:59:12.393319 UTC,51.33
2020-11-23,28202253.7064162,India,tablet,2020-11-23 15:02:42.358344 UTC,2020-11-23 15:46:56.957767 UTC,44.23
2020-11-23,7171483.93068161,India,mobile,2020-11-23 07:38:03.374234 UTC,2020-11-23 08:12:00.166350 UTC,33.93
2020-11-23,4487780.97595367,Chile,desktop,2020-11-23 13:23:39.014650 UTC,2020-11-23 13:53:03.874571 UTC,29.4
2020-11-23,5996776.40765101,United States,mobile,2020-11-23 19:14:46.269348 UTC,2020-11-23 19:42:13.406989 UTC,27.45
2020-11-23,79509844.1081277,India,desktop,2020-11-23 19:56:00.455786 UTC,2020-11-23 20:22:57.796325 UTC,26.95
2020-11-23,2105240618.01528,United States,mobile,2020-11-23 10:29:33.990448 UTC,2020-11-23 10:56:06.984918 UTC,26.53
2020-11-23,3644566278.66026,United States,desktop,2020-11-23 11:29:01.300661 UTC,2020-11-23 11:55:04.586657 UTC,26.05
2020-11-23,43627350.3807676,United States,desktop,2020-11-23 07:42:05.616370 UTC,2020-11-23 08:07:33.116644 UTC,25.45
2020-11-23,49068184.0131644,United States,desktop,2020-11-23 03:58:49.645811 UTC,2020-11-23 04:22:41.907414 UTC,23.87
2020-11-23,44093840.8232543,Spain,desktop,2020-11-23 12:31:14.820045 UTC,2020-11-23 12:55:07.810352 UTC,23.87
2020-11-23,50900904.6507728,Taiwan,desktop,2020-11-23 17:37:52.164593 UTC,2020-11-23 17:59:32.448130 UTC,21.67
2020-11-23,7653885.74495574,Canada,mobile,2020-11-23 03:08:32.985196 UTC,2020-11-23 03:29:42.517588 UTC,21.15
2020-11-23,56981615.2873969,Ireland,mobile,2020-11-23 02:30:24.385707 UTC,2020-11-23 02:51:13.223801 UTC,20.8
2020-11-23,88125518.830627,United States,mobile,2020-11-23 20:55:02.270666 UTC,2020-11-23 21:15:01.944477 UTC,19.98
2020-11-23,2430931.61738121,Netherlands,desktop,2020-11-23 21:40:06.436327 UTC,2020-11-23 22:00:02.039994 UTC,19.92
2020-11-23,3327716.61394813,Spain,mobile,2020-11-23 01:16:24.443604 UTC,2020-11-23 01:35:19.576626 UTC,18.92
2020-11-23,66897566.4482598,Mexico,desktop,2020-11-23 21:12:41.140847 UTC,2020-11-23 21:30:34.098978 UTC,17.87
2020-11-23,1405049.622366,United States,mobile,2020-11-23 00:52:05.994688 UTC,2020-11-23 01:08:06.990426 UTC,16.0
2020-11-23,5373799.6097004,China,mobile,2020-11-23 04:47:08.987552 UTC,2020-11-23 05:02:15.938466 UTC,15.1
2020-11-23,40858438.6822938,Canada,desktop,2020-11-23 12:40:41.433346 UTC,2020-11-23 12:55:44.039454 UTC,15.03
2020-11-23,90441331.9685487,United States,mobile,2020-11-23 15:10:20.685406 UTC,2020-11-23 15:24:43.956420 UTC,14.38
2020-11-23,60865680.9694385,United States,mobile,2020-11-23 15:42:44.693874 UTC,2020-11-23 15:56:32.449494 UTC,13.78
2020-11-23,70430928.9867363,Brazil,desktop,2020-11-23 16:19:21.097156 UTC,2020-11-23 16:32:43.858052 UTC,13.37
2020-11-23,1423095.54680477,Taiwan,desktop,2020-11-23 02:20:37.446711 UTC,2020-11-23 02:33:41.225541 UTC,13.05
2020-11-23,5216629.55304689,United States,mobile,2020-11-23 17:18:47.942584 UTC,2020-11-23 17:31:15.597312 UTC,12.45
2020-11-23,49338484.8834497,(not set),desktop,2020-11-23 06:28:31.312948 UTC,2020-11-23 06:40:43.588826 UTC,12.2
2020-11-23,54535436.2028528,Israel,desktop,2020-11-23 09:57:07.002274 UTC,2020-11-23 10:08:42.622933 UTC,11.58
2020-11-23,33534334.2982237,United States,desktop,2020-11-23 23:18:10.788700 UTC,2020-11-23 23:29:46.248578 UTC,11.58
2020-11-23,3060385.86527791,United States,mobile,2020-11-23 13:14:42.297077 UTC,2020-11-23 13:26:15.173172 UTC,11.53
2020-11-23,7750159.65053123,United States,desktop,2020-11-23 15:50:14.119432 UTC,2020-11-23 16:00:38.238418 UTC,10.4
2020-11-23,6533788.32670757,France,desktop,2020-11-23 21:50:18.740873 UTC,2020-11-23 22:00:19.582619 UTC,10.0
2020-11-23,65301301.6829526,Singapore,desktop,2020-11-23 17:12:17.042832 UTC,2020-11-23 17:22:11.821298 UTC,9.9
2020-11-23,7652255.01012308,Austria,desktop,2020-11-23 04:52:57.667971 UTC,2020-11-23 05:02:31.187186 UTC,9.55
2020-11-23,3762381.59207581,Turkey,desktop,2020-11-23 20:28:50.852709 UTC,2020-11-23 20:37:34.805272 UTC,8.72
2020-11-23,17321543.6104652,Spain,desktop,2020-11-23 10:52:33.955771 UTC,2020-11-23 11:00:43.737606 UTC,8.15
2020-11-23,3327202.09437127,Hong Kong,desktop,2020-11-23 22:30:53.259352 UTC,2020-11-23 22:38:52.795158 UTC,7.98
2020-11-23,6882191.55203157,Russia,mobile,2020-11-23 12:13:10.272832 UTC,2020-11-23 12:21:07.160881 UTC,7.93
2020-11-23,4690975558.56933,India,desktop,2020-11-23 06:47:48.219306 UTC,2020-11-23 06:55:30.860828 UTC,7.7
2020-11-23,5788753.6504747,India,desktop,2020-11-23 03:36:33.056305 UTC,2020-11-23 03:43:37.537693 UTC,7.07
2020-11-23,61075770.3143256,Vietnam,tablet,2020-11-23 16:31:08.039694 UTC,2020-11-23 16:38:06.036777 UTC,6.95
2020-11-23,16580886.1809823,Philippines,mobile,2020-11-23 06:33:06.354829 UTC,2020-11-23 06:39:56.150482 UTC,6.82
2020-11-23,5584543.67456275,United States,mobile,2020-11-23 00:36:07.619982 UTC,2020-11-23 00:42:44.409274 UTC,6.6
2020-11-23,7644155580.39156,Canada,mobile,2020-11-23 18:46:24.105134 UTC,2020-11-23 18:50:12.321749 UTC,3.8
2020-11-23,5303282.28438111,United States,desktop,2020-11-23 21:53:40.284869 UTC,2020-11-23 21:57:13.339530 UTC,3.55
2020-11-23,12140400.0943472,United States,mobile,2020-11-23 05:20:25.096061 UTC,2020-11-23 05:23:55.602716 UTC,3.5
2020-11-23,52565741.6337681,United States,mobile,2020-11-23 18:15:12.017349 UTC,2020-11-23 18:17:54.949011 UTC,2.7
2020-11-24,7766490.69444397,United Kingdom,mobile,2020-11-24 10:49:41.410007 UTC,2020-11-24 21:44:47.161063 UTC,655.08
2020-11-24,8565129.14427731,United States,mobile,2020-11-24 00:18:58.992035 UTC,2020-11-24 06:06:09.134506 UTC,347.17
2020-11-24,48907950.3864926,India,mobile,2020-11-24 16:47:48.471310 UTC,2020-11-24 21:23:33.980367 UTC,275.75
2020-11-24,56575397.8153659,Poland,mobile,2020-11-24 04:44:42.859626 UTC,2020-11-24 08:33:47.887479 UTC,229.08
2020-11-24,4055961.29034224,United States,desktop,2020-11-24 14:41:34.570806 UTC,2020-11-24 18:15:26.439191 UTC,213.85
2020-11-24,77549456.400016,United States,desktop,2020-11-24 09:17:39.721021 UTC,2020-11-24 12:45:34.248782 UTC,207.9
2020-11-24,67391455.3832286,United Kingdom,desktop,2020-11-24 19:48:19.387910 UTC,2020-11-24 23:15:55.243647 UTC,207.58
2020-11-24,41904644.7032979,Kuwait,mobile,2020-11-24 00:46:09.557183 UTC,2020-11-24 03:04:04.833087 UTC,137.92
2020-11-24,28886785.0437982,Canada,desktop,2020-11-24 08:06:38.396439 UTC,2020-11-24 10:16:21.696612 UTC,129.72
2020-11-24,25930591.1422187,India,desktop,2020-11-24 11:49:43.957710 UTC,2020-11-24 13:33:50.111168 UTC,104.1
2020-11-24,1236268.28633749,United States,desktop,2020-11-24 20:38:30.139502 UTC,2020-11-24 22:18:51.807062 UTC,100.35
2020-11-24,2002567.79582563,United States,desktop,2020-11-24 04:14:02.013857 UTC,2020-11-24 05:53:22.824749 UTC,99.33
2020-11-24,51986505.2747565,United States,desktop,2020-11-24 13:51:56.748599 UTC,2020-11-24 15:21:59.588085 UTC,90.03
2020-11-24,44574139.0210963,United Kingdom,desktop,2020-11-24 13:16:32.284624 UTC,2020-11-24 14:34:24.251150 UTC,77.85
2020-11-24,77782985.087823,United States,mobile,2020-11-24 20:18:54.528458 UTC,2020-11-24 21:33:47.909009 UTC,74.88
2020-11-24,9171293.18431449,United States,desktop,2020-11-24 01:11:33.014967 UTC,2020-11-24 02:15:39.260601 UTC,64.1
2020-11-24,34490273.5966302,India,desktop,2020-11-24 13:29:28.269288 UTC,2020-11-24 14:17:07.692256 UTC,47.65
2020-11-24,6567766382.89546,United States,desktop,2020-11-24 15:22:16.527113 UTC,2020-11-24 16:08:28.478096 UTC,46.18
2020-11-24,88890409.0907454,Bulgaria,desktop,2020-11-24 16:10:33.656398 UTC,2020-11-24 16:55:12.065469 UTC,44.63
2020-11-24,7179770.42510222,Canada,desktop,2020-11-24 14:08:05.948925 UTC,2020-11-24 14:51:03.505057 UTC,42.95
2020-11-24,7905430175.68917,Dominican Republic,mobile,2020-11-24 04:34:18.600484 UTC,2020-11-24 05:16:58.876436 UTC,42.67
2020-11-24,77148477.7275137,Canada,desktop,2020-11-24 17:43:30.676900 UTC,2020-11-24 18:24:14.732997 UTC,40.73
2020-11-24,35862721.9988627,United States,desktop,2020-11-24 00:42:01.297046 UTC,2020-11-24 01:22:06.360296 UTC,40.08
2020-11-24,80394414.5185177,United States,desktop,2020-11-24 18:06:28.037703 UTC,2020-11-24 18:45:44.150192 UTC,39.27
2020-11-24,36794743.0115266,India,mobile,2020-11-24 08:08:04.585406 UTC,2020-11-24 08:43:45.265661 UTC,35.67
2020-11-24,63900282.336358,South Korea,desktop,2020-11-24 07:34:36.308026 UTC,2020-11-24 08:10:14.582838 UTC,35.63
2020-11-24,7770092.56185007,United States,desktop,2020-11-24 17:11:05.349649 UTC,2020-11-24 17:45:45.973474 UTC,34.67
2020-11-24,5889305.15965941,Indonesia,desktop,2020-11-24 15:44:05.168980 UTC,2020-11-24 16:16:39.562748 UTC,32.57
2020-11-24,37312730.121627,United States,tablet,2020-11-24 18:07:26.101196 UTC,2020-11-24 18:39:27.653020 UTC,32.02
2020-11-24,2218243.65729847,India,mobile,2020-11-24 13:26:51.525335 UTC,2020-11-24 13:58:33.113707 UTC,31.68
2020-11-24,60670652.1232989,Thailand,mobile,2020-11-24 02:47:55.263632 UTC,2020-11-24 03:15:58.784343 UTC,28.05
2020-11-24,2765238449.65869,India,desktop,2020-11-24 17:28:06.005751 UTC,2020-11-24 17:55:20.062447 UTC,27.23
2020-11-24,60425733.9344537,Singapore,desktop,2020-11-24 19:09:20.545922 UTC,2020-11-24 19:36:34.313633 UTC,27.22
2020-11-24,66572919.0070303,France,desktop,2020-11-24 03:25:53.672801 UTC,2020-11-24 03:52:39.303612 UTC,26.75
2020-11-24,5444414.60518457,Italy,desktop,2020-11-24 16:23:41.882600 UTC,2020-11-24 16:50:27.727558 UTC,26.75
2020-11-24,1243316.40744082,United States,desktop,2020-11-24 20:59:31.453165 UTC,2020-11-24 21:25:15.884433 UTC,25.73
2020-11-24,40073340.7794376,India,mobile,2020-11-24 13:05:15.581879 UTC,2020-11-24 13:30:52.375524 UTC,25.6
2020-11-24,5155655.85595547,China,desktop,2020-11-24 18:53:14.016800 UTC,2020-11-24 19:17:39.234226 UTC,24.42
2020-11-24,56842056.4074014,Singapore,mobile,2020-11-24 07:30:08.879695 UTC,2020-11-24 07:53:46.025986 UTC,23.62
2020-11-24,6513698.97233538,United States,mobile,2020-11-24 00:00:01.478659 UTC,2020-11-24 00:23:25.415912 UTC,23.38
2020-11-24,4284305324.18964,India,mobile,2020-11-24 15:43:19.194582 UTC,2020-11-24 16:06:30.493627 UTC,23.18
2020-11-24,27561053.0859597,United States,desktop,2020-11-24 20:43:02.097983 UTC,2020-11-24 21:03:25.466975 UTC,20.38
2020-11-24,3560826.60546762,United Kingdom,mobile,2020-11-24 18:42:56.417457 UTC,2020-11-24 19:02:45.368113 UTC,19.8
2020-11-24,58568906.5092468,Kazakhstan,desktop,2020-11-24 13:56:47.249641 UTC,2020-11-24 14:16:04.584828 UTC,19.28
2020-11-24,91875291.2902344,Vietnam,desktop,2020-11-24 14:02:17.646139 UTC,2020-11-24 14:21:14.184430 UTC,18.93
2020-11-24,50524891.0248544,United States,desktop,2020-11-24 22:38:03.963662 UTC,2020-11-24 22:56:53.076891 UTC,18.82
2020-11-24,2355616.94600323,Japan,mobile,2020-11-24 19:57:24.555289 UTC,2020-11-24 20:15:31.778766 UTC,18.12
2020-11-24,79083189.5507574,United States,desktop,2020-11-24 21:10:59.121189 UTC,2020-11-24 21:28:58.529674 UTC,17.98
2020-11-24,5461037.2897084,Canada,desktop,2020-11-24 22:55:01.101880 UTC,2020-11-24 23:12:55.655457 UTC,17.9
2020-11-24,5706554.11704457,Belgium,desktop,2020-11-24 16:23:54.019099 UTC,2020-11-24 16:41:44.738298 UTC,17.83
2020-11-24,29973724.4702575,United States,mobile,2020-11-24 13:12:51.903586 UTC,2020-11-24 13:29:43.990328 UTC,16.87
2020-11-24,2768703.48666759,United States,desktop,2020-11-24 13:16:41.839495 UTC,2020-11-24 13:33:26.054146 UTC,16.73
2020-11-24,9431683.58305776,United States,desktop,2020-11-24 05:12:20.288474 UTC,2020-11-24 05:28:18.014317 UTC,15.95
2020-11-24,1396456.64825067,United Kingdom,desktop,2020-11-24 16:26:22.157353 UTC,2020-11-24 16:41:39.940740 UTC,15.28
2020-11-24,76641875.4216482,Egypt,desktop,2020-11-24 22:22:00.507408 UTC,2020-11-24 22:37:15.146095 UTC,15.23
2020-11-24,78499362.4704274,United States,mobile,2020-11-24 05:41:47.331915 UTC,2020-11-24 05:56:21.538388 UTC,14.57
2020-11-24,56293890.1487399,Taiwan,desktop,2020-11-24 12:08:34.555294 UTC,2020-11-24 12:21:52.138110 UTC,13.28
2020-11-24,83959468.9388485,United States,mobile,2020-11-24 13:56:47.799503 UTC,2020-11-24 14:09:33.736729 UTC,12.75
2020-11-24,10828522.4098051,Singapore,mobile,2020-11-24 13:57:56.401699 UTC,2020-11-24 14:10:41.095667 UTC,12.73
2020-11-24,54840401.1429599,Belgium,mobile,2020-11-24 21:48:54.022114 UTC,2020-11-24 22:00:27.261705 UTC,11.55
2020-11-24,7254379.8573622,South Korea,desktop,2020-11-24 08:10:48.429689 UTC,2020-11-24 08:22:11.060870 UTC,11.37
2020-11-24,2608462.07973461,Peru,mobile,2020-11-24 02:45:14.991329 UTC,2020-11-24 02:56:36.310972 UTC,11.35
2020-11-24,75194502.2750916,Spain,desktop,2020-11-24 17:23:42.430125 UTC,2020-11-24 17:34:59.485753 UTC,11.28
2020-11-24,61777800.1566735,United States,desktop,2020-11-24 15:38:18.475880 UTC,2020-11-24 15:49:33.521158 UTC,11.25
2020-11-24,15127451.7298076,Canada,desktop,2020-11-24 19:51:34.761813 UTC,2020-11-24 20:02:40.078530 UTC,11.08
2020-11-24,7404712.34818981,Ireland,desktop,2020-11-24 20:48:53.191922 UTC,2020-11-24 20:59:45.467072 UTC,10.87
2020-11-24,53032448.0456415,United States,desktop,2020-11-24 13:21:35.852695 UTC,2020-11-24 13:32:18.567672 UTC,10.7
2020-11-24,71426813.6484576,Indonesia,desktop,2020-11-24 02:54:35.045936 UTC,2020-11-24 03:04:50.427598 UTC,10.25
2020-11-24,4958713.65862941,United States,mobile,2020-11-24 22:38:00.519035 UTC,2020-11-24 22:48:13.639596 UTC,10.22
2020-11-24,47604125.6375976,United States,desktop,2020-11-24 09:35:25.779257 UTC,2020-11-24 09:45:02.916327 UTC,9.62
2020-11-24,4042858.38887799,United States,desktop,2020-11-24 06:54:11.145565 UTC,2020-11-24 07:03:40.951766 UTC,9.48
2020-11-24,86834775.2599012,Netherlands,desktop,2020-11-24 16:07:42.787369 UTC,2020-11-24 16:17:01.939802 UTC,9.32
2020-11-24,50725646.9290345,Belgium,mobile,2020-11-24 17:12:07.518401 UTC,2020-11-24 17:21:19.972984 UTC,9.2
2020-11-24,5002787.95835372,Taiwan,mobile,2020-11-24 22:46:50.930877 UTC,2020-11-24 22:55:58.812538 UTC,9.12
2020-11-24,4268698.48933935,Canada,desktop,2020-11-24 19:49:26.695020 UTC,2020-11-24 19:57:44.140636 UTC,8.28
2020-11-24,59440318.5200475,United States,desktop,2020-11-24 21:09:47.726779 UTC,2020-11-24 21:17:33.815470 UTC,7.77
2020-11-24,87817726.5153482,Netherlands,mobile,2020-11-24 16:51:43.467175 UTC,2020-11-24 16:59:24.420248 UTC,7.67
2020-11-24,8729822.75268383,United States,mobile,2020-11-24 19:19:53.656812 UTC,2020-11-24 19:27:27.177088 UTC,7.55
2020-11-24,24406398.9461098,France,mobile,2020-11-24 01:06:13.798858 UTC,2020-11-24 01:13:46.434013 UTC,7.53
2020-11-24,1405881.01373099,United States,desktop,2020-11-24 00:36:52.838497 UTC,2020-11-24 00:44:20.772858 UTC,7.45
2020-11-24,27754794.4046505,India,desktop,2020-11-24 02:53:07.487247 UTC,2020-11-24 02:59:25.411275 UTC,6.28
2020-11-24,8935186924.51674,United States,desktop,2020-11-24 09:21:24.986972 UTC,2020-11-24 09:27:03.949521 UTC,5.63
2020-11-24,75294747.2712173,United States,mobile,2020-11-24 11:33:48.866578 UTC,2020-11-24 11:39:07.128074 UTC,5.3
2020-11-24,5820525.41129213,Pakistan,mobile,2020-11-24 13:01:57.676554 UTC,2020-11-24 13:06:52.667524 UTC,4.9
2020-11-24,80431044.0006326,United States,desktop,2020-11-24 16:14:21.954067 UTC,2020-11-24 16:19:02.957074 UTC,4.68
2020-11-24,2211286.41723372,Pakistan,mobile,2020-11-24 19:23:41.232237 UTC,2020-11-24 19:28:18.767267 UTC,4.62
2020-11-24,84173583.3434006,United States,mobile,2020-11-24 16:23:39.657945 UTC,2020-11-24 16:28:06.852366 UTC,4.45
2020-11-24,22958599.0567519,United States,mobile,2020-11-24 02:25:39.331735 UTC,2020-11-24 02:29:30.609917 UTC,3.85
2020-11-24,36297239.9102278,Poland,desktop,2020-11-24 01:23:30.052054 UTC,2020-11-24 01:26:58.630036 UTC,3.47
2020-11-24,89517168.1965913,United States,mobile,2020-11-24 16:36:40.711511 UTC,2020-11-24 16:40:06.480699 UTC,3.42
2020-11-24,77805852.6832906,United States,desktop,2020-11-24 00:00:02.294588 UTC,2020-11-24 00:03:22.414671 UTC,3.33
2020-11-24,3810063772.24798,United States,mobile,2020-11-24 18:05:23.369872 UTC,2020-11-24 18:08:37.887768 UTC,3.23
2020-11-24,71904874.204519,Germany,desktop,2020-11-24 02:23:52.532013 UTC,2020-11-24 02:26:47.771040 UTC,2.92
2020-11-24,1336541.80897672,Canada,desktop,2020-11-24 02:27:54.367312 UTC,2020-11-24 02:30:18.331205 UTC,2.38
2020-11-24,7638626.6903353,France,mobile,2020-11-24 02:47:15.917303 UTC,2020-11-24 02:49:37.924134 UTC,2.37
2020-11-24,38597663.4917826,United States,desktop,2020-11-24 06:45:19.752794 UTC,2020-11-24 06:47:13.374834 UTC,1.88
2020-11-25,35710256.3477753,Ukraine,desktop,2020-11-25 00:45:04.402628 UTC,2020-11-25 21:35:46.425478 UTC,1250.7
2020-11-25,80208775.3915875,Vietnam,desktop,2020-11-25 01:17:31.979252 UTC,2020-11-25 21:52:06.850026 UTC,1234.57
2020-11-25,6608637449.35111,United States,desktop,2020-11-25 01:06:54.182098 UTC,2020-11-25 18:13:56.375230 UTC,1027.03
2020-11-25,1470110.50216815,India,desktop,2020-11-25 06:38:09.074889 UTC,2020-11-25 23:15:15.424639 UTC,997.1
2020-11-25,5973523.51146074,Singapore,mobile,2020-11-25 05:14:56.552148 UTC,2020-11-25 12:59:36.422339 UTC,464.65
2020-11-25,86506239.5873574,France,mobile,2020-11-25 07:22:17.238420 UTC,2020-11-25 14:58:15.186342 UTC,455.95
2020-11-25,2669656.52764163,Sri Lanka,mobile,2020-11-25 11:46:32.790679 UTC,2020-11-25 18:25:36.945578 UTC,399.07
2020-11-25,51065226.4802983,India,desktop,2020-11-25 10:08:26.192045 UTC,2020-11-25 16:44:10.017655 UTC,395.72
2020-11-25,7560154.87732955,United States,desktop,2020-11-25 14:15:02.378843 UTC,2020-11-25 19:30:43.134500 UTC,315.67
2020-11-25,1415699.23568659,Japan,mobile,2020-11-25 15:54:42.266082 UTC,2020-11-25 20:25:54.748580 UTC,271.2
2020-11-25,6924972.311724,United States,mobile,2020-11-25 13:40:32.620900 UTC,2020-11-25 17:43:44.790057 UTC,243.2
2020-11-25,8935186924.51674,United States,desktop,2020-11-25 13:18:45.192701 UTC,2020-11-25 15:16:23.193723 UTC,117.63
2020-11-25,6187495.01064115,India,desktop,2020-11-25 12:55:34.459290 UTC,2020-11-25 14:35:38.413734 UTC,100.05
2020-11-25,26146640.6553848,United States,mobile,2020-11-25 06:47:34.060956 UTC,2020-11-25 08:27:26.520275 UTC,99.87
2020-11-25,55259187.0625874,Singapore,mobile,2020-11-25 12:58:50.664144 UTC,2020-11-25 14:31:52.757682 UTC,93.03
2020-11-25,23399303.4851199,United States,mobile,2020-11-25 04:51:22.313244 UTC,2020-11-25 06:23:21.592124 UTC,91.98
2020-11-25,38282273.1536713,United States,mobile,2020-11-25 06:04:00.153261 UTC,2020-11-25 07:29:52.000427 UTC,85.85
2020-11-25,8692054.6479171,United Kingdom,mobile,2020-11-25 15:14:50.284275 UTC,2020-11-25 16:40:21.027996 UTC,85.5
2020-11-25,7136789.51116136,Brazil,mobile,2020-11-25 11:34:35.290987 UTC,2020-11-25 12:53:59.998859 UTC,79.4
2020-11-25,6072463.18032175,United States,desktop,2020-11-25 10:57:34.327400 UTC,2020-11-25 11:51:10.951957 UTC,53.6
2020-11-25,48879002.2084859,United States,mobile,2020-11-25 03:50:37.953390 UTC,2020-11-25 04:43:07.967900 UTC,52.5
2020-11-25,2400077.10132253,Canada,desktop,2020-11-25 12:25:01.068487 UTC,2020-11-25 13:17:13.491139 UTC,52.2
2020-11-25,2558174.59106441,United States,desktop,2020-11-25 08:34:58.043199 UTC,2020-11-25 09:22:21.272355 UTC,47.38
2020-11-25,11303624.3432609,Germany,desktop,2020-11-25 05:32:08.987183 UTC,2020-11-25 06:17:23.434687 UTC,45.23
2020-11-25,62926115.250693,United States,desktop,2020-11-25 00:54:36.624481 UTC,2020-11-25 01:39:48.703003 UTC,45.2
2020-11-25,85684311.8708196,Israel,desktop,2020-11-25 21:02:08.653319 UTC,2020-11-25 21:45:25.638079 UTC,43.27
2020-11-25,7296831617.1672,Canada,mobile,2020-11-25 05:16:20.338878 UTC,2020-11-25 05:59:19.175893 UTC,42.97
2020-11-25,83486645.0419878,United States,desktop,2020-11-25 04:31:23.995692 UTC,2020-11-25 05:09:51.383448 UTC,38.45
2020-11-25,39816785.0776255,United States,mobile,2020-11-25 20:52:36.886972 UTC,2020-11-25 21:27:08.286322 UTC,34.52
2020-11-25,3231609.96154571,United States,desktop,2020-11-25 00:45:20.139334 UTC,2020-11-25 01:19:47.697330 UTC,34.45
2020-11-25,86920576.7783874,Canada,desktop,2020-11-25 07:36:49.168532 UTC,2020-11-25 08:08:05.733030 UTC,31.27
2020-11-25,56969245.0794104,Portugal,mobile,2020-11-25 07:38:34.467169 UTC,2020-11-25 08:08:45.864889 UTC,30.18
2020-11-25,9074382.16001405,Canada,mobile,2020-11-25 06:45:43.889444 UTC,2020-11-25 07:14:38.463869 UTC,28.9
2020-11-25,7563529.3170258,France,desktop,2020-11-25 20:18:25.804813 UTC,2020-11-25 20:47:12.240349 UTC,28.77
2020-11-25,2941370.97006614,Canada,mobile,2020-11-25 07:07:26.630968 UTC,2020-11-25 07:35:25.703596 UTC,27.98
2020-11-25,5413303.66319235,India,desktop,2020-11-25 06:05:39.540111 UTC,2020-11-25 06:33:17.296259 UTC,27.62
2020-11-25,49060364.7793501,United States,mobile,2020-11-25 17:29:52.351525 UTC,2020-11-25 17:57:10.095083 UTC,27.28
2020-11-25,6806152.53905814,Canada,mobile,2020-11-25 06:06:17.766341 UTC,2020-11-25 06:30:49.853177 UTC,24.53
2020-11-25,64120104.5265891,Dominican Republic,mobile,2020-11-25 21:12:33.775612 UTC,2020-11-25 21:36:25.096267 UTC,23.85
2020-11-25,8180003.10076825,Netherlands,mobile,2020-11-25 05:28:43.288418 UTC,2020-11-25 05:51:53.174574 UTC,23.15
2020-11-25,21679259.2288048,United States,desktop,2020-11-25 05:21:09.494508 UTC,2020-11-25 05:44:02.426569 UTC,22.87
2020-11-25,3018471.21871543,India,mobile,2020-11-25 03:46:23.610103 UTC,2020-11-25 04:08:44.814872 UTC,22.35
2020-11-25,13917611.4949733,Canada,desktop,2020-11-25 03:31:23.872403 UTC,2020-11-25 03:53:26.891742 UTC,22.05
2020-11-25,9004033.50648321,Canada,desktop,2020-11-25 17:48:23.949197 UTC,2020-11-25 18:08:57.468068 UTC,20.55
2020-11-25,49129255.3105543,United States,desktop,2020-11-25 14:59:22.215465 UTC,2020-11-25 15:19:40.230503 UTC,20.3
2020-11-25,62526775.3330591,United States,desktop,2020-11-25 04:42:36.456324 UTC,2020-11-25 05:02:27.448715 UTC,19.83
2020-11-25,5763685.35013212,Mexico,mobile,2020-11-25 05:08:41.430316 UTC,2020-11-25 05:28:12.903252 UTC,19.52
2020-11-25,2172982.0369247,Germany,mobile,2020-11-25 08:37:48.736331 UTC,2020-11-25 08:57:14.250350 UTC,19.42
2020-11-25,18614512.097622,Canada,mobile,2020-11-25 02:31:57.110245 UTC,2020-11-25 02:50:18.623469 UTC,18.35
2020-11-25,20295806.6156999,(not set),desktop,2020-11-25 09:55:46.249208 UTC,2020-11-25 10:14:05.430316 UTC,18.32
2020-11-25,1624875.94693541,Thailand,desktop,2020-11-25 03:38:40.343231 UTC,2020-11-25 03:56:58.292534 UTC,18.28
2020-11-25,41280451.5966697,India,desktop,2020-11-25 07:08:58.331439 UTC,2020-11-25 07:26:04.416698 UTC,17.1
2020-11-25,84510480.2085066,Netherlands,desktop,2020-11-25 12:38:08.477474 UTC,2020-11-25 12:55:14.608369 UTC,17.1
2020-11-25,64681465.68166,United Kingdom,mobile,2020-11-25 00:00:00.598043 UTC,2020-11-25 00:16:39.853484 UTC,16.65
2020-11-25,13965501.3079306,United States,tablet,2020-11-25 06:58:26.953523 UTC,2020-11-25 07:14:55.434218 UTC,16.47
2020-11-25,88662111.3937031,Hong Kong,desktop,2020-11-25 10:48:43.164218 UTC,2020-11-25 11:05:10.597709 UTC,16.45
2020-11-25,20875971.1554451,United States,desktop,2020-11-25 00:04:57.258780 UTC,2020-11-25 00:20:45.150503 UTC,15.78
2020-11-25,35966519.5288664,United States,desktop,2020-11-25 02:24:55.156083 UTC,2020-11-25 02:39:21.734758 UTC,14.43
2020-11-25,19538850.4860675,Poland,mobile,2020-11-25 12:38:21.469251 UTC,2020-11-25 12:52:33.931499 UTC,14.2
2020-11-25,8305679.20596165,Canada,mobile,2020-11-25 23:03:59.871345 UTC,2020-11-25 23:18:10.964668 UTC,14.18
2020-11-25,67692146.5227615,Canada,desktop,2020-11-25 16:31:01.891525 UTC,2020-11-25 16:43:45.964916 UTC,12.73
2020-11-25,82400392.9908324,Canada,mobile,2020-11-25 16:47:31.268166 UTC,2020-11-25 17:00:15.069286 UTC,12.72
2020-11-25,71706603.2631255,Spain,desktop,2020-11-25 02:18:19.794902 UTC,2020-11-25 02:30:59.414093 UTC,12.65
2020-11-25,39055352.8212242,United Kingdom,desktop,2020-11-25 00:59:54.327839 UTC,2020-11-25 01:11:31.151420 UTC,11.6
2020-11-25,8674320.39683229,India,mobile,2020-11-25 07:27:22.112717 UTC,2020-11-25 07:38:01.275948 UTC,10.65
2020-11-25,8824479.12306457,Poland,mobile,2020-11-25 22:18:31.570343 UTC,2020-11-25 22:29:11.112578 UTC,10.65
2020-11-25,60189896.9468765,India,desktop,2020-11-25 01:37:05.004765 UTC,2020-11-25 01:47:30.908785 UTC,10.42
2020-11-25,13691555.160923,Thailand,mobile,2020-11-25 11:59:11.720876 UTC,2020-11-25 12:09:22.169994 UTC,10.17
2020-11-25,27683683.6299831,United States,desktop,2020-11-25 08:47:56.024254 UTC,2020-11-25 08:58:01.696224 UTC,10.08
2020-11-25,85373859.0716916,Germany,desktop,2020-11-25 19:14:19.746231 UTC,2020-11-25 19:22:21.765875 UTC,8.03
2020-11-25,80123648.0068941,India,mobile,2020-11-25 23:07:41.771780 UTC,2020-11-25 23:15:37.438218 UTC,7.92
2020-11-25,93878179.6755259,Canada,mobile,2020-11-25 00:00:13.460416 UTC,2020-11-25 00:07:53.883681 UTC,7.67
2020-11-25,54090297.3676008,India,desktop,2020-11-25 09:31:58.039185 UTC,2020-11-25 09:39:15.336619 UTC,7.28
2020-11-25,63844773.7751809,United States,desktop,2020-11-25 00:53:13.133626 UTC,2020-11-25 00:58:21.868238 UTC,5.13
2020-11-25,3090061.72411219,Cambodia,desktop,2020-11-25 06:23:41.877029 UTC,2020-11-25 06:28:45.827476 UTC,5.05
2020-11-25,8636012.03481194,Colombia,desktop,2020-11-25 02:43:52.052309 UTC,2020-11-25 02:48:48.704321 UTC,4.93
2020-11-25,7827395.57079214,Australia,mobile,2020-11-25 10:20:32.899795 UTC,2020-11-25 10:25:26.968189 UTC,4.9
2020-11-25,6273742.76086586,United States,desktop,2020-11-25 03:44:55.322990 UTC,2020-11-25 03:49:40.060006 UTC,4.73
2020-11-25,58881820.3673642,Malta,desktop,2020-11-25 15:57:57.872957 UTC,2020-11-25 16:02:30.096219 UTC,4.53
2020-11-25,61404200.9076938,Poland,mobile,2020-11-25 16:10:58.456639 UTC,2020-11-25 16:15:02.796233 UTC,4.07
2020-11-25,24897047.2200127,United States,desktop,2020-11-25 06:24:43.108300 UTC,2020-11-25 06:28:18.788327 UTC,3.58
2020-11-25,28469804.2841019,India,desktop,2020-11-25 07:42:41.272004 UTC,2020-11-25 07:46:14.656697 UTC,3.55
2020-11-25,41219861.0962256,Taiwan,desktop,2020-11-25 00:29:10.788109 UTC,2020-11-25 00:31:33.442389 UTC,2.37
2020-11-25,3178736.66614665,France,desktop,2020-11-25 05:46:08.721255 UTC,2020-11-25 05:48:09.676379 UTC,2.0
2020-11-26,80825724.4005939,United States,mobile,2020-11-26 01:35:28.663471 UTC,2020-11-26 16:09:46.221099 UTC,874.28
2020-11-26,3952536.11534065,United States,desktop,2020-11-26 05:50:33.027628 UTC,2020-11-26 10:47:42.693567 UTC,297.15
2020-11-26,18469821.5170103,India,desktop,2020-11-26 16:16:46.901915 UTC,2020-11-26 18:14:20.681584 UTC,117.55
2020-11-26,90732736.8391346,Austria,mobile,2020-11-26 09:19:14.516989 UTC,2020-11-26 11:02:56.706765 UTC,103.7
2020-11-26,13429550.1174612,India,desktop,2020-11-26 05:08:05.945465 UTC,2020-11-26 06:17:22.046644 UTC,69.27
2020-11-26,39388951.3688006,United States,mobile,2020-11-26 00:44:13.417462 UTC,2020-11-26 01:48:35.656786 UTC,64.37
2020-11-26,11251067.8076493,United States,mobile,2020-11-26 05:12:06.475460 UTC,2020-11-26 06:14:12.438065 UTC,62.08
2020-11-26,39965653.03186,(not set),desktop,2020-11-26 12:12:22.018921 UTC,2020-11-26 12:57:01.168176 UTC,44.65
2020-11-26,59283995.2508616,United States,desktop,2020-11-26 17:06:45.822916 UTC,2020-11-26 17:48:07.669198 UTC,41.35
2020-11-26,56455488.8645523,Poland,desktop,2020-11-26 16:16:24.109057 UTC,2020-11-26 16:56:50.334409 UTC,40.43
2020-11-26,35522671.6536677,Australia,desktop,2020-11-26 11:41:27.129030 UTC,2020-11-26 12:17:19.386772 UTC,35.87
2020-11-26,21199689.963689,Nigeria,desktop,2020-11-26 12:38:28.451284 UTC,2020-11-26 13:11:21.951809 UTC,32.88
2020-11-26,1349811.12445593,New Zealand,mobile,2020-11-26 15:59:12.330550 UTC,2020-11-26 16:31:43.912055 UTC,32.52
2020-11-26,4579624.79931348,United States,desktop,2020-11-26 00:21:44.019452 UTC,2020-11-26 00:53:44.948535 UTC,32.0
2020-11-26,1577730.65363437,Peru,mobile,2020-11-26 23:20:02.640462 UTC,2020-11-26 23:50:14.812591 UTC,30.2
2020-11-26,1393292.73400255,India,desktop,2020-11-26 11:55:30.491095 UTC,2020-11-26 12:22:42.538333 UTC,27.2
2020-11-26,82790046.1686536,United States,mobile,2020-11-26 08:30:37.535814 UTC,2020-11-26 08:57:07.095362 UTC,26.48
2020-11-26,26890766.3795079,Vietnam,desktop,2020-11-26 22:41:08.469938 UTC,2020-11-26 23:06:24.909458 UTC,25.27
2020-11-26,88818213.3581061,Colombia,desktop,2020-11-26 20:58:37.469146 UTC,2020-11-26 21:23:45.352440 UTC,25.12
2020-11-26,25802072.3308665,United States,mobile,2020-11-26 12:08:35.947340 UTC,2020-11-26 12:32:07.490293 UTC,23.52
2020-11-26,47416269.1313769,United Kingdom,mobile,2020-11-26 16:05:20.625550 UTC,2020-11-26 16:28:27.317053 UTC,23.1
2020-11-26,80816097.5485623,United Kingdom,mobile,2020-11-26 13:27:03.360203 UTC,2020-11-26 13:49:02.264020 UTC,21.97
2020-11-26,24006366.1954329,Netherlands,mobile,2020-11-26 19:44:14.882937 UTC,2020-11-26 20:06:00.283795 UTC,21.75
2020-11-26,83481361.1817813,United States,mobile,2020-11-26 03:40:38.554961 UTC,2020-11-26 04:00:14.551878 UTC,19.58
2020-11-26,5846466.32418967,Spain,desktop,2020-11-26 01:12:01.769039 UTC,2020-11-26 01:31:18.222890 UTC,19.27
2020-11-26,78684961.6003391,(not set),mobile,2020-11-26 13:06:40.052902 UTC,2020-11-26 13:25:22.421485 UTC,18.7
2020-11-26,1439927.01456853,Ireland,mobile,2020-11-26 06:31:34.185461 UTC,2020-11-26 06:50:05.514933 UTC,18.52
2020-11-26,42899000.7454943,United States,mobile,2020-11-26 02:28:52.788849 UTC,2020-11-26 02:47:15.746090 UTC,18.37
2020-11-26,66209749.3358798,Turkey,mobile,2020-11-26 04:05:51.321690 UTC,2020-11-26 04:22:14.274763 UTC,16.37
2020-11-26,42828842.6548813,United States,mobile,2020-11-26 00:50:54.869198 UTC,2020-11-26 01:07:09.126092 UTC,16.23
2020-11-26,3327716.61394813,Spain,mobile,2020-11-26 00:04:34.282951 UTC,2020-11-26 00:20:46.923006 UTC,16.2
2020-11-26,43906788.754619,United States,desktop,2020-11-26 16:32:42.460073 UTC,2020-11-26 16:46:36.210653 UTC,13.88
2020-11-26,46734973.9290399,United States,desktop,2020-11-26 06:48:39.274306 UTC,2020-11-26 07:02:11.443164 UTC,13.53
2020-11-26,67990634.015191,United States,desktop,2020-11-26 04:55:17.126788 UTC,2020-11-26 05:08:22.115144 UTC,13.07
2020-11-26,35367039.8308787,United States,desktop,2020-11-26 12:49:37.537059 UTC,2020-11-26 13:02:34.066679 UTC,12.93
2020-11-26,28182246.9243158,United States,mobile,2020-11-26 08:25:15.024919 UTC,2020-11-26 08:38:04.385755 UTC,12.82
2020-11-26,68340330.6218248,United States,desktop,2020-11-26 01:49:46.431242 UTC,2020-11-26 02:02:23.913885 UTC,12.62
2020-11-26,88841711.954961,South Korea,desktop,2020-11-26 23:26:51.181514 UTC,2020-11-26 23:38:55.480501 UTC,12.07
2020-11-26,17687643.0735161,Canada,desktop,2020-11-26 11:01:57.827914 UTC,2020-11-26 11:13:58.122955 UTC,12.0
2020-11-26,6698358.49483591,Canada,mobile,2020-11-26 04:12:53.373669 UTC,2020-11-26 04:24:31.659918 UTC,11.63
2020-11-26,42405038.8323381,United States,desktop,2020-11-26 18:52:04.042486 UTC,2020-11-26 19:03:35.746195 UTC,11.52
2020-11-26,3921417.79498671,Spain,desktop,2020-11-26 03:00:32.276331 UTC,2020-11-26 03:11:05.102873 UTC,10.53
2020-11-26,3314192.64042893,Mongolia,tablet,2020-11-26 21:28:10.384019 UTC,2020-11-26 21:38:33.972515 UTC,10.38
2020-11-26,6030522.65679484,United Kingdom,desktop,2020-11-26 19:06:34.190972 UTC,2020-11-26 19:16:31.093805 UTC,9.93
2020-11-26,68296803.9320657,United States,mobile,2020-11-26 22:13:55.639779 UTC,2020-11-26 22:23:12.051192 UTC,9.27
2020-11-26,6044179.97133914,Germany,mobile,2020-11-26 14:35:05.940937 UTC,2020-11-26 14:44:20.267818 UTC,9.23
2020-11-26,80052422.3313734,United States,desktop,2020-11-26 00:11:10.955554 UTC,2020-11-26 00:20:08.282637 UTC,8.95
2020-11-26,4579730.26579474,United States,mobile,2020-11-26 21:18:22.607250 UTC,2020-11-26 21:26:35.902524 UTC,8.22
2020-11-26,29836460.5039155,United States,desktop,2020-11-26 06:17:45.456294 UTC,2020-11-26 06:25:32.329060 UTC,7.77
2020-11-26,6374509.05547383,United States,desktop,2020-11-26 03:38:25.360144 UTC,2020-11-26 03:45:46.380815 UTC,7.35
2020-11-26,1550859.56050021,Canada,mobile,2020-11-26 23:27:41.821092 UTC,2020-11-26 23:34:37.544259 UTC,6.92
2020-11-26,80208775.3915875,Vietnam,desktop,2020-11-26 00:00:57.488770 UTC,2020-11-26 00:07:26.982140 UTC,6.48
2020-11-26,12381181.9705732,United States,mobile,2020-11-26 11:03:02.842295 UTC,2020-11-26 11:09:30.767893 UTC,6.45
2020-11-26,7987433.05472508,United States,desktop,2020-11-26 00:43:04.416684 UTC,2020-11-26 00:45:07.870911 UTC,2.05
2020-11-27,64327920.9668348,France,desktop,2020-11-27 02:04:16.014525 UTC,2020-11-27 23:14:26.460568 UTC,1270.17
2020-11-27,7252675.90814914,United States,desktop,2020-11-27 10:43:33.449208 UTC,2020-11-27 22:10:54.169388 UTC,687.33
2020-11-27,71216083.882317,China,desktop,2020-11-27 05:25:02.190666 UTC,2020-11-27 16:02:02.432946 UTC,637.0
2020-11-27,40330172.705322,Belgium,mobile,2020-11-27 16:28:33.553426 UTC,2020-11-27 22:35:23.936293 UTC,366.83
2020-11-27,2372140.23006693,France,mobile,2020-11-27 14:37:40.461314 UTC,2020-11-27 20:21:59.906679 UTC,344.32
2020-11-27,64550506.5927581,Israel,desktop,2020-11-27 06:10:05.341668 UTC,2020-11-27 10:32:24.713602 UTC,262.32
2020-11-27,90269038.6613046,Taiwan,desktop,2020-11-27 12:52:46.281767 UTC,2020-11-27 16:51:48.056446 UTC,239.02
2020-11-27,67357465.5172454,United States,desktop,2020-11-27 04:41:28.087844 UTC,2020-11-27 08:11:21.118316 UTC,209.88
2020-11-27,12174342.2198928,Turkey,desktop,2020-11-27 10:18:28.267258 UTC,2020-11-27 12:47:04.472296 UTC,148.6
2020-11-27,1365954.52787448,United Kingdom,desktop,2020-11-27 12:34:08.822861 UTC,2020-11-27 14:50:46.891514 UTC,136.63
2020-11-27,2298657.21183042,United States,tablet,2020-11-27 06:37:59.042257 UTC,2020-11-27 08:26:13.919707 UTC,108.23
2020-11-27,7147579.20051444,United States,desktop,2020-11-27 21:31:06.705396 UTC,2020-11-27 23:01:46.682662 UTC,90.65
2020-11-27,59881976.181594,United States,desktop,2020-11-27 20:02:30.495066 UTC,2020-11-27 21:24:39.295585 UTC,82.13
2020-11-27,1822000.81280194,Indonesia,mobile,2020-11-27 01:17:00.988366 UTC,2020-11-27 02:29:27.509586 UTC,72.43
2020-11-27,47728220.5500104,Austria,desktop,2020-11-27 11:13:46.422414 UTC,2020-11-27 12:13:30.198753 UTC,59.72
2020-11-27,27563953.0157833,United Kingdom,desktop,2020-11-27 10:56:34.682991 UTC,2020-11-27 11:46:08.356461 UTC,49.55
2020-11-27,45257464.7895553,Canada,mobile,2020-11-27 05:23:18.905967 UTC,2020-11-27 06:11:31.888030 UTC,48.2
2020-11-27,90840499.7278556,Canada,desktop,2020-11-27 11:15:57.980308 UTC,2020-11-27 12:02:31.624929 UTC,46.55
2020-11-27,7970363.03219293,United States,mobile,2020-11-27 14:44:18.074719 UTC,2020-11-27 15:28:52.920909 UTC,44.57
2020-11-27,14763691.5596383,India,desktop,2020-11-27 22:04:45.685390 UTC,2020-11-27 22:46:47.997375 UTC,42.03
2020-11-27,3420993345.03744,India,desktop,2020-11-27 05:58:00.423355 UTC,2020-11-27 06:31:23.909110 UTC,33.38
2020-11-27,86388013.6727453,United States,desktop,2020-11-27 09:49:59.493358 UTC,2020-11-27 10:22:09.371148 UTC,32.15
2020-11-27,4064709.6809185,Russia,desktop,2020-11-27 15:20:14.180568 UTC,2020-11-27 15:52:02.777085 UTC,31.8
2020-11-27,46727904.9693724,United States,tablet,2020-11-27 08:16:15.454875 UTC,2020-11-27 08:46:13.595741 UTC,29.97
2020-11-27,74826760.8268644,United States,desktop,2020-11-27 08:57:26.766506 UTC,2020-11-27 09:27:21.817821 UTC,29.92
2020-11-27,59649348.483696,United States,mobile,2020-11-27 14:11:46.486749 UTC,2020-11-27 14:40:38.010905 UTC,28.85
2020-11-27,60436974.7396893,Singapore,desktop,2020-11-27 00:27:58.939161 UTC,2020-11-27 00:56:39.608164 UTC,28.67
2020-11-27,65904468.29207,India,desktop,2020-11-27 06:30:17.874233 UTC,2020-11-27 06:58:55.908287 UTC,28.63
2020-11-27,18236864.0194729,United States,mobile,2020-11-27 16:11:50.288157 UTC,2020-11-27 16:39:28.943793 UTC,27.63
2020-11-27,3237193.27793079,Romania,tablet,2020-11-27 03:07:38.641627 UTC,2020-11-27 03:35:02.630960 UTC,27.38
2020-11-27,1296696.7251929,Italy,desktop,2020-11-27 19:56:33.176124 UTC,2020-11-27 20:21:58.607927 UTC,25.42
2020-11-27,53425850.4089853,Turkey,desktop,2020-11-27 04:44:53.071177 UTC,2020-11-27 05:10:08.747616 UTC,25.25
2020-11-27,67425241.5630895,United States,desktop,2020-11-27 08:33:37.682568 UTC,2020-11-27 08:58:43.924991 UTC,25.1
2020-11-27,1380507.24874263,United States,mobile,2020-11-27 07:38:39.546129 UTC,2020-11-27 08:02:54.187800 UTC,24.23
2020-11-27,72038010.9868034,China,desktop,2020-11-27 08:34:03.054452 UTC,2020-11-27 08:57:37.160636 UTC,23.57
2020-11-27,62196716.901213,Brazil,mobile,2020-11-27 11:55:49.219777 UTC,2020-11-27 12:18:03.115458 UTC,22.22
2020-11-27,70070374.0319399,United Kingdom,desktop,2020-11-27 15:05:42.687445 UTC,2020-11-27 15:27:46.046607 UTC,22.05
2020-11-27,5786975.59492632,United States,desktop,2020-11-27 19:29:32.742194 UTC,2020-11-27 19:51:31.583243 UTC,21.97
2020-11-27,14271346.960462,United States,desktop,2020-11-27 23:28:33.922010 UTC,2020-11-27 23:50:08.671294 UTC,21.57
2020-11-27,81176111.0310368,United States,desktop,2020-11-27 23:27:04.448632 UTC,2020-11-27 23:48:18.994834 UTC,21.23
2020-11-27,87989440.4518895,Spain,mobile,2020-11-27 01:01:47.932237 UTC,2020-11-27 01:22:54.313131 UTC,21.1
2020-11-27,88242023.2250072,Thailand,desktop,2020-11-27 09:24:25.270691 UTC,2020-11-27 09:45:31.003650 UTC,21.08
2020-11-27,75627242.1231916,United States,desktop,2020-11-27 14:51:29.515889 UTC,2020-11-27 15:11:56.587187 UTC,20.45
2020-11-27,66664648.473002,Spain,mobile,2020-11-27 11:13:04.557499 UTC,2020-11-27 11:33:19.854058 UTC,20.25
2020-11-27,6483982.54929878,United States,mobile,2020-11-27 18:49:04.570690 UTC,2020-11-27 19:09:07.486325 UTC,20.03
2020-11-27,30860744.4931842,United Kingdom,mobile,2020-11-27 14:54:06.015444 UTC,2020-11-27 15:13:42.597657 UTC,19.6
2020-11-27,6208845.69738033,Australia,desktop,2020-11-27 04:48:46.386787 UTC,2020-11-27 05:05:44.307379 UTC,16.95
2020-11-27,6556724.67228411,South Korea,mobile,2020-11-27 17:38:06.120803 UTC,2020-11-27 17:54:59.584112 UTC,16.88
2020-11-27,58735415.2475008,Denmark,mobile,2020-11-27 13:47:53.223612 UTC,2020-11-27 14:04:30.142987 UTC,16.6
2020-11-27,85300829.7007575,United States,mobile,2020-11-27 21:05:52.813584 UTC,2020-11-27 21:22:14.902908 UTC,16.37
2020-11-27,6961058.72442074,United States,desktop,2020-11-27 00:46:05.799574 UTC,2020-11-27 01:02:27.719646 UTC,16.35
2020-11-27,65671033.8875667,United States,desktop,2020-11-27 06:52:14.569977 UTC,2020-11-27 07:08:18.811742 UTC,16.07
2020-11-27,29707188.6359473,Peru,mobile,2020-11-27 11:18:38.591361 UTC,2020-11-27 11:34:30.357179 UTC,15.85
2020-11-27,59283995.2508616,United States,desktop,2020-11-27 02:12:44.713433 UTC,2020-11-27 02:28:18.020341 UTC,15.55
2020-11-27,38358825.7762836,Sweden,mobile,2020-11-27 04:39:58.162494 UTC,2020-11-27 04:55:31.597701 UTC,15.55
2020-11-27,8974847.14663171,China,mobile,2020-11-27 21:57:50.144865 UTC,2020-11-27 22:11:47.966598 UTC,13.95
2020-11-27,4999996.39746199,Singapore,desktop,2020-11-27 15:57:58.689708 UTC,2020-11-27 16:11:26.107043 UTC,13.45
2020-11-27,2608321.77541879,Spain,desktop,2020-11-27 16:42:46.367648 UTC,2020-11-27 16:55:38.360649 UTC,12.85
2020-11-27,17600486.2275967,China,tablet,2020-11-27 15:21:54.078255 UTC,2020-11-27 15:34:35.298985 UTC,12.68
2020-11-27,3318051.72342164,United States,desktop,2020-11-27 01:35:19.278924 UTC,2020-11-27 01:46:55.065797 UTC,11.58
2020-11-27,7771300.13381676,United States,desktop,2020-11-27 01:33:58.939694 UTC,2020-11-27 01:45:32.600996 UTC,11.55
2020-11-27,55516909.1481036,United States,mobile,2020-11-27 14:37:53.014764 UTC,2020-11-27 14:49:18.063408 UTC,11.42
2020-11-27,6266986.56181923,Japan,mobile,2020-11-27 23:30:27.334110 UTC,2020-11-27 23:41:48.841589 UTC,11.35
2020-11-27,58118425.1462158,United States,mobile,2020-11-27 21:08:19.034364 UTC,2020-11-27 21:19:31.997493 UTC,11.2
2020-11-27,48759743.3897304,Spain,desktop,2020-11-27 19:09:57.451164 UTC,2020-11-27 19:20:55.759552 UTC,10.97
2020-11-27,5448650.20984992,United States,mobile,2020-11-27 11:37:58.755088 UTC,2020-11-27 11:48:55.151052 UTC,10.93
2020-11-27,58104072.2659495,(not set),mobile,2020-11-27 19:57:44.664737 UTC,2020-11-27 20:07:59.395967 UTC,10.23
2020-11-27,1423291.2795508,Australia,mobile,2020-11-27 08:40:02.317205 UTC,2020-11-27 08:49:58.644578 UTC,9.93
2020-11-27,1872347.32879932,United States,desktop,2020-11-27 02:35:56.154977 UTC,2020-11-27 02:45:47.821817 UTC,9.85
2020-11-27,44468077.6188155,United States,mobile,2020-11-27 00:02:42.851824 UTC,2020-11-27 00:12:28.997108 UTC,9.77
2020-11-27,1367614.49128107,United States,mobile,2020-11-27 08:17:33.469628 UTC,2020-11-27 08:27:08.551306 UTC,9.58
2020-11-27,6503894.5603898,Colombia,mobile,2020-11-27 18:06:34.944790 UTC,2020-11-27 18:16:09.247314 UTC,9.57
2020-11-27,22809713.5594396,Singapore,mobile,2020-11-27 13:09:22.360926 UTC,2020-11-27 13:18:05.550347 UTC,8.72
2020-11-27,7287329.62508179,United States,desktop,2020-11-27 21:11:07.807624 UTC,2020-11-27 21:19:00.753709 UTC,7.87
2020-11-27,3346211.78090452,United States,desktop,2020-11-27 04:07:42.679160 UTC,2020-11-27 04:15:34.408866 UTC,7.85
2020-11-27,5073051.00728498,Mexico,desktop,2020-11-27 10:41:28.557245 UTC,2020-11-27 10:49:07.051055 UTC,7.63
2020-11-27,30097569.9708723,United States,mobile,2020-11-27 10:49:56.757388 UTC,2020-11-27 10:57:31.339764 UTC,7.57
2020-11-27,8067602.4980547,United States,desktop,2020-11-27 14:29:11.891377 UTC,2020-11-27 14:36:24.402493 UTC,7.2
2020-11-27,64451489.611702,United States,desktop,2020-11-27 00:00:38.940773 UTC,2020-11-27 00:07:42.074583 UTC,7.05
2020-11-27,38790830.3670861,United States,mobile,2020-11-27 05:31:33.073416 UTC,2020-11-27 05:38:16.547774 UTC,6.72
2020-11-27,47560404.3476867,Colombia,desktop,2020-11-27 16:35:39.739677 UTC,2020-11-27 16:42:19.462038 UTC,6.65
2020-11-27,7378247.22883411,United States,desktop,2020-11-27 10:12:04.109169 UTC,2020-11-27 10:18:28.768168 UTC,6.4
2020-11-27,59440318.5200475,United States,desktop,2020-11-27 10:18:34.807899 UTC,2020-11-27 10:23:38.094113 UTC,5.05
2020-11-27,45089539.3509396,United States,desktop,2020-11-27 10:30:28.979444 UTC,2020-11-27 10:35:11.000617 UTC,4.7
2020-11-27,5066816.62573756,India,desktop,2020-11-27 11:55:07.341619 UTC,2020-11-27 11:59:38.436248 UTC,4.52
2020-11-27,3597047.35084774,United States,desktop,2020-11-27 01:46:43.384583 UTC,2020-11-27 01:50:38.487197 UTC,3.92
2020-11-27,6191638.28893492,United States,mobile,2020-11-27 19:50:49.089121 UTC,2020-11-27 19:54:26.641362 UTC,3.62
2020-11-27,72273077.0200111,Thailand,mobile,2020-11-27 06:10:09.306889 UTC,2020-11-27 06:12:45.195846 UTC,2.58
2020-11-27,5982257.36753545,United Kingdom,desktop,2020-11-27 02:11:23.614027 UTC,2020-11-27 02:13:44.718863 UTC,2.35
2020-11-28,88553552.9857813,United States,mobile,2020-11-28 01:10:00.413378 UTC,2020-11-28 20:24:36.689763 UTC,1154.6
2020-11-28,7782987.22026609,Canada,desktop,2020-11-28 10:53:12.521866 UTC,2020-11-28 16:16:05.668930 UTC,322.88
2020-11-28,3415609.97177197,Canada,mobile,2020-11-28 04:01:16.277924 UTC,2020-11-28 08:40:03.065013 UTC,278.77
2020-11-28,1384229.16475604,United States,desktop,2020-11-28 12:15:57.297238 UTC,2020-11-28 15:28:11.481563 UTC,192.23
2020-11-28,90781020.1958966,Austria,mobile,2020-11-28 20:21:19.339639 UTC,2020-11-28 22:28:49.049720 UTC,127.48
2020-11-28,58921879.4348134,United States,desktop,2020-11-28 03:14:32.959336 UTC,2020-11-28 05:17:15.506257 UTC,122.7
2020-11-28,2921448.28828924,Sweden,mobile,2020-11-28 10:24:04.894088 UTC,2020-11-28 12:26:12.218714 UTC,122.12
2020-11-28,83739349.8729103,United States,desktop,2020-11-28 00:14:21.837177 UTC,2020-11-28 01:57:04.470306 UTC,102.7
2020-11-28,4006408.41918288,Belgium,desktop,2020-11-28 13:26:22.461390 UTC,2020-11-28 14:55:32.527709 UTC,89.17
2020-11-28,6759360.47647208,United States,mobile,2020-11-28 15:17:59.107434 UTC,2020-11-28 16:44:08.968935 UTC,86.15
2020-11-28,13492985.1319836,India,mobile,2020-11-28 06:55:06.385158 UTC,2020-11-28 07:57:24.159579 UTC,62.28
2020-11-28,30498398.9352285,Canada,mobile,2020-11-28 17:46:41.504112 UTC,2020-11-28 18:45:59.667619 UTC,59.3
2020-11-28,2314652.78959168,United States,desktop,2020-11-28 10:26:31.296038 UTC,2020-11-28 11:19:29.236470 UTC,52.95
2020-11-28,3237193.27793079,Romania,tablet,2020-11-28 13:08:42.134321 UTC,2020-11-28 14:01:10.506441 UTC,52.47
2020-11-28,8694256.38213307,Colombia,mobile,2020-11-28 05:39:35.931197 UTC,2020-11-28 06:27:07.638335 UTC,47.52
2020-11-28,53159985.2898572,United States,mobile,2020-11-28 16:10:33.371675 UTC,2020-11-28 16:56:18.214167 UTC,45.73
2020-11-28,35315894.9355065,Germany,mobile,2020-11-28 08:48:37.481963 UTC,2020-11-28 09:32:36.441084 UTC,43.97
2020-11-28,80102056.6809389,United States,desktop,2020-11-28 00:00:10.582536 UTC,2020-11-28 00:43:21.569862 UTC,43.17
2020-11-28,3441773.4810399,United States,mobile,2020-11-28 13:25:11.984134 UTC,2020-11-28 14:06:11.453004 UTC,40.98
2020-11-28,12152291.1519358,United States,mobile,2020-11-28 01:21:42.857440 UTC,2020-11-28 02:02:40.952017 UTC,40.97
2020-11-28,73714607.3371536,United States,mobile,2020-11-28 17:12:51.020843 UTC,2020-11-28 17:53:45.570580 UTC,40.9
2020-11-28,18383544.6572002,India,desktop,2020-11-28 10:48:38.368280 UTC,2020-11-28 11:29:25.603749 UTC,40.78
2020-11-28,5027137.83565706,United States,desktop,2020-11-28 09:58:42.144602 UTC,2020-11-28 10:37:43.762334 UTC,39.02
2020-11-28,5579251.30240796,United States,desktop,2020-11-28 03:05:20.886648 UTC,2020-11-28 03:41:16.285499 UTC,35.92
2020-11-28,1131754.52652779,United States,desktop,2020-11-28 13:31:33.839061 UTC,2020-11-28 14:04:34.231881 UTC,33.0
2020-11-28,66546232.8761568,United States,desktop,2020-11-28 05:44:57.557637 UTC,2020-11-28 06:14:59.095318 UTC,30.02
2020-11-28,31298789.9980288,India,mobile,2020-11-28 20:15:16.084295 UTC,2020-11-28 20:44:03.439217 UTC,28.78
2020-11-28,79556001.9340338,United States,desktop,2020-11-28 05:50:16.482267 UTC,2020-11-28 06:17:35.857221 UTC,27.32
2020-11-28,67778099.072851,United States,desktop,2020-11-28 08:49:56.895219 UTC,2020-11-28 09:16:43.482309 UTC,26.77
2020-11-28,82678941.389563,United States,desktop,2020-11-28 20:56:49.423559 UTC,2020-11-28 21:22:05.520420 UTC,25.27
2020-11-28,3938933.94491343,Finland,mobile,2020-11-28 02:59:05.365514 UTC,2020-11-28 03:24:16.563012 UTC,25.18
2020-11-28,4325314.49099524,South Korea,mobile,2020-11-28 05:19:02.943546 UTC,2020-11-28 05:44:02.106535 UTC,24.98
2020-11-28,1300033.47501222,France,mobile,2020-11-28 05:01:56.475864 UTC,2020-11-28 05:26:27.259752 UTC,24.5
2020-11-28,21872031.3119669,United States,mobile,2020-11-28 00:44:04.657666 UTC,2020-11-28 01:08:08.414754 UTC,24.05
2020-11-28,5632809.7175073,United States,mobile,2020-11-28 02:58:45.576993 UTC,2020-11-28 03:22:15.762712 UTC,23.5
2020-11-28,2414029.47750089,United States,desktop,2020-11-28 05:39:25.962312 UTC,2020-11-28 06:01:11.051678 UTC,21.75
2020-11-28,6080877.80857627,United States,mobile,2020-11-28 00:09:28.804188 UTC,2020-11-28 00:30:00.199324 UTC,20.52
2020-11-28,6266986.56181923,Japan,mobile,2020-11-28 12:09:04.798259 UTC,2020-11-28 12:29:24.415181 UTC,20.32
2020-11-28,7528889.59739633,Canada,mobile,2020-11-28 20:23:21.907814 UTC,2020-11-28 20:43:22.153496 UTC,20.0
2020-11-28,49625864.9176816,India,desktop,2020-11-28 08:00:48.332547 UTC,2020-11-28 08:19:59.016493 UTC,19.17
2020-11-28,11370250.6795005,United States,mobile,2020-11-28 03:10:45.260821 UTC,2020-11-28 03:28:25.100869 UTC,17.65
2020-11-28,59150872.6355994,United States,mobile,2020-11-28 06:29:41.357018 UTC,2020-11-28 06:47:13.591745 UTC,17.53
2020-11-28,28193094.1619179,Costa Rica,desktop,2020-11-28 01:03:23.763614 UTC,2020-11-28 01:20:01.229497 UTC,16.62
2020-11-28,2992162.78164958,Greece,desktop,2020-11-28 12:47:48.549650 UTC,2020-11-28 13:04:18.631387 UTC,16.5
2020-11-28,45237746.5667441,United States,desktop,2020-11-28 02:19:54.538635 UTC,2020-11-28 02:36:22.491846 UTC,16.45
2020-11-28,52556132.9245922,United States,desktop,2020-11-28 15:41:21.771587 UTC,2020-11-28 15:56:37.917284 UTC,15.27
2020-11-28,62856019.3238415,India,desktop,2020-11-28 09:53:24.274418 UTC,2020-11-28 10:08:37.169077 UTC,15.2
2020-11-28,8978772.4955738,United States,desktop,2020-11-28 16:41:55.531849 UTC,2020-11-28 16:55:32.459556 UTC,13.6
2020-11-28,89569133.8053314,Portugal,desktop,2020-11-28 05:10:31.980310 UTC,2020-11-28 05:24:05.026256 UTC,13.55
2020-11-28,51727598.3439876,United States,desktop,2020-11-28 22:13:36.873462 UTC,2020-11-28 22:26:27.576252 UTC,12.83
2020-11-28,90535239.2552572,United States,desktop,2020-11-28 02:54:04.545465 UTC,2020-11-28 03:06:39.478440 UTC,12.57
2020-11-28,7750159.65053123,United States,desktop,2020-11-28 11:05:10.154372 UTC,2020-11-28 11:17:42.193797 UTC,12.53
2020-11-28,72926454.8269061,India,mobile,2020-11-28 01:21:31.164432 UTC,2020-11-28 01:33:49.515415 UTC,12.3
2020-11-28,67165994.3239573,United States,desktop,2020-11-28 09:59:20.721593 UTC,2020-11-28 10:11:18.343105 UTC,11.95
2020-11-28,75449906.046574,United States,mobile,2020-11-28 03:08:26.526692 UTC,2020-11-28 03:19:45.888259 UTC,11.32
2020-11-28,7991866.13782766,United States,mobile,2020-11-28 06:13:19.984049 UTC,2020-11-28 06:24:32.266505 UTC,11.2
2020-11-28,73739017.8732867,Russia,desktop,2020-11-28 18:22:18.361095 UTC,2020-11-28 18:32:52.813300 UTC,10.57
2020-11-28,60884649.3274819,France,mobile,2020-11-28 10:32:40.887140 UTC,2020-11-28 10:42:36.534122 UTC,9.92
2020-11-28,2264577.00208806,United States,desktop,2020-11-28 22:21:05.450059 UTC,2020-11-28 22:30:40.135345 UTC,9.57
2020-11-28,55546439.3506549,India,mobile,2020-11-28 07:51:51.173198 UTC,2020-11-28 08:01:00.414172 UTC,9.15
2020-11-28,2357215.06399342,Pakistan,mobile,2020-11-28 03:23:51.579769 UTC,2020-11-28 03:31:56.798968 UTC,8.08
2020-11-28,7361524.32465634,United States,desktop,2020-11-28 06:11:26.219303 UTC,2020-11-28 06:19:23.687424 UTC,7.95
2020-11-28,45408917.7275708,Malaysia,desktop,2020-11-28 14:39:48.467551 UTC,2020-11-28 14:47:33.550780 UTC,7.75
2020-11-28,86936215.6636494,Canada,desktop,2020-11-28 21:13:37.072030 UTC,2020-11-28 21:21:05.204126 UTC,7.47
2020-11-28,1112480.2331977,United States,mobile,2020-11-28 03:26:39.054739 UTC,2020-11-28 03:34:03.315015 UTC,7.4
2020-11-28,8563529.88766816,United States,mobile,2020-11-28 06:30:55.651436 UTC,2020-11-28 06:38:12.939141 UTC,7.28
2020-11-28,59061039.5435612,Switzerland,desktop,2020-11-28 14:25:49.226001 UTC,2020-11-28 14:32:47.766432 UTC,6.97
2020-11-28,5357426.02161063,India,desktop,2020-11-28 13:09:21.646606 UTC,2020-11-28 13:15:48.796419 UTC,6.45
2020-11-28,6050400.15929343,United States,mobile,2020-11-28 10:30:32.003727 UTC,2020-11-28 10:36:33.167353 UTC,6.02
2020-11-28,624755220.726984,Taiwan,mobile,2020-11-28 09:01:10.356253 UTC,2020-11-28 09:06:54.715350 UTC,5.73
2020-11-28,8968170.21499892,United States,mobile,2020-11-28 19:09:12.986526 UTC,2020-11-28 19:13:47.559519 UTC,4.57
2020-11-28,88367970.2111524,Austria,tablet,2020-11-28 10:28:17.603585 UTC,2020-11-28 10:32:09.436299 UTC,3.85
2020-11-28,82626745.7161424,(not set),mobile,2020-11-28 16:30:51.191242 UTC,2020-11-28 16:34:30.552768 UTC,3.65
2020-11-29,8893175.39379093,Netherlands,desktop,2020-11-29 03:51:21.985872 UTC,2020-11-29 21:47:18.386279 UTC,1075.93
2020-11-29,2003912.97606696,Romania,desktop,2020-11-29 14:33:12.269208 UTC,2020-11-29 19:38:11.709263 UTC,304.98
2020-11-29,60946114.0900351,Palestine,desktop,2020-11-29 15:42:09.226690 UTC,2020-11-29 19:24:20.241127 UTC,222.18
2020-11-29,5067255.5671603,Taiwan,desktop,2020-11-29 16:04:01.706397 UTC,2020-11-29 19:17:19.901303 UTC,193.3
2020-11-29,41721597.7658078,Saudi Arabia,desktop,2020-11-29 14:44:43.606743 UTC,2020-11-29 16:50:53.152119 UTC,126.15
2020-11-29,7193125.59828491,Denmark,desktop,2020-11-29 06:01:36.118808 UTC,2020-11-29 07:46:48.878143 UTC,105.2
2020-11-29,7674529.88171751,India,desktop,2020-11-29 16:55:39.852261 UTC,2020-11-29 18:23:19.654886 UTC,87.65
2020-11-29,50546952.1039923,United States,tablet,2020-11-29 04:38:08.567211 UTC,2020-11-29 06:02:06.329637 UTC,83.95
2020-11-29,68044065.2390765,India,desktop,2020-11-29 10:29:20.809131 UTC,2020-11-29 11:49:23.841680 UTC,80.05
2020-11-29,37018412.5979992,United States,desktop,2020-11-29 20:13:59.728733 UTC,2020-11-29 21:21:48.709057 UTC,67.8
2020-11-29,62991524.4066296,United States,mobile,2020-11-29 01:26:41.729552 UTC,2020-11-29 02:07:44.146983 UTC,41.03
2020-11-29,23521075.3819657,Switzerland,desktop,2020-11-29 00:43:39.643609 UTC,2020-11-29 01:24:35.581948 UTC,40.92
2020-11-29,9101213.90637285,United States,mobile,2020-11-29 19:06:36.181349 UTC,2020-11-29 19:41:57.250380 UTC,35.35
2020-11-29,3336646.49745694,Denmark,mobile,2020-11-29 02:14:15.754567 UTC,2020-11-29 02:47:25.483433 UTC,33.15
2020-11-29,5925851.95543605,Brazil,mobile,2020-11-29 19:07:17.920309 UTC,2020-11-29 19:38:26.333344 UTC,31.13
2020-11-29,5305452.1871311,Malaysia,desktop,2020-11-29 16:30:45.435264 UTC,2020-11-29 16:59:48.733026 UTC,29.05
2020-11-29,20664857.092727,India,mobile,2020-11-29 13:02:36.118606 UTC,2020-11-29 13:31:31.766904 UTC,28.92
2020-11-29,26003572.11324,United States,desktop,2020-11-29 06:54:20.120921 UTC,2020-11-29 07:23:07.340204 UTC,28.78
2020-11-29,24372566.3302802,United States,desktop,2020-11-29 17:23:46.377913 UTC,2020-11-29 17:51:16.614213 UTC,27.5
2020-11-29,39848806.8098859,Canada,desktop,2020-11-29 07:23:28.246153 UTC,2020-11-29 07:50:48.772107 UTC,27.33
2020-11-29,5050584.37713386,Canada,mobile,2020-11-29 22:32:05.602354 UTC,2020-11-29 22:57:30.819664 UTC,25.42
2020-11-29,88361744.4940705,United States,desktop,2020-11-29 10:13:12.285651 UTC,2020-11-29 10:37:42.998233 UTC,24.5
2020-11-29,5098405.27666622,United States,mobile,2020-11-29 17:39:53.331382 UTC,2020-11-29 18:04:13.501505 UTC,24.33
2020-11-29,1344816.60344527,Kazakhstan,mobile,2020-11-29 02:59:32.690332 UTC,2020-11-29 03:21:39.706900 UTC,22.12
2020-11-29,5711591.47993314,Sri Lanka,mobile,2020-11-29 14:15:43.393134 UTC,2020-11-29 14:35:17.086048 UTC,19.55
2020-11-29,7688722.67068298,United States,mobile,2020-11-29 05:01:30.473654 UTC,2020-11-29 05:20:16.026983 UTC,18.75
2020-11-29,27576412.5755687,United States,mobile,2020-11-29 22:35:39.749964 UTC,2020-11-29 22:53:35.532006 UTC,17.92
2020-11-29,2663381.11282444,Vietnam,desktop,2020-11-29 01:22:17.275907 UTC,2020-11-29 01:40:12.083379 UTC,17.9
2020-11-29,85466983.8102126,United States,desktop,2020-11-29 18:31:29.098361 UTC,2020-11-29 18:47:56.600570 UTC,16.45
2020-11-29,54702927.8397025,Canada,desktop,2020-11-29 17:43:32.286754 UTC,2020-11-29 17:59:07.382801 UTC,15.58
2020-11-29,2638531.49379465,India,desktop,2020-11-29 12:41:12.923193 UTC,2020-11-29 12:54:30.729854 UTC,13.28
2020-11-29,51433042.8245699,United States,mobile,2020-11-29 09:37:52.856493 UTC,2020-11-29 09:48:48.644389 UTC,10.92
2020-11-29,79260143.2564567,Canada,desktop,2020-11-29 08:19:25.972836 UTC,2020-11-29 08:29:21.688569 UTC,9.92
2020-11-29,2073739361.54594,Singapore,tablet,2020-11-29 10:25:49.871725 UTC,2020-11-29 10:35:42.198267 UTC,9.87
2020-11-29,12720798.7319314,Finland,desktop,2020-11-29 16:30:38.214224 UTC,2020-11-29 16:39:11.580882 UTC,8.55
2020-11-29,56010660.0104477,Germany,desktop,2020-11-29 12:29:42.528194 UTC,2020-11-29 12:37:58.254578 UTC,8.25
2020-11-29,4036650209.14542,United States,desktop,2020-11-29 06:20:03.252416 UTC,2020-11-29 06:27:29.468444 UTC,7.43
2020-11-29,3261850.22527149,United States,mobile,2020-11-29 20:35:09.611815 UTC,2020-11-29 20:41:48.485552 UTC,6.63
2020-11-29,3486854476.94057,Canada,mobile,2020-11-29 01:15:19.518823 UTC,2020-11-29 01:21:58.213625 UTC,6.63
2020-11-29,9038823.99789769,Pakistan,desktop,2020-11-29 14:57:40.634498 UTC,2020-11-29 15:03:55.500223 UTC,6.23
2020-11-29,6762805.60171887,Canada,mobile,2020-11-29 13:20:30.572425 UTC,2020-11-29 13:26:43.735748 UTC,6.22
2020-11-29,80465212.0037269,Thailand,mobile,2020-11-29 13:38:30.590192 UTC,2020-11-29 13:44:31.993434 UTC,6.02
2020-11-29,76553297.6424575,United States,mobile,2020-11-29 17:36:59.754549 UTC,2020-11-29 17:41:59.254121 UTC,4.98
2020-11-29,2228267.97733623,United States,desktop,2020-11-29 13:30:40.440227 UTC,2020-11-29 13:34:27.326894 UTC,3.77
2020-11-29,7254379.8573622,South Korea,desktop,2020-11-29 13:18:44.280246 UTC,2020-11-29 13:22:30.189734 UTC,3.75
2020-11-29,27181517.9278849,Canada,mobile,2020-11-29 08:30:17.553844 UTC,2020-11-29 08:33:51.641264 UTC,3.57
2020-11-29,24746976.7398576,India,desktop,2020-11-29 16:17:33.969324 UTC,2020-11-29 16:21:02.507570 UTC,3.47
2020-11-29,2582683.59500782,Mexico,desktop,2020-11-29 11:37:01.169895 UTC,2020-11-29 11:40:04.449309 UTC,3.05
2020-11-30,38018259.3746869,Canada,desktop,2020-11-30 07:58:06.289840 UTC,2020-11-30 20:29:41.558851 UTC,751.58
2020-11-30,78221431.2724111,Canada,desktop,2020-11-30 10:34:21.479311 UTC,2020-11-30 22:59:51.669717 UTC,745.5
2020-11-30,3285062.23874691,United States,mobile,2020-11-30 08:48:10.701430 UTC,2020-11-30 20:04:54.592662 UTC,676.72
2020-11-30,58083221.3332935,United States,desktop,2020-11-30 01:30:17.977619 UTC,2020-11-30 12:12:25.331211 UTC,642.12
2020-11-30,6429413943.09757,Hong Kong,tablet,2020-11-30 08:11:53.910757 UTC,2020-11-30 16:37:41.712179 UTC,505.78
2020-11-30,56058107.1090429,China,mobile,2020-11-30 09:48:31.197563 UTC,2020-11-30 18:10:13.136693 UTC,501.68
2020-11-30,93790140.2924262,United States,desktop,2020-11-30 11:52:39.554532 UTC,2020-11-30 18:35:55.783116 UTC,403.27
2020-11-30,63177378.7681474,United States,mobile,2020-11-30 05:31:48.955046 UTC,2020-11-30 10:14:06.470443 UTC,282.28
2020-11-30,8224884.58173852,United States,desktop,2020-11-30 17:06:51.470981 UTC,2020-11-30 21:18:56.382444 UTC,252.07
2020-11-30,4096423.26477408,United States,mobile,2020-11-30 10:16:58.305877 UTC,2020-11-30 14:03:00.328429 UTC,226.03
2020-11-30,43719217.6938465,Ireland,mobile,2020-11-30 11:08:11.592967 UTC,2020-11-30 14:43:52.659098 UTC,215.68
2020-11-30,6307506.08972756,United States,desktop,2020-11-30 20:24:17.740466 UTC,2020-11-30 23:56:35.597293 UTC,212.28
2020-11-30,82102048.1975466,United Kingdom,desktop,2020-11-30 00:31:51.111368 UTC,2020-11-30 03:45:58.246778 UTC,194.12
2020-11-30,55859279.1828704,United States,mobile,2020-11-30 12:15:57.269572 UTC,2020-11-30 15:18:46.816799 UTC,182.82
2020-11-30,7231269.90493008,United States,desktop,2020-11-30 09:21:53.780438 UTC,2020-11-30 12:12:13.011870 UTC,170.32
2020-11-30,35733270.6791628,Canada,mobile,2020-11-30 02:53:36.300093 UTC,2020-11-30 05:23:50.892355 UTC,150.23
2020-11-30,1192137.70385314,United States,mobile,2020-11-30 06:45:52.889701 UTC,2020-11-30 09:12:38.496661 UTC,146.75
2020-11-30,2448440.09558465,Poland,desktop,2020-11-30 15:29:03.305388 UTC,2020-11-30 17:24:18.054945 UTC,115.23
2020-11-30,7836037.11823136,United States,desktop,2020-11-30 14:48:40.772373 UTC,2020-11-30 16:40:40.935581 UTC,112.0
2020-11-30,2221714.1060184,United States,desktop,2020-11-30 11:23:14.191273 UTC,2020-11-30 13:14:49.607652 UTC,111.58
2020-11-30,42669696.4294515,Taiwan,desktop,2020-11-30 04:27:26.040800 UTC,2020-11-30 05:47:25.717205 UTC,79.98
2020-11-30,45440207.6630333,United States,desktop,2020-11-30 09:16:56.944497 UTC,2020-11-30 10:27:58.507254 UTC,71.02
2020-11-30,17360922.4174805,United States,desktop,2020-11-30 09:07:36.737714 UTC,2020-11-30 10:16:07.132884 UTC,68.5
2020-11-30,50121199.4323445,Canada,mobile,2020-11-30 19:36:24.497926 UTC,2020-11-30 20:40:20.019528 UTC,63.92
2020-11-30,10941030.2175902,Argentina,mobile,2020-11-30 03:04:58.995618 UTC,2020-11-30 04:05:46.553001 UTC,60.78
2020-11-30,7680193331.87402,Canada,desktop,2020-11-30 17:23:17.886311 UTC,2020-11-30 18:16:06.940366 UTC,52.82
2020-11-30,52190515.2041872,Canada,desktop,2020-11-30 07:02:12.799997 UTC,2020-11-30 07:53:43.709138 UTC,51.5
2020-11-30,75429761.7297824,United States,desktop,2020-11-30 01:41:57.931281 UTC,2020-11-30 02:31:55.883844 UTC,49.95
2020-11-30,2049470.15670306,Greece,mobile,2020-11-30 19:39:11.456787 UTC,2020-11-30 20:25:59.629987 UTC,46.8
2020-11-30,5060718.95965659,Mexico,mobile,2020-11-30 17:06:50.211092 UTC,2020-11-30 17:50:49.925981 UTC,43.98
2020-11-30,26822369.231854,Spain,mobile,2020-11-30 03:38:12.246205 UTC,2020-11-30 04:21:59.966532 UTC,43.78
2020-11-30,8822912.12861285,United States,mobile,2020-11-30 20:53:58.912357 UTC,2020-11-30 21:35:54.318247 UTC,41.92
2020-11-30,2241964.81781774,United States,desktop,2020-11-30 01:29:19.081742 UTC,2020-11-30 02:11:08.393660 UTC,41.82
2020-11-30,1395824.16229928,United States,mobile,2020-11-30 16:33:38.715147 UTC,2020-11-30 17:14:37.727161 UTC,40.98
2020-11-30,1452482.73243317,South Korea,mobile,2020-11-30 05:24:33.461019 UTC,2020-11-30 06:05:17.623782 UTC,40.73
2020-11-30,2873862.93093887,United States,mobile,2020-11-30 04:35:40.726174 UTC,2020-11-30 05:15:56.883648 UTC,40.27
2020-11-30,11176286.2780407,United States,mobile,2020-11-30 11:07:50.808838 UTC,2020-11-30 11:47:24.159489 UTC,39.55
2020-11-30,98020186.6825178,Germany,mobile,2020-11-30 10:49:47.110650 UTC,2020-11-30 11:29:05.154403 UTC,39.3
2020-11-30,3519862.55009553,Canada,desktop,2020-11-30 20:02:39.394796 UTC,2020-11-30 20:41:41.818266 UTC,39.03
2020-11-30,22342515.7470426,United States,desktop,2020-11-30 22:48:45.853930 UTC,2020-11-30 23:27:27.259375 UTC,38.68
2020-11-30,55069846.3105567,United States,mobile,2020-11-30 00:00:46.625603 UTC,2020-11-30 00:38:02.541706 UTC,37.25
2020-11-30,76219348.8581271,United Arab Emirates,desktop,2020-11-30 23:09:28.843672 UTC,2020-11-30 23:44:56.877095 UTC,35.47
2020-11-30,31825674.2113685,Netherlands,desktop,2020-11-30 17:36:30.077589 UTC,2020-11-30 18:11:23.824507 UTC,34.88
2020-11-30,6272530.12638098,United States,mobile,2020-11-30 18:18:42.967132 UTC,2020-11-30 18:52:41.446794 UTC,33.97
2020-11-30,9162399.08029895,United States,desktop,2020-11-30 12:48:44.959576 UTC,2020-11-30 13:21:43.258363 UTC,32.97
2020-11-30,57965823.6355901,Kenya,mobile,2020-11-30 21:14:51.046717 UTC,2020-11-30 21:47:45.139289 UTC,32.9
2020-11-30,7639123.99231546,Ireland,desktop,2020-11-30 01:08:37.183512 UTC,2020-11-30 01:39:31.223687 UTC,30.9
2020-11-30,8421611.97163013,United States,desktop,2020-11-30 09:11:37.457800 UTC,2020-11-30 09:42:00.760397 UTC,30.38
2020-11-30,2170882.2918427,Canada,mobile,2020-11-30 22:34:15.402459 UTC,2020-11-30 23:04:25.672562 UTC,30.17
2020-11-30,1961021.42518623,United States,desktop,2020-11-30 21:24:01.451773 UTC,2020-11-30 21:53:11.381265 UTC,29.15
2020-11-30,52842299.0972144,South Korea,mobile,2020-11-30 22:27:36.150005 UTC,2020-11-30 22:56:07.172997 UTC,28.52
2020-11-30,2128096.62370483,Canada,desktop,2020-11-30 19:27:31.121785 UTC,2020-11-30 19:55:29.582112 UTC,27.97
2020-11-30,12813365.2129427,United States,desktop,2020-11-30 15:40:05.106225 UTC,2020-11-30 16:07:41.401111 UTC,27.6
2020-11-30,5958762.06438465,United States,mobile,2020-11-30 14:56:58.474667 UTC,2020-11-30 15:24:03.575401 UTC,27.08
2020-11-30,6476625.49535125,United States,mobile,2020-11-30 19:07:19.383021 UTC,2020-11-30 19:34:22.477882 UTC,27.05
2020-11-30,91641252.732514,United States,desktop,2020-11-30 14:09:30.945960 UTC,2020-11-30 14:35:49.250306 UTC,26.3
2020-11-30,1832855.20359578,United States,desktop,2020-11-30 12:14:48.455568 UTC,2020-11-30 12:40:06.828710 UTC,25.3
2020-11-30,58603767.671965,Canada,desktop,2020-11-30 18:35:32.756190 UTC,2020-11-30 19:00:35.289780 UTC,25.03
2020-11-30,9047104.08932754,Netherlands,mobile,2020-11-30 00:12:03.528180 UTC,2020-11-30 00:36:45.300891 UTC,24.68
2020-11-30,2502277.15174339,United States,desktop,2020-11-30 20:21:21.729352 UTC,2020-11-30 20:45:36.284880 UTC,24.23
2020-11-30,68013390.7379951,Canada,desktop,2020-11-30 21:01:59.143194 UTC,2020-11-30 21:26:06.703715 UTC,24.12
2020-11-30,6980964.77157073,India,desktop,2020-11-30 18:08:30.807696 UTC,2020-11-30 18:32:37.075079 UTC,24.1
2020-11-30,9992779.70215073,Japan,mobile,2020-11-30 18:51:07.625715 UTC,2020-11-30 19:15:11.214241 UTC,24.05
2020-11-30,6405125.49836497,United States,mobile,2020-11-30 12:37:39.960825 UTC,2020-11-30 13:01:12.728009 UTC,23.53
2020-11-30,63999151.9872059,India,mobile,2020-11-30 15:43:57.335753 UTC,2020-11-30 16:06:50.429490 UTC,22.88
2020-11-30,46713699.8088713,United States,desktop,2020-11-30 05:26:52.790416 UTC,2020-11-30 05:49:31.975130 UTC,22.65
2020-11-30,60912152.9190191,India,mobile,2020-11-30 04:32:07.500959 UTC,2020-11-30 04:54:11.604722 UTC,22.07
2020-11-30,65083326.2702378,United States,desktop,2020-11-30 21:35:17.397871 UTC,2020-11-30 21:56:13.460920 UTC,20.93
2020-11-30,81748942.8201234,United States,mobile,2020-11-30 02:35:50.829297 UTC,2020-11-30 02:56:37.209871 UTC,20.77
2020-11-30,5050584.37713386,Canada,mobile,2020-11-30 00:02:04.027525 UTC,2020-11-30 00:22:34.159414 UTC,20.5
2020-11-30,3216886.8311598,Turkey,mobile,2020-11-30 02:51:58.034214 UTC,2020-11-30 03:12:18.719775 UTC,20.33
2020-11-30,3306493.68696997,United States,desktop,2020-11-30 10:37:58.374937 UTC,2020-11-30 10:57:43.537751 UTC,19.75
2020-11-30,1706011.84613953,United States,desktop,2020-11-30 15:52:01.279500 UTC,2020-11-30 16:11:21.649668 UTC,19.33
2020-11-30,3800893.07343978,United States,desktop,2020-11-30 16:08:15.364690 UTC,2020-11-30 16:27:16.180547 UTC,19.0
2020-11-30,11026237.6695291,United States,mobile,2020-11-30 16:16:44.651799 UTC,2020-11-30 16:35:40.987509 UTC,18.93
2020-11-30,69692269.6324291,United States,desktop,2020-11-30 19:32:50.384769 UTC,2020-11-30 19:51:32.692940 UTC,18.7
2020-11-30,60250165.3437538,United States,mobile,2020-11-30 08:27:53.833828 UTC,2020-11-30 08:46:36.743330 UTC,18.7
2020-11-30,3628419.48169977,United States,mobile,2020-11-30 20:26:24.398483 UTC,2020-11-30 20:44:27.024664 UTC,18.03
2020-11-30,28250200.9798495,United Kingdom,mobile,2020-11-30 13:35:41.832868 UTC,2020-11-30 13:53:40.555342 UTC,17.97
2020-11-30,1367377.39164746,United States,desktop,2020-11-30 21:06:41.106035 UTC,2020-11-30 21:23:44.846948 UTC,17.05
2020-11-30,4956831.56850517,United States,mobile,2020-11-30 21:37:04.620246 UTC,2020-11-30 21:53:23.757235 UTC,16.32
2020-11-30,7340885.17333366,United States,mobile,2020-11-30 22:36:12.881117 UTC,2020-11-30 22:52:16.083422 UTC,16.05
2020-11-30,6006118.24298975,United States,desktop,2020-11-30 09:36:47.158723 UTC,2020-11-30 09:51:55.108505 UTC,15.12
2020-11-30,19419805.4591946,Philippines,mobile,2020-11-30 12:55:53.633635 UTC,2020-11-30 13:10:48.141862 UTC,14.9
2020-11-30,52687165.0903734,United States,desktop,2020-11-30 13:52:33.907414 UTC,2020-11-30 14:07:27.929637 UTC,14.9
2020-11-30,2028522.02019422,India,desktop,2020-11-30 03:13:27.177160 UTC,2020-11-30 03:28:07.265017 UTC,14.67
2020-11-30,2082729.04773392,United States,mobile,2020-11-30 09:50:09.157666 UTC,2020-11-30 10:04:46.364945 UTC,14.62
2020-11-30,7620383.95813617,United States,desktop,2020-11-30 15:39:15.939536 UTC,2020-11-30 15:53:28.550651 UTC,14.2
2020-11-30,6061725953.8302,United States,mobile,2020-11-30 00:15:29.549178 UTC,2020-11-30 00:29:21.958311 UTC,13.87
2020-11-30,62352188.0721262,Germany,desktop,2020-11-30 05:15:50.256600 UTC,2020-11-30 05:29:28.973762 UTC,13.63
2020-11-30,4327707.31388841,United States,mobile,2020-11-30 17:50:12.385284 UTC,2020-11-30 18:03:26.145579 UTC,13.22
2020-11-30,56840968.3563409,Sweden,mobile,2020-11-30 16:27:09.374429 UTC,2020-11-30 16:39:52.248481 UTC,12.7
2020-11-30,84404754.7597435,United States,mobile,2020-11-30 14:48:45.249482 UTC,2020-11-30 15:01:04.405356 UTC,12.32
2020-11-30,34140706.2517225,South Korea,desktop,2020-11-30 16:25:46.844272 UTC,2020-11-30 16:37:59.405945 UTC,12.2
2020-11-30,5776696.86265704,United States,desktop,2020-11-30 19:02:39.788003 UTC,2020-11-30 19:14:36.988920 UTC,11.95
2020-11-30,7851717310.48014,Saudi Arabia,desktop,2020-11-30 23:13:09.619737 UTC,2020-11-30 23:24:47.278027 UTC,11.62
2020-11-30,99387700.167248,United States,mobile,2020-11-30 22:13:27.439091 UTC,2020-11-30 22:25:03.607039 UTC,11.6
2020-11-30,7487454.90435211,United States,desktop,2020-11-30 00:21:38.302002 UTC,2020-11-30 00:33:14.130877 UTC,11.58
2020-11-30,8163514.43527235,Japan,desktop,2020-11-30 12:29:26.178108 UTC,2020-11-30 12:40:58.625376 UTC,11.53
2020-11-30,5934688.83694782,Canada,mobile,2020-11-30 16:55:30.583298 UTC,2020-11-30 17:06:50.506268 UTC,11.32
2020-11-30,3211830.11537636,Russia,mobile,2020-11-30 23:39:14.180060 UTC,2020-11-30 23:49:58.570463 UTC,10.73
2020-11-30,24039713.3893436,Canada,desktop,2020-11-30 12:13:08.690013 UTC,2020-11-30 12:23:25.501408 UTC,10.27
2020-11-30,14427748.6131716,United States,mobile,2020-11-30 05:29:09.646837 UTC,2020-11-30 05:39:03.145409 UTC,9.88
2020-11-30,73449982.7685842,United States,desktop,2020-11-30 06:34:57.552889 UTC,2020-11-30 06:44:31.428332 UTC,9.55
2020-11-30,76491344.7374736,United States,mobile,2020-11-30 07:12:40.878755 UTC,2020-11-30 07:22:12.732241 UTC,9.52
2020-11-30,42898775.5372388,India,desktop,2020-11-30 04:42:00.503221 UTC,2020-11-30 04:51:00.996658 UTC,9.0
2020-11-30,85426868.9776141,United States,desktop,2020-11-30 08:51:10.089328 UTC,2020-11-30 09:00:06.481484 UTC,8.93
2020-11-30,50131723.8552639,Malaysia,desktop,2020-11-30 11:47:16.601320 UTC,2020-11-30 11:55:55.678693 UTC,8.65
2020-11-30,7393648.18738125,United States,desktop,2020-11-30 12:00:31.476353 UTC,2020-11-30 12:09:01.593593 UTC,8.5
2020-11-30,34756247.3212719,Austria,desktop,2020-11-30 21:21:54.889959 UTC,2020-11-30 21:30:21.097381 UTC,8.43
2020-11-30,48154162.501097,Canada,desktop,2020-11-30 09:12:00.195203 UTC,2020-11-30 09:20:26.275093 UTC,8.43
2020-11-30,8764422.55045948,United States,mobile,2020-11-30 19:51:38.657705 UTC,2020-11-30 19:59:37.944729 UTC,7.98
2020-11-30,17583205.9222318,India,mobile,2020-11-30 21:06:28.366014 UTC,2020-11-30 21:13:42.072927 UTC,7.22
2020-11-30,3534695.13687438,United States,desktop,2020-11-30 00:21:18.446214 UTC,2020-11-30 00:28:05.905802 UTC,6.78
2020-11-30,1424156.54487236,Australia,desktop,2020-11-30 20:51:16.993797 UTC,2020-11-30 20:57:54.950047 UTC,6.62
2020-11-30,89838993.1618154,United States,mobile,2020-11-30 04:24:31.654205 UTC,2020-11-30 04:30:41.763693 UTC,6.17
2020-11-30,3327202.09437127,Hong Kong,desktop,2020-11-30 16:41:02.952577 UTC,2020-11-30 16:46:59.548098 UTC,5.93
2020-11-30,59568325.073481,United States,desktop,2020-11-30 12:03:00.575356 UTC,2020-11-30 12:08:45.427043 UTC,5.73
2020-11-30,6305601780.65989,United States,desktop,2020-11-30 21:30:54.147810 UTC,2020-11-30 21:36:26.582114 UTC,5.53
2020-11-30,39355591.839983,United States,desktop,2020-11-30 18:19:24.673684 UTC,2020-11-30 18:24:50.019675 UTC,5.42
2020-11-30,58442179.071502,United States,mobile,2020-11-30 21:25:09.172317 UTC,2020-11-30 21:30:09.750587 UTC,5.0
2020-11-30,50264907.6315911,Georgia,desktop,2020-11-30 05:30:45.404734 UTC,2020-11-30 05:35:33.512799 UTC,4.8
2020-11-30,8680294.68501885,United States,desktop,2020-11-30 02:11:06.179812 UTC,2020-11-30 02:15:42.601267 UTC,4.6
2020-11-30,7722805.23604824,Malaysia,desktop,2020-11-30 02:24:15.932606 UTC,2020-11-30 02:28:23.662715 UTC,4.12
2020-11-30,18498851.9195881,United States,mobile,2020-11-30 14:20:32.620839 UTC,2020-11-30 14:24:16.723183 UTC,3.73
2020-11-30,60536675.287317,United States,mobile,2020-11-30 19:07:57.612455 UTC,2020-11-30 19:10:18.257902 UTC,2.33
2020-12-01,8091939.25837685,France,desktop,2020-12-01 05:13:11.443760 UTC,2020-12-01 21:51:21.579130 UTC,998.17
2020-12-01,1964254355.88017,Netherlands,mobile,2020-12-01 10:50:35.666138 UTC,2020-12-01 23:41:41.853905 UTC,771.1
2020-12-01,7356019.36631621,Italy,mobile,2020-12-01 06:50:57.570470 UTC,2020-12-01 16:13:47.963618 UTC,562.83
2020-12-01,7962956.9533545,Canada,desktop,2020-12-01 03:01:43.557000 UTC,2020-12-01 12:09:44.420758 UTC,548.0
2020-12-01,19275645.5139195,India,mobile,2020-12-01 02:28:06.152566 UTC,2020-12-01 10:34:39.333904 UTC,486.55
2020-12-01,1416421.5108958,Spain,mobile,2020-12-01 11:13:38.477945 UTC,2020-12-01 19:11:13.004901 UTC,477.57
2020-12-01,2582683.59500782,Mexico,desktop,2020-12-01 07:26:39.585213 UTC,2020-12-01 13:35:53.792895 UTC,369.23
2020-12-01,7511439.09626812,United States,desktop,2020-12-01 05:38:40.935966 UTC,2020-12-01 11:24:57.751818 UTC,346.27
2020-12-01,73431959.6176671,Hong Kong,desktop,2020-12-01 00:00:14.762723 UTC,2020-12-01 05:41:45.371346 UTC,341.5
2020-12-01,6003584.83900866,Nigeria,desktop,2020-12-01 07:56:04.405532 UTC,2020-12-01 13:33:29.627519 UTC,337.42
2020-12-01,1924508.46885921,United States,desktop,2020-12-01 00:47:55.887109 UTC,2020-12-01 05:05:50.787173 UTC,257.9
2020-12-01,48028670.1890447,United States,desktop,2020-12-01 03:26:55.032614 UTC,2020-12-01 07:34:33.090951 UTC,247.63
2020-12-01,2389776.27971143,United States,mobile,2020-12-01 03:00:26.863921 UTC,2020-12-01 06:41:42.614239 UTC,221.25
2020-12-01,2608462.07973461,Peru,mobile,2020-12-01 05:15:48.467643 UTC,2020-12-01 08:36:04.012340 UTC,200.25
2020-12-01,11100960.2667996,Canada,desktop,2020-12-01 04:09:28.485050 UTC,2020-12-01 07:16:20.040869 UTC,186.85
2020-12-01,6196666.07351202,China,desktop,2020-12-01 14:58:45.581213 UTC,2020-12-01 17:50:29.214916 UTC,171.72
2020-12-01,80438623.0484704,Spain,desktop,2020-12-01 00:32:02.516829 UTC,2020-12-01 02:44:04.566212 UTC,132.03
2020-12-01,31506927.2250214,Turkey,mobile,2020-12-01 19:02:57.475188 UTC,2020-12-01 21:02:04.682592 UTC,119.12
2020-12-01,74327423.0129277,Colombia,desktop,2020-12-01 00:08:14.957306 UTC,2020-12-01 02:04:13.156141 UTC,115.97
2020-12-01,50750994.6140589,United States,mobile,2020-12-01 19:34:56.129739 UTC,2020-12-01 21:30:19.432217 UTC,115.38
2020-12-01,5502112.01847698,Czechia,mobile,2020-12-01 17:14:41.039668 UTC,2020-12-01 19:09:29.279005 UTC,114.8
2020-12-01,1989999900.37236,United States,mobile,2020-12-01 01:30:28.045299 UTC,2020-12-01 03:22:03.564590 UTC,111.58
2020-12-01,58881820.3673642,Malta,desktop,2020-12-01 12:15:22.684795 UTC,2020-12-01 13:53:20.380959 UTC,97.95
2020-12-01,66923823.1806014,United Kingdom,desktop,2020-12-01 20:13:10.566245 UTC,2020-12-01 21:47:15.177031 UTC,94.07
2020-12-01,4060012085.81309,United States,mobile,2020-12-01 09:46:27.702200 UTC,2020-12-01 11:11:36.403537 UTC,85.13
2020-12-01,22038652.9104855,United States,desktop,2020-12-01 06:14:30.572977 UTC,2020-12-01 07:27:25.026911 UTC,72.9
2020-12-01,2439157.81122399,United States,mobile,2020-12-01 02:53:32.800056 UTC,2020-12-01 04:01:35.549654 UTC,68.03
2020-12-01,2013175.87886347,China,mobile,2020-12-01 20:40:54.044868 UTC,2020-12-01 21:44:11.823997 UTC,63.28
2020-12-01,80606681.4991751,Turkey,desktop,2020-12-01 00:08:48.859486 UTC,2020-12-01 01:04:02.027446 UTC,55.22
2020-12-01,39840608.0620243,United States,desktop,2020-12-01 01:50:04.168214 UTC,2020-12-01 02:38:02.502902 UTC,47.97
2020-12-01,19569327.4509171,China,desktop,2020-12-01 02:24:37.491494 UTC,2020-12-01 03:10:46.046581 UTC,46.13
2020-12-01,50919330.413517,United States,mobile,2020-12-01 15:40:03.551527 UTC,2020-12-01 16:22:25.239746 UTC,42.35
2020-12-01,60417695.6146324,Germany,mobile,2020-12-01 12:02:47.425037 UTC,2020-12-01 12:44:36.758905 UTC,41.82
2020-12-01,11105025.0713455,Canada,mobile,2020-12-01 11:36:20.133167 UTC,2020-12-01 12:14:50.956891 UTC,38.5
2020-12-01,8871391487.51245,United States,desktop,2020-12-01 10:37:33.785925 UTC,2020-12-01 11:14:46.655512 UTC,37.2
2020-12-01,7824704.28192607,India,desktop,2020-12-01 13:32:22.902248 UTC,2020-12-01 14:08:39.609176 UTC,36.27
2020-12-01,8466512.31651631,Poland,desktop,2020-12-01 09:14:40.664558 UTC,2020-12-01 09:50:17.706833 UTC,35.62
2020-12-01,2972042.11602958,United States,mobile,2020-12-01 11:17:45.675518 UTC,2020-12-01 11:52:49.679054 UTC,35.07
2020-12-01,35563232.09199,United States,desktop,2020-12-01 09:28:38.788473 UTC,2020-12-01 10:03:42.046044 UTC,35.05
2020-12-01,2660071.67606196,United States,desktop,2020-12-01 04:21:31.181542 UTC,2020-12-01 04:56:23.927589 UTC,34.87
2020-12-01,57810963.2944308,Colombia,mobile,2020-12-01 19:41:55.910743 UTC,2020-12-01 20:15:59.467603 UTC,34.05
2020-12-01,2365980.28189685,Mexico,desktop,2020-12-01 01:37:50.232673 UTC,2020-12-01 02:10:00.547120 UTC,32.17
2020-12-01,6186645.20694807,Kenya,desktop,2020-12-01 15:38:11.059340 UTC,2020-12-01 16:08:48.949789 UTC,30.62
2020-12-01,52443149.1275754,United States,desktop,2020-12-01 09:17:56.154750 UTC,2020-12-01 09:47:34.550014 UTC,29.63
2020-12-01,15915162.6155014,United States,desktop,2020-12-01 02:27:30.339578 UTC,2020-12-01 02:57:00.093347 UTC,29.48
2020-12-01,3180182.49421521,United States,desktop,2020-12-01 08:50:03.265735 UTC,2020-12-01 09:18:22.151165 UTC,28.3
2020-12-01,78595868.1512099,United States,desktop,2020-12-01 03:28:01.622073 UTC,2020-12-01 03:56:16.692587 UTC,28.25
2020-12-01,51628969.7180687,United States,mobile,2020-12-01 23:07:05.390850 UTC,2020-12-01 23:35:00.881895 UTC,27.92
2020-12-01,9052157.99015495,Canada,desktop,2020-12-01 13:26:58.360576 UTC,2020-12-01 13:54:49.023150 UTC,27.83
2020-12-01,49445326.2132641,Brazil,desktop,2020-12-01 05:16:53.463696 UTC,2020-12-01 05:43:28.792425 UTC,26.58
2020-12-01,56946920.7497732,United States,desktop,2020-12-01 03:35:54.764774 UTC,2020-12-01 04:02:20.700414 UTC,26.42
2020-12-01,9116326.9159124,Hong Kong,desktop,2020-12-01 10:58:21.117548 UTC,2020-12-01 11:24:12.198109 UTC,25.85
2020-12-01,1164842.67411025,United States,mobile,2020-12-01 02:40:32.217389 UTC,2020-12-01 03:04:57.892657 UTC,24.42
2020-12-01,63884332.6008916,United States,desktop,2020-12-01 20:08:25.576403 UTC,2020-12-01 20:30:52.206598 UTC,22.43
2020-12-01,1089178.91035943,France,desktop,2020-12-01 23:21:27.403316 UTC,2020-12-01 23:43:50.632221 UTC,22.38
2020-12-01,90371170.5228005,Greece,desktop,2020-12-01 07:43:33.652152 UTC,2020-12-01 08:05:14.507876 UTC,21.67
2020-12-01,63610908.4449794,United States,mobile,2020-12-01 04:22:48.853813 UTC,2020-12-01 04:44:25.133149 UTC,21.6
2020-12-01,66894374.1631079,Finland,desktop,2020-12-01 17:50:51.260238 UTC,2020-12-01 18:12:05.676166 UTC,21.23
2020-12-01,68441141.3197623,Spain,mobile,2020-12-01 00:35:39.244738 UTC,2020-12-01 00:56:43.018873 UTC,21.05
2020-12-01,11553722.3184776,India,mobile,2020-12-01 09:13:26.015664 UTC,2020-12-01 09:33:51.104479 UTC,20.42
2020-12-01,37603645.8224296,Colombia,desktop,2020-12-01 19:01:41.353926 UTC,2020-12-01 19:19:55.468836 UTC,18.23
2020-12-01,4057844.01488765,United States,mobile,2020-12-01 01:47:40.446894 UTC,2020-12-01 02:05:00.195989 UTC,17.32
2020-12-01,2042006.96218695,Mexico,mobile,2020-12-01 18:59:26.963097 UTC,2020-12-01 19:16:42.018018 UTC,17.25
2020-12-01,4181698.39009179,United States,desktop,2020-12-01 04:42:29.629677 UTC,2020-12-01 04:58:52.397844 UTC,16.37
2020-12-01,65142264.540323,Singapore,desktop,2020-12-01 00:26:38.969147 UTC,2020-12-01 00:41:59.947275 UTC,15.33
2020-12-01,6578204.16144697,United States,desktop,2020-12-01 22:55:02.296470 UTC,2020-12-01 23:09:42.627719 UTC,14.67
2020-12-01,1989417.51849993,United States,mobile,2020-12-01 03:03:15.950112 UTC,2020-12-01 03:17:29.909548 UTC,14.22
2020-12-01,7468279.0238776,United States,desktop,2020-12-01 05:39:56.905558 UTC,2020-12-01 05:53:52.962723 UTC,13.93
2020-12-01,1026932.08588622,United States,desktop,2020-12-01 09:25:06.389678 UTC,2020-12-01 09:38:56.636655 UTC,13.83
2020-12-01,1191134210.27617,Singapore,desktop,2020-12-01 00:26:50.303512 UTC,2020-12-01 00:40:21.438662 UTC,13.52
2020-12-01,4202240.16479151,Singapore,desktop,2020-12-01 06:23:13.320854 UTC,2020-12-01 06:35:52.500793 UTC,12.65
2020-12-01,3035721.74886765,United Kingdom,desktop,2020-12-01 22:38:03.671276 UTC,2020-12-01 22:50:41.160430 UTC,12.62
2020-12-01,76261339.4275213,United States,desktop,2020-12-01 00:01:12.654034 UTC,2020-12-01 00:13:31.712002 UTC,12.32
2020-12-01,1739571105.56927,Spain,tablet,2020-12-01 11:10:23.944882 UTC,2020-12-01 11:22:35.955827 UTC,12.2
2020-12-01,11106892.6823829,United States,mobile,2020-12-01 00:15:00.528007 UTC,2020-12-01 00:26:54.367681 UTC,11.88
2020-12-01,1647483481.58674,United States,mobile,2020-12-01 22:01:12.759818 UTC,2020-12-01 22:12:49.352796 UTC,11.6
2020-12-01,3277099.15447513,United States,mobile,2020-12-01 18:12:04.677375 UTC,2020-12-01 18:23:23.476162 UTC,11.3
2020-12-01,61145313.5871571,Israel,mobile,2020-12-01 01:49:44.160698 UTC,2020-12-01 02:00:37.267708 UTC,10.88
2020-12-01,7276398.77831383,China,desktop,2020-12-01 09:35:11.207106 UTC,2020-12-01 09:45:37.163443 UTC,10.42
2020-12-01,13824849.4687242,India,desktop,2020-12-01 06:20:59.504907 UTC,2020-12-01 06:28:57.973651 UTC,7.97
2020-12-01,8501593.9535639,United States,desktop,2020-12-01 20:46:13.853840 UTC,2020-12-01 20:53:42.915966 UTC,7.48
2020-12-01,7327276.47900661,Ireland,desktop,2020-12-01 13:23:17.451955 UTC,2020-12-01 13:30:45.344093 UTC,7.45
2020-12-01,31371338.9975214,Colombia,mobile,2020-12-01 00:35:15.540314 UTC,2020-12-01 00:42:42.797446 UTC,7.45
2020-12-01,26822369.231854,Spain,mobile,2020-12-01 18:14:40.278850 UTC,2020-12-01 18:22:00.077247 UTC,7.32
2020-12-01,43078053.5511752,India,desktop,2020-12-01 19:54:43.626879 UTC,2020-12-01 20:01:32.214353 UTC,6.8
2020-12-01,3949544.21826431,India,desktop,2020-12-01 01:38:27.387655 UTC,2020-12-01 01:45:00.429710 UTC,6.55
2020-12-01,40787617.1411349,United States,mobile,2020-12-01 03:16:06.759181 UTC,2020-12-01 03:21:13.310946 UTC,5.1
2020-12-01,2428522809.53677,Taiwan,desktop,2020-12-01 19:08:23.917980 UTC,2020-12-01 19:13:07.788433 UTC,4.72
2020-12-01,9142790.64696873,(not set),mobile,2020-12-01 01:32:29.644755 UTC,2020-12-01 01:37:12.728660 UTC,4.72
2020-12-01,78168128.9514766,United Kingdom,mobile,2020-12-01 00:48:32.527551 UTC,2020-12-01 00:53:14.371912 UTC,4.68
2020-12-01,89869837.0474393,United States,desktop,2020-12-01 05:57:17.362180 UTC,2020-12-01 06:01:46.828071 UTC,4.48
2020-12-01,3296353.36791236,Brazil,desktop,2020-12-01 05:37:38.860485 UTC,2020-12-01 05:42:00.927831 UTC,4.37
2020-12-01,54688310.8635917,Austria,desktop,2020-12-01 21:41:47.229631 UTC,2020-12-01 21:45:08.391558 UTC,3.35
2020-12-01,3555628.58864749,South Korea,mobile,2020-12-01 10:19:49.487693 UTC,2020-12-01 10:22:56.367092 UTC,3.1
2020-12-01,76426835.8645612,United States,desktop,2020-12-01 12:56:26.173338 UTC,2020-12-01 12:59:05.796168 UTC,2.65
2020-12-01,76640124.2117888,Germany,mobile,2020-12-01 02:07:18.314894 UTC,2020-12-01 02:09:49.688957 UTC,2.52
2020-12-01,7231269.90493008,United States,desktop,2020-12-01 07:27:16.209157 UTC,2020-12-01 07:29:36.996590 UTC,2.33
2020-12-01,60536675.287317,United States,mobile,2020-12-01 17:53:48.052492 UTC,2020-12-01 17:55:35.602320 UTC,1.78
2020-12-02,29317548.3063896,United States,desktop,2020-12-02 01:11:51.419686 UTC,2020-12-02 23:26:11.559105 UTC,1334.33
2020-12-02,2011898130.93548,United States,mobile,2020-12-02 08:06:07.151230 UTC,2020-12-02 19:20:07.860835 UTC,674.0
2020-12-02,4179598.11099225,India,desktop,2020-12-02 05:39:20.475389 UTC,2020-12-02 16:31:38.591837 UTC,652.3
2020-12-02,9145316.21065217,Turkey,desktop,2020-12-02 13:53:55.920244 UTC,2020-12-02 23:53:46.312010 UTC,599.83
2020-12-02,8587174.35900247,Czechia,mobile,2020-12-02 13:00:18.123117 UTC,2020-12-02 22:21:48.113936 UTC,561.48
2020-12-02,80381756.0295134,Australia,desktop,2020-12-02 04:52:45.816948 UTC,2020-12-02 12:36:00.775072 UTC,463.23
2020-12-02,5312155.74100922,United States,desktop,2020-12-02 11:23:58.179281 UTC,2020-12-02 17:53:54.894399 UTC,389.93
2020-12-02,80838445.3375614,India,mobile,2020-12-02 08:46:10.957149 UTC,2020-12-02 14:39:23.290935 UTC,353.2
2020-12-02,5901521.99130227,United States,desktop,2020-12-02 12:39:15.805801 UTC,2020-12-02 17:55:01.815002 UTC,315.77
2020-12-02,6051492.65973663,United States,desktop,2020-12-02 13:02:37.985895 UTC,2020-12-02 17:41:10.551099 UTC,278.53
2020-12-02,56647918.6347686,United States,mobile,2020-12-02 18:58:38.301481 UTC,2020-12-02 22:55:37.400028 UTC,236.98
2020-12-02,85593304.3386213,Ukraine,desktop,2020-12-02 17:07:34.088321 UTC,2020-12-02 19:27:37.323526 UTC,140.05
2020-12-02,1826170.85379031,United States,desktop,2020-12-02 11:40:37.755366 UTC,2020-12-02 13:49:22.312793 UTC,128.73
2020-12-02,8142000.30629589,Philippines,desktop,2020-12-02 21:42:27.992444 UTC,2020-12-02 23:42:33.182883 UTC,120.08
2020-12-02,1889615.74251826,United States,mobile,2020-12-02 06:53:45.538478 UTC,2020-12-02 08:45:18.826033 UTC,111.55
2020-12-02,6520237.92516277,United States,desktop,2020-12-02 07:51:55.362777 UTC,2020-12-02 09:34:15.753518 UTC,102.33
2020-12-02,59148831.3216183,Dominican Republic,desktop,2020-12-02 15:32:09.162907 UTC,2020-12-02 17:13:50.441128 UTC,101.68
2020-12-02,3625042.12652307,Mexico,tablet,2020-12-02 00:50:33.628640 UTC,2020-12-02 02:15:38.222561 UTC,85.07
2020-12-02,18516773.0126593,Canada,mobile,2020-12-02 21:31:22.043367 UTC,2020-12-02 22:55:56.516037 UTC,84.57
2020-12-02,74576246.9093845,United States,desktop,2020-12-02 20:40:24.841320 UTC,2020-12-02 22:04:05.412395 UTC,83.67
2020-12-02,77515109.5832187,Italy,desktop,2020-12-02 16:13:23.194035 UTC,2020-12-02 17:18:58.121326 UTC,65.57
2020-12-02,3399785.84233752,Russia,desktop,2020-12-02 10:56:46.453929 UTC,2020-12-02 11:59:28.191810 UTC,62.68
2020-12-02,4554126.36636582,United States,desktop,2020-12-02 07:30:12.105172 UTC,2020-12-02 08:31:00.318620 UTC,60.8
2020-12-02,1663781.30781247,Brazil,mobile,2020-12-02 05:18:03.716524 UTC,2020-12-02 06:18:03.709932 UTC,59.98
2020-12-02,60695124.4742262,India,mobile,2020-12-02 08:02:02.362820 UTC,2020-12-02 08:51:42.303607 UTC,49.65
2020-12-02,41025522.7163055,United States,mobile,2020-12-02 07:30:10.858398 UTC,2020-12-02 08:16:58.272955 UTC,46.78
2020-12-02,3381037907.72175,United States,desktop,2020-12-02 09:05:26.490694 UTC,2020-12-02 09:44:37.463963 UTC,39.17
2020-12-02,8474883.14767146,France,desktop,2020-12-02 18:44:00.071815 UTC,2020-12-02 19:20:07.466382 UTC,36.12
2020-12-02,1328818.57458303,France,mobile,2020-12-02 01:06:14.517709 UTC,2020-12-02 01:39:08.533955 UTC,32.9
2020-12-02,41074384.6453239,United States,mobile,2020-12-02 11:30:39.607743 UTC,2020-12-02 12:00:43.633605 UTC,30.07
2020-12-02,61741032.4991073,United States,desktop,2020-12-02 03:38:00.216034 UTC,2020-12-02 04:07:31.727747 UTC,29.52
2020-12-02,1055924025.40087,Singapore,mobile,2020-12-02 00:15:54.546319 UTC,2020-12-02 00:41:33.196661 UTC,25.63
2020-12-02,85126752.5809296,United States,desktop,2020-12-02 20:43:01.064841 UTC,2020-12-02 21:08:03.494821 UTC,25.03
2020-12-02,86676685.212835,India,mobile,2020-12-02 09:48:17.839475 UTC,2020-12-02 10:12:18.597670 UTC,24.0
2020-12-02,8319554.3205297,United States,desktop,2020-12-02 05:37:31.586627 UTC,2020-12-02 06:00:43.544256 UTC,23.18
2020-12-02,83318375.5690486,United States,desktop,2020-12-02 20:01:08.420302 UTC,2020-12-02 20:24:16.964515 UTC,23.13
2020-12-02,47515634.0452819,Canada,desktop,2020-12-02 06:34:05.806300 UTC,2020-12-02 06:56:34.404235 UTC,22.47
2020-12-02,8102096.90613401,United States,mobile,2020-12-02 04:23:15.342177 UTC,2020-12-02 04:44:59.070905 UTC,21.72
2020-12-02,90374652.8048607,Indonesia,mobile,2020-12-02 20:31:18.288811 UTC,2020-12-02 20:51:36.510716 UTC,20.3
2020-12-02,6426167445.56845,Pakistan,desktop,2020-12-02 22:27:22.836156 UTC,2020-12-02 22:47:09.077816 UTC,19.77
2020-12-02,46622969.7099107,Peru,desktop,2020-12-02 04:20:08.173986 UTC,2020-12-02 04:39:26.436426 UTC,19.3
2020-12-02,80877062.4308635,Taiwan,mobile,2020-12-02 23:34:33.965102 UTC,2020-12-02 23:52:58.168508 UTC,18.4
2020-12-02,3174198569.07946,Taiwan,mobile,2020-12-02 08:02:00.280014 UTC,2020-12-02 08:20:15.389726 UTC,18.25
2020-12-02,24005163.6752722,United States,desktop,2020-12-02 22:15:59.355677 UTC,2020-12-02 22:33:40.324589 UTC,17.67
2020-12-02,6882515.8996618,United States,desktop,2020-12-02 15:47:13.870292 UTC,2020-12-02 16:04:48.914982 UTC,17.58
2020-12-02,68234443.7976288,Canada,desktop,2020-12-02 09:21:09.543556 UTC,2020-12-02 09:37:31.116249 UTC,16.35
2020-12-02,42813245.4172486,Italy,desktop,2020-12-02 22:50:51.804947 UTC,2020-12-02 23:06:45.749591 UTC,15.88
2020-12-02,68138414.4145956,Belgium,desktop,2020-12-02 09:21:26.131015 UTC,2020-12-02 09:37:16.999345 UTC,15.83
2020-12-02,9147324811.33407,United Kingdom,tablet,2020-12-02 23:15:55.135477 UTC,2020-12-02 23:29:23.048941 UTC,13.45
2020-12-02,43914136.5300631,Japan,mobile,2020-12-02 18:22:00.626380 UTC,2020-12-02 18:35:23.361709 UTC,13.37
2020-12-02,2317598.92094642,India,mobile,2020-12-02 05:04:24.196161 UTC,2020-12-02 05:17:46.806268 UTC,13.37
2020-12-02,37055874.5655053,Italy,desktop,2020-12-02 17:49:54.120821 UTC,2020-12-02 18:02:45.748016 UTC,12.85
2020-12-02,29357270.0363491,India,mobile,2020-12-02 02:04:21.682560 UTC,2020-12-02 02:17:05.508097 UTC,12.72
2020-12-02,42708046.4152584,United States,desktop,2020-12-02 13:33:25.492248 UTC,2020-12-02 13:46:08.370449 UTC,12.7
2020-12-02,12887118.8383244,United Kingdom,desktop,2020-12-02 19:57:51.066285 UTC,2020-12-02 20:09:15.688865 UTC,11.4
2020-12-02,60299874.7541071,India,tablet,2020-12-02 00:00:57.334225 UTC,2020-12-02 00:12:07.312107 UTC,11.15
2020-12-02,5155902.68419294,United Kingdom,desktop,2020-12-02 12:47:59.288360 UTC,2020-12-02 12:58:22.896876 UTC,10.38
2020-12-02,23114430.1190664,United States,desktop,2020-12-02 12:55:24.306257 UTC,2020-12-02 13:05:38.497644 UTC,10.23
2020-12-02,6471483.52218779,India,desktop,2020-12-02 15:56:50.687473 UTC,2020-12-02 16:06:24.433612 UTC,9.55
2020-12-02,3436758.35400223,United States,desktop,2020-12-02 17:40:37.867212 UTC,2020-12-02 17:50:06.616964 UTC,9.47
2020-12-02,18171656.8464996,United Kingdom,desktop,2020-12-02 19:42:24.967194 UTC,2020-12-02 19:51:34.433881 UTC,9.15
2020-12-02,7149418.05545486,United States,mobile,2020-12-02 04:51:13.449495 UTC,2020-12-02 05:00:17.736090 UTC,9.07
2020-12-02,5941705.32080721,United Kingdom,desktop,2020-12-02 21:53:50.198091 UTC,2020-12-02 22:02:05.155993 UTC,8.23
2020-12-02,43031919.9726538,United States,mobile,2020-12-02 10:18:54.471767 UTC,2020-12-02 10:25:54.847586 UTC,7.0
2020-12-02,20066086.9470097,Hong Kong,desktop,2020-12-02 09:10:49.983560 UTC,2020-12-02 09:17:24.384241 UTC,6.57
2020-12-02,41795773.8713685,United States,mobile,2020-12-02 21:25:50.622965 UTC,2020-12-02 21:32:12.890855 UTC,6.37
2020-12-02,1888230.05706112,Cyprus,desktop,2020-12-02 11:15:11.421676 UTC,2020-12-02 11:21:28.224177 UTC,6.27
2020-12-02,1299576.0400218,United States,mobile,2020-12-02 07:10:04.523375 UTC,2020-12-02 07:15:41.362381 UTC,5.6
2020-12-02,1867943.52973613,United States,mobile,2020-12-02 12:44:09.224831 UTC,2020-12-02 12:49:41.009693 UTC,5.52
2020-12-02,2491093.15074623,France,desktop,2020-12-02 10:15:18.986332 UTC,2020-12-02 10:20:26.461155 UTC,5.12
2020-12-02,63037540.6013143,United States,mobile,2020-12-02 01:12:38.568876 UTC,2020-12-02 01:16:44.169695 UTC,4.08
2020-12-02,3118737.21606679,United States,mobile,2020-12-02 16:14:42.137047 UTC,2020-12-02 16:17:24.744093 UTC,2.7
2020-12-02,5298181.71374063,United States,desktop,2020-12-02 15:14:46.747724 UTC,2020-12-02 15:16:37.416157 UTC,1.83
2020-12-02,6775372.4463471,India,mobile,2020-12-02 15:25:19.534461 UTC,2020-12-02 15:27:03.586650 UTC,1.73
2020-12-03,8992560.08770888,United States,desktop,2020-12-03 00:10:17.930368 UTC,2020-12-03 20:38:13.878172 UTC,1227.92
2020-12-03,2964823.87980224,United States,mobile,2020-12-03 02:17:46.090857 UTC,2020-12-03 14:22:22.736076 UTC,724.6
2020-12-03,5277361.68653705,United States,desktop,2020-12-03 05:16:08.672335 UTC,2020-12-03 13:49:54.148655 UTC,513.75
2020-12-03,2167403.79064562,Germany,desktop,2020-12-03 07:31:52.932410 UTC,2020-12-03 15:17:51.283671 UTC,465.97
2020-12-03,43104551.605061,(not set),desktop,2020-12-03 13:27:25.698773 UTC,2020-12-03 19:57:00.464223 UTC,389.57
2020-12-03,4181862.57100739,United States,mobile,2020-12-03 08:51:07.164187 UTC,2020-12-03 14:29:38.837406 UTC,338.52
2020-12-03,2875615.91876152,United States,mobile,2020-12-03 16:39:13.926003 UTC,2020-12-03 22:09:04.289446 UTC,329.83
2020-12-03,39863558.9837366,United States,mobile,2020-12-03 03:00:32.586878 UTC,2020-12-03 06:23:44.987728 UTC,203.2
2020-12-03,75625883.7002358,United States,tablet,2020-12-03 15:23:47.668899 UTC,2020-12-03 18:34:30.468365 UTC,190.7
2020-12-03,85053757.5306091,United States,desktop,2020-12-03 17:47:04.934692 UTC,2020-12-03 20:43:28.571541 UTC,176.38
2020-12-03,3938471.90230286,Pakistan,desktop,2020-12-03 00:26:55.925059 UTC,2020-12-03 02:59:40.271284 UTC,152.73
2020-12-03,5067991.09590781,Turkey,desktop,2020-12-03 11:31:50.699588 UTC,2020-12-03 13:56:17.604868 UTC,144.43
2020-12-03,8356454.40215237,China,mobile,2020-12-03 11:16:33.259168 UTC,2020-12-03 13:21:54.755168 UTC,125.35
2020-12-03,8343874.60473064,United States,desktop,2020-12-03 14:36:24.796228 UTC,2020-12-03 16:28:37.484874 UTC,112.2
2020-12-03,8625447.15916832,Japan,desktop,2020-12-03 06:55:23.270847 UTC,2020-12-03 08:31:04.723543 UTC,95.68
2020-12-03,63829798.3654577,India,mobile,2020-12-03 01:38:12.814012 UTC,2020-12-03 02:35:37.034526 UTC,57.4
2020-12-03,7457444792.57405,Netherlands,desktop,2020-12-03 02:44:10.746245 UTC,2020-12-03 03:38:11.322677 UTC,54.0
2020-12-03,5477784.81584976,India,mobile,2020-12-03 10:38:17.452441 UTC,2020-12-03 11:28:26.694808 UTC,50.15
2020-12-03,1073768.86806312,Ireland,desktop,2020-12-03 03:36:18.882461 UTC,2020-12-03 04:23:52.600776 UTC,47.55
2020-12-03,9209369.0557021,United States,mobile,2020-12-03 12:03:32.330015 UTC,2020-12-03 12:50:32.413985 UTC,47.0
2020-12-03,4911450789.34272,India,desktop,2020-12-03 17:21:51.470232 UTC,2020-12-03 18:08:40.062574 UTC,46.8
2020-12-03,7387564.38777872,Russia,mobile,2020-12-03 10:43:05.713394 UTC,2020-12-03 11:29:35.621111 UTC,46.48
2020-12-03,3486854476.94057,Canada,mobile,2020-12-03 22:02:37.895849 UTC,2020-12-03 22:44:03.729123 UTC,41.42
2020-12-03,6315084.46803049,Canada,desktop,2020-12-03 06:48:37.889518 UTC,2020-12-03 07:24:57.769205 UTC,36.32
2020-12-03,75931866.5607018,United States,desktop,2020-12-03 07:10:47.719879 UTC,2020-12-03 07:46:32.910196 UTC,35.75
2020-12-03,18311401.6578576,United States,desktop,2020-12-03 16:20:26.335983 UTC,2020-12-03 16:54:12.182905 UTC,33.75
2020-12-03,58792057.657298,Japan,desktop,2020-12-03 05:12:18.425804 UTC,2020-12-03 05:44:51.797205 UTC,32.55
2020-12-03,11766732.8000293,United States,mobile,2020-12-03 05:26:26.408560 UTC,2020-12-03 05:58:40.816054 UTC,32.23
2020-12-03,35482474.3482133,Japan,desktop,2020-12-03 09:35:25.129084 UTC,2020-12-03 10:04:19.105756 UTC,28.88
2020-12-03,5444054.02992065,United States,desktop,2020-12-03 18:01:50.611116 UTC,2020-12-03 18:30:39.181837 UTC,28.8
2020-12-03,68775886.1820194,United States,desktop,2020-12-03 23:23:53.976998 UTC,2020-12-03 23:51:47.785293 UTC,27.88
2020-12-03,47356565.2696944,United States,mobile,2020-12-03 08:07:03.176226 UTC,2020-12-03 08:34:15.460467 UTC,27.2
2020-12-03,5706715.68521838,Brazil,mobile,2020-12-03 18:01:07.002307 UTC,2020-12-03 18:26:17.673723 UTC,25.17
2020-12-03,25044369.5523734,Canada,desktop,2020-12-03 03:40:58.310728 UTC,2020-12-03 04:05:16.136206 UTC,24.28
2020-12-03,90858395.4544953,Australia,desktop,2020-12-03 02:01:36.808047 UTC,2020-12-03 02:24:29.608125 UTC,22.87
2020-12-03,55431745.760534,South Korea,desktop,2020-12-03 11:09:32.919474 UTC,2020-12-03 11:32:17.364172 UTC,22.73
2020-12-03,5365503.8577707,United States,desktop,2020-12-03 16:45:19.649672 UTC,2020-12-03 17:07:42.624467 UTC,22.37
2020-12-03,83157887.0994542,India,mobile,2020-12-03 01:10:01.065417 UTC,2020-12-03 01:28:34.331507 UTC,18.55
2020-12-03,5674547.8008141,India,mobile,2020-12-03 03:25:22.831641 UTC,2020-12-03 03:43:18.142118 UTC,17.92
2020-12-03,61771221.3119798,United States,desktop,2020-12-03 20:59:05.244527 UTC,2020-12-03 21:16:53.602740 UTC,17.8
2020-12-03,44590577.0501187,Japan,desktop,2020-12-03 03:55:43.176105 UTC,2020-12-03 04:13:15.848937 UTC,17.53
2020-12-03,44214862.9846951,United States,desktop,2020-12-03 09:36:39.763116 UTC,2020-12-03 09:53:05.964909 UTC,16.43
2020-12-03,91752450.9472635,United States,mobile,2020-12-03 10:12:52.459884 UTC,2020-12-03 10:28:44.790423 UTC,15.87
2020-12-03,2321760.04324119,Germany,desktop,2020-12-03 03:52:19.912626 UTC,2020-12-03 04:08:08.390016 UTC,15.8
2020-12-03,65404110.4294747,India,desktop,2020-12-03 16:07:47.150263 UTC,2020-12-03 16:22:22.073362 UTC,14.57
2020-12-03,8571652.32490126,United Kingdom,desktop,2020-12-03 18:54:16.394428 UTC,2020-12-03 19:07:47.437807 UTC,13.52
2020-12-03,2681069.07501461,United States,desktop,2020-12-03 02:10:18.917561 UTC,2020-12-03 02:23:44.211692 UTC,13.42
2020-12-03,30740141.8312828,United States,desktop,2020-12-03 04:29:07.518302 UTC,2020-12-03 04:42:17.218527 UTC,13.15
2020-12-03,91772028.3346381,Canada,mobile,2020-12-03 22:30:02.733841 UTC,2020-12-03 22:42:40.166763 UTC,12.62
2020-12-03,2059051.29258028,United States,desktop,2020-12-03 21:51:26.358034 UTC,2020-12-03 22:03:52.325137 UTC,12.42
2020-12-03,34893677.5986111,United States,desktop,2020-12-03 05:31:40.041077 UTC,2020-12-03 05:43:58.344911 UTC,12.3
2020-12-03,13939412.7536118,United States,desktop,2020-12-03 03:54:30.775807 UTC,2020-12-03 04:06:20.093176 UTC,11.82
2020-12-03,26441613.3587365,United States,desktop,2020-12-03 04:55:00.427675 UTC,2020-12-03 05:06:45.792494 UTC,11.75
2020-12-03,4335558.77688915,India,tablet,2020-12-03 08:01:39.987515 UTC,2020-12-03 08:13:12.308048 UTC,11.53
2020-12-03,2208253.97624524,United States,desktop,2020-12-03 02:41:32.644710 UTC,2020-12-03 02:52:41.672116 UTC,11.15
2020-12-03,17275574.8888353,United States,desktop,2020-12-03 10:19:38.348040 UTC,2020-12-03 10:30:38.943701 UTC,11.0
2020-12-03,18328443.2080319,(not set),desktop,2020-12-03 19:53:31.751382 UTC,2020-12-03 20:04:12.499773 UTC,10.67
2020-12-03,2917534.505639,Egypt,mobile,2020-12-03 02:54:07.102930 UTC,2020-12-03 03:04:43.967442 UTC,10.6
2020-12-03,40957384.9471332,United States,desktop,2020-12-03 20:13:00.026377 UTC,2020-12-03 20:22:56.387269 UTC,9.93
2020-12-03,14107430.8136146,United Kingdom,desktop,2020-12-03 18:17:37.708808 UTC,2020-12-03 18:26:08.210877 UTC,8.5
2020-12-03,80851576.6492799,Serbia,desktop,2020-12-03 20:22:24.480814 UTC,2020-12-03 20:30:44.146718 UTC,8.32
2020-12-03,3239161.46156797,Canada,mobile,2020-12-03 12:27:32.725887 UTC,2020-12-03 12:34:55.842069 UTC,7.38
2020-12-03,8360772.31229029,India,desktop,2020-12-03 18:20:48.882911 UTC,2020-12-03 18:28:07.762381 UTC,7.3
2020-12-03,23060159.8817366,United States,desktop,2020-12-03 00:46:41.294921 UTC,2020-12-03 00:53:43.836008 UTC,7.03
2020-12-03,4812713.843932,United States,desktop,2020-12-03 01:47:43.470600 UTC,2020-12-03 01:53:58.605597 UTC,6.25
2020-12-03,11751524.1233943,United States,desktop,2020-12-03 22:57:06.537504 UTC,2020-12-03 23:03:15.668549 UTC,6.15
2020-12-03,7677512.75534746,United States,desktop,2020-12-03 09:56:52.302955 UTC,2020-12-03 10:02:53.169325 UTC,6.0
2020-12-03,83601101.4910877,United States,mobile,2020-12-03 09:30:15.098836 UTC,2020-12-03 09:36:07.843199 UTC,5.87
2020-12-03,14288415.9138667,Sweden,mobile,2020-12-03 12:34:06.506455 UTC,2020-12-03 12:39:37.735987 UTC,5.52
2020-12-03,9137360.03747947,France,mobile,2020-12-03 16:26:01.905892 UTC,2020-12-03 16:31:06.106662 UTC,5.07
2020-12-03,66514997.2920888,India,desktop,2020-12-03 18:55:46.864302 UTC,2020-12-03 19:00:35.564365 UTC,4.8
2020-12-03,3754421.56868447,Lithuania,desktop,2020-12-03 09:37:38.380045 UTC,2020-12-03 09:42:25.589632 UTC,4.78
2020-12-03,6057124.38999264,Germany,mobile,2020-12-03 15:18:34.287050 UTC,2020-12-03 15:23:16.057563 UTC,4.68
2020-12-03,5550109.13709117,Spain,desktop,2020-12-03 03:08:09.248928 UTC,2020-12-03 03:12:48.220605 UTC,4.63
2020-12-03,84593755.9527466,Brazil,desktop,2020-12-03 00:11:14.212447 UTC,2020-12-03 00:15:48.261773 UTC,4.57
2020-12-03,12423250.378858,Thailand,desktop,2020-12-03 00:43:14.561430 UTC,2020-12-03 00:47:39.774195 UTC,4.42
2020-12-03,78128827.9666182,United Kingdom,mobile,2020-12-03 15:56:06.013981 UTC,2020-12-03 16:00:05.081904 UTC,3.98
2020-12-03,90534189.7793559,India,desktop,2020-12-03 12:41:53.852599 UTC,2020-12-03 12:45:50.743038 UTC,3.93
2020-12-03,4418230.67659162,Hong Kong,desktop,2020-12-03 00:00:27.623149 UTC,2020-12-03 00:04:03.844333 UTC,3.6
2020-12-03,8822878673.49749,Poland,desktop,2020-12-03 04:46:31.604798 UTC,2020-12-03 04:50:06.544142 UTC,3.57
2020-12-03,5924938.38641463,Brazil,mobile,2020-12-03 06:25:07.223373 UTC,2020-12-03 06:28:33.721224 UTC,3.43
2020-12-03,33374347.91951,Netherlands,desktop,2020-12-03 08:55:38.538943 UTC,2020-12-03 08:58:30.982811 UTC,2.87
2020-12-03,3398472.61914122,United Kingdom,desktop,2020-12-03 16:42:00.850261 UTC,2020-12-03 16:44:48.583326 UTC,2.78
2020-12-03,56946920.7497732,United States,desktop,2020-12-03 13:07:02.285885 UTC,2020-12-03 13:09:15.676970 UTC,2.22
2020-12-03,1254234.72473562,Turkey,mobile,2020-12-03 06:22:41.387598 UTC,2020-12-03 06:24:37.930227 UTC,1.93
2020-12-03,4330656.22767577,United States,tablet,2020-12-03 12:32:01.740377 UTC,2020-12-03 12:33:57.311038 UTC,1.92
2020-12-04,46252928.2409079,Morocco,mobile,2020-12-04 03:17:26.013005 UTC,2020-12-04 21:47:16.701095 UTC,1109.83
2020-12-04,71159593.7865196,Sweden,desktop,2020-12-04 09:01:47.169666 UTC,2020-12-04 14:18:23.480473 UTC,316.6
2020-12-04,7122244.84521892,United States,mobile,2020-12-04 15:25:04.287878 UTC,2020-12-04 20:26:36.389472 UTC,301.53
2020-12-04,44827519.0721046,United States,mobile,2020-12-04 09:00:36.392094 UTC,2020-12-04 13:45:20.735436 UTC,284.73
2020-12-04,2272379.875064,Brazil,mobile,2020-12-04 12:32:21.799974 UTC,2020-12-04 17:11:53.466005 UTC,279.52
2020-12-04,46234784.324312,Japan,mobile,2020-12-04 07:43:37.595515 UTC,2020-12-04 12:15:05.306884 UTC,271.45
2020-12-04,2321760.04324119,Germany,desktop,2020-12-04 00:12:37.755411 UTC,2020-12-04 04:04:59.310278 UTC,232.35
2020-12-04,2004878.61085561,United States,mobile,2020-12-04 04:53:35.510778 UTC,2020-12-04 08:14:35.287601 UTC,200.98
2020-12-04,12422651.1912052,United States,desktop,2020-12-04 15:46:27.606244 UTC,2020-12-04 18:14:55.798639 UTC,148.47
2020-12-04,37200331.0541488,India,mobile,2020-12-04 10:00:58.957280 UTC,2020-12-04 12:10:59.990141 UTC,130.02
2020-12-04,66118688.0355028,South Korea,desktop,2020-12-04 12:53:58.649199 UTC,2020-12-04 15:03:45.944724 UTC,129.78
2020-12-04,27314189.0356814,Canada,desktop,2020-12-04 14:46:32.816760 UTC,2020-12-04 16:40:58.417517 UTC,114.42
2020-12-04,33154801.3376023,Canada,mobile,2020-12-04 09:34:31.120742 UTC,2020-12-04 11:27:22.916531 UTC,112.85
2020-12-04,22638210.8808133,Canada,mobile,2020-12-04 05:06:35.567726 UTC,2020-12-04 06:55:18.841084 UTC,108.72
2020-12-04,43259288.590579,El Salvador,desktop,2020-12-04 17:21:45.177529 UTC,2020-12-04 18:41:56.487059 UTC,80.18
2020-12-04,3310339.44464323,United States,desktop,2020-12-04 11:18:21.030396 UTC,2020-12-04 12:29:41.249122 UTC,71.33
2020-12-04,17809571.4308076,Peru,mobile,2020-12-04 03:11:37.469131 UTC,2020-12-04 04:20:19.949899 UTC,68.7
2020-12-04,31556860.559281,United States,desktop,2020-12-04 09:50:43.543167 UTC,2020-12-04 10:47:11.101592 UTC,56.45
2020-12-04,33519070.9701128,United States,mobile,2020-12-04 14:32:41.176359 UTC,2020-12-04 15:22:52.019739 UTC,50.17
2020-12-04,1407240.95366463,United States,desktop,2020-12-04 07:03:05.073981 UTC,2020-12-04 07:48:29.458020 UTC,45.4
2020-12-04,14852669.9791388,United States,desktop,2020-12-04 01:19:23.597506 UTC,2020-12-04 01:59:55.977722 UTC,40.53
2020-12-04,65961107.4750713,United States,desktop,2020-12-04 08:16:54.990074 UTC,2020-12-04 08:57:14.584827 UTC,40.32
2020-12-04,67357054.9566811,Greece,desktop,2020-12-04 07:45:37.521491 UTC,2020-12-04 08:23:21.320109 UTC,37.72
2020-12-04,4186517.64815563,United States,desktop,2020-12-04 01:04:00.737845 UTC,2020-12-04 01:39:09.292770 UTC,35.13
2020-12-04,47832970.6690268,India,desktop,2020-12-04 17:26:04.856121 UTC,2020-12-04 17:59:26.687905 UTC,33.35
2020-12-04,5310177.60358212,United States,desktop,2020-12-04 22:42:16.213052 UTC,2020-12-04 23:14:28.916753 UTC,32.2
2020-12-04,4225728.01517591,Canada,desktop,2020-12-04 19:15:25.831067 UTC,2020-12-04 19:46:38.102479 UTC,31.2
2020-12-04,4327054.60139242,France,desktop,2020-12-04 16:36:23.696465 UTC,2020-12-04 17:06:17.174401 UTC,29.88
2020-12-04,1585309.65803046,Sri Lanka,mobile,2020-12-04 07:37:52.781207 UTC,2020-12-04 08:05:46.856109 UTC,27.9
2020-12-04,28624446.998054,United States,desktop,2020-12-04 09:00:44.563063 UTC,2020-12-04 09:28:13.229790 UTC,27.47
2020-12-04,4670216.51076103,United States,desktop,2020-12-04 00:28:54.988749 UTC,2020-12-04 00:55:59.384279 UTC,27.07
2020-12-04,78492870.6468912,Canada,mobile,2020-12-04 09:44:19.997616 UTC,2020-12-04 10:10:53.949352 UTC,26.55
2020-12-04,77715782.6700264,United States,mobile,2020-12-04 13:02:09.321866 UTC,2020-12-04 13:27:11.811653 UTC,25.03
2020-12-04,19161188.2303605,Mexico,mobile,2020-12-04 15:08:13.648095 UTC,2020-12-04 15:32:46.318301 UTC,24.53
2020-12-04,23049349.8568567,China,mobile,2020-12-04 04:59:20.987263 UTC,2020-12-04 05:23:45.112315 UTC,24.4
2020-12-04,67431671.1651955,United States,desktop,2020-12-04 23:32:39.492188 UTC,2020-12-04 23:56:56.242911 UTC,24.27
2020-12-04,5402723.96818862,India,mobile,2020-12-04 18:19:11.956763 UTC,2020-12-04 18:42:38.357166 UTC,23.43
2020-12-04,4335558.77688915,India,tablet,2020-12-04 07:49:07.097205 UTC,2020-12-04 08:12:29.774699 UTC,23.37
2020-12-04,4243708.20682866,Spain,desktop,2020-12-04 09:21:47.674089 UTC,2020-12-04 09:45:01.893562 UTC,23.23
2020-12-04,8435794.68721771,Canada,mobile,2020-12-04 05:36:27.393902 UTC,2020-12-04 05:58:25.502762 UTC,21.97
2020-12-04,15485284.9465721,United States,mobile,2020-12-04 16:33:22.535181 UTC,2020-12-04 16:53:33.903992 UTC,20.18
2020-12-04,4429575.35500514,United States,desktop,2020-12-04 11:49:04.492744 UTC,2020-12-04 12:07:52.759087 UTC,18.8
2020-12-04,19653803.6448556,Canada,mobile,2020-12-04 03:46:27.632957 UTC,2020-12-04 04:05:14.524102 UTC,18.77
2020-12-04,69784832.7107601,United States,desktop,2020-12-04 07:55:58.196469 UTC,2020-12-04 08:14:19.386723 UTC,18.35
2020-12-04,3375496.06488137,India,desktop,2020-12-04 10:59:11.591255 UTC,2020-12-04 11:16:02.066764 UTC,16.83
2020-12-04,8441965.34257647,United States,desktop,2020-12-04 07:15:42.533812 UTC,2020-12-04 07:32:27.829225 UTC,16.75
2020-12-04,66913143.537949,United States,desktop,2020-12-04 00:29:57.675016 UTC,2020-12-04 00:45:47.187415 UTC,15.82
2020-12-04,27980720.8947731,Philippines,tablet,2020-12-04 18:48:34.339569 UTC,2020-12-04 19:04:18.801188 UTC,15.73
2020-12-04,57471045.2261985,United States,desktop,2020-12-04 05:04:31.213483 UTC,2020-12-04 05:19:05.044868 UTC,14.55
2020-12-04,5218931.69761419,United States,desktop,2020-12-04 15:56:07.840510 UTC,2020-12-04 16:09:36.886119 UTC,13.48
2020-12-04,4708662.41529536,India,desktop,2020-12-04 16:21:20.933848 UTC,2020-12-04 16:34:47.947443 UTC,13.45
2020-12-04,97011837.0071258,United States,desktop,2020-12-04 06:02:27.416257 UTC,2020-12-04 06:15:15.022622 UTC,12.78
2020-12-04,18359797.6054953,United States,mobile,2020-12-04 14:18:05.852740 UTC,2020-12-04 14:30:40.240087 UTC,12.57
2020-12-04,72819503.7856622,Israel,desktop,2020-12-04 12:16:25.852025 UTC,2020-12-04 12:27:42.866938 UTC,11.28
2020-12-04,11804455.8043636,United States,mobile,2020-12-04 00:46:41.498540 UTC,2020-12-04 00:57:52.874101 UTC,11.18
2020-12-04,3591282.5710466,United States,mobile,2020-12-04 18:17:06.015987 UTC,2020-12-04 18:28:04.859813 UTC,10.97
2020-12-04,11464749.3857585,Turkey,desktop,2020-12-04 05:06:33.371962 UTC,2020-12-04 05:17:27.875669 UTC,10.9
2020-12-04,7184503.56947068,United States,desktop,2020-12-04 21:54:15.501182 UTC,2020-12-04 22:05:04.172256 UTC,10.8
2020-12-04,4181862.57100739,United States,mobile,2020-12-04 04:51:17.583101 UTC,2020-12-04 05:01:52.415453 UTC,10.57
2020-12-04,8354945.63064036,United States,mobile,2020-12-04 05:52:09.361932 UTC,2020-12-04 06:02:02.253702 UTC,9.87
2020-12-04,7483147.78260195,Greece,mobile,2020-12-04 22:41:46.006037 UTC,2020-12-04 22:51:30.257053 UTC,9.73
2020-12-04,40901811.117129,Brazil,desktop,2020-12-04 10:35:36.175561 UTC,2020-12-04 10:44:59.388506 UTC,9.38
2020-12-04,73857569.3456666,United States,mobile,2020-12-04 04:53:26.764665 UTC,2020-12-04 05:02:23.814817 UTC,8.95
2020-12-04,7800727.37477299,India,desktop,2020-12-04 13:38:15.906443 UTC,2020-12-04 13:46:46.895148 UTC,8.5
2020-12-04,15702700.6482035,United States,desktop,2020-12-04 05:39:18.938578 UTC,2020-12-04 05:47:22.305552 UTC,8.05
2020-12-04,60519873.4627231,United States,mobile,2020-12-04 04:45:07.375965 UTC,2020-12-04 04:53:05.899687 UTC,7.97
2020-12-04,37858547.084859,Canada,mobile,2020-12-04 18:57:09.683028 UTC,2020-12-04 19:04:46.184595 UTC,7.6
2020-12-04,8492573.45814222,Czechia,mobile,2020-12-04 13:43:23.459006 UTC,2020-12-04 13:50:34.552589 UTC,7.18
2020-12-04,4939164.67538979,Canada,mobile,2020-12-04 03:27:17.132705 UTC,2020-12-04 03:34:09.462849 UTC,6.87
2020-12-04,83961186.489226,Spain,mobile,2020-12-04 17:28:01.526239 UTC,2020-12-04 17:34:45.322687 UTC,6.72
2020-12-04,58104072.2659495,(not set),mobile,2020-12-04 21:29:52.760186 UTC,2020-12-04 21:36:05.252327 UTC,6.2
2020-12-04,14118593.262705,India,mobile,2020-12-04 13:02:52.627280 UTC,2020-12-04 13:08:52.983832 UTC,6.0
2020-12-04,42393609.9505932,United States,desktop,2020-12-04 07:15:13.425638 UTC,2020-12-04 07:20:48.544568 UTC,5.58
2020-12-04,20687527.9358545,United States,desktop,2020-12-04 04:17:35.860153 UTC,2020-12-04 04:22:46.394818 UTC,5.17
2020-12-04,2151615.46405086,Canada,desktop,2020-12-04 09:47:16.562504 UTC,2020-12-04 09:52:18.826837 UTC,5.03
2020-12-04,8958500.88557072,United States,mobile,2020-12-04 11:49:17.173673 UTC,2020-12-04 11:53:55.696127 UTC,4.63
2020-12-04,27849359.1629027,Japan,mobile,2020-12-04 06:37:07.244505 UTC,2020-12-04 06:41:42.239990 UTC,4.57
2020-12-04,46622969.7099107,Peru,desktop,2020-12-04 05:30:50.325107 UTC,2020-12-04 05:35:15.282754 UTC,4.4
2020-12-04,79509844.1081277,India,desktop,2020-12-04 04:14:43.409364 UTC,2020-12-04 04:18:43.794481 UTC,4.0
2020-12-04,2779209.00752611,Canada,mobile,2020-12-04 10:07:57.466848 UTC,2020-12-04 10:11:57.177756 UTC,3.98
2020-12-04,47411552.9654999,Germany,mobile,2020-12-04 11:58:58.979912 UTC,2020-12-04 12:02:16.546194 UTC,3.28
2020-12-04,8806541.10009013,Netherlands,desktop,2020-12-04 01:11:30.089201 UTC,2020-12-04 01:14:12.020217 UTC,2.68
2020-12-04,3729857539.92704,Philippines,desktop,2020-12-04 00:16:18.659724 UTC,2020-12-04 00:18:57.140701 UTC,2.63
2020-12-04,8043833.50578483,Canada,desktop,2020-12-04 09:12:15.069129 UTC,2020-12-04 09:14:52.671374 UTC,2.62
2020-12-04,3949544.21826431,India,desktop,2020-12-04 00:07:52.541937 UTC,2020-12-04 00:10:03.161156 UTC,2.17
2020-12-05,57453839.824556,United States,mobile,2020-12-05 01:29:24.437628 UTC,2020-12-05 18:38:36.109703 UTC,1029.18
2020-12-05,3823171539.62082,Saudi Arabia,mobile,2020-12-05 00:59:28.163318 UTC,2020-12-05 11:11:41.098341 UTC,612.2
2020-12-05,33563436.3777012,United States,mobile,2020-12-05 04:08:21.031047 UTC,2020-12-05 10:40:36.212583 UTC,392.25
2020-12-05,1219636.75732785,Taiwan,mobile,2020-12-05 03:26:25.414263 UTC,2020-12-05 09:25:57.037060 UTC,359.52
2020-12-05,5797185.55653504,Mongolia,desktop,2020-12-05 16:43:05.065157 UTC,2020-12-05 22:09:47.629932 UTC,326.7
2020-12-05,69784832.7107601,United States,desktop,2020-12-05 00:35:54.911579 UTC,2020-12-05 05:39:29.365025 UTC,303.57
2020-12-05,8633002.33392707,United States,desktop,2020-12-05 03:48:32.115292 UTC,2020-12-05 08:49:29.545629 UTC,300.95
2020-12-05,5762284.12196332,United States,desktop,2020-12-05 02:49:43.142485 UTC,2020-12-05 05:27:06.754801 UTC,157.38
2020-12-05,5086084.2046303,United States,desktop,2020-12-05 15:10:40.477111 UTC,2020-12-05 17:40:06.956642 UTC,149.43
2020-12-05,35032140.6046092,United States,desktop,2020-12-05 04:52:24.571740 UTC,2020-12-05 07:10:44.340891 UTC,138.32
2020-12-05,80099261.3426524,Mexico,mobile,2020-12-05 08:58:55.046468 UTC,2020-12-05 10:46:55.055393 UTC,108.0
2020-12-05,6715131.89178524,Austria,mobile,2020-12-05 19:41:37.874261 UTC,2020-12-05 21:21:16.816456 UTC,99.63
2020-12-05,38820363.2818595,United Kingdom,desktop,2020-12-05 01:21:55.425611 UTC,2020-12-05 02:54:40.573823 UTC,92.75
2020-12-05,5401870.88807448,Canada,desktop,2020-12-05 00:49:00.740856 UTC,2020-12-05 02:00:33.131391 UTC,71.53
2020-12-05,4300488.40568733,United States,desktop,2020-12-05 02:55:58.213440 UTC,2020-12-05 04:07:16.029562 UTC,71.28
2020-12-05,14429820.5127041,South Korea,mobile,2020-12-05 06:08:01.257740 UTC,2020-12-05 07:17:02.834493 UTC,69.02
2020-12-05,16291219.8111422,United States,desktop,2020-12-05 22:59:34.474878 UTC,2020-12-05 23:59:30.109608 UTC,59.92
2020-12-05,1738338.29517973,Ireland,desktop,2020-12-05 03:13:54.969129 UTC,2020-12-05 04:11:11.074359 UTC,57.27
2020-12-05,74275572.8018336,Iraq,desktop,2020-12-05 18:59:11.234101 UTC,2020-12-05 19:53:16.525068 UTC,54.08
2020-12-05,54134313.7729355,Spain,desktop,2020-12-05 14:15:23.882070 UTC,2020-12-05 15:08:31.284803 UTC,53.12
2020-12-05,59984887.3998777,Italy,mobile,2020-12-05 15:01:23.201932 UTC,2020-12-05 15:52:44.704263 UTC,51.35
2020-12-05,91541812.0825246,Russia,mobile,2020-12-05 22:07:04.229032 UTC,2020-12-05 22:55:40.967191 UTC,48.6
2020-12-05,8646619.34630767,Canada,tablet,2020-12-05 14:44:21.085841 UTC,2020-12-05 15:25:15.711931 UTC,40.9
2020-12-05,79579853.0520588,United States,desktop,2020-12-05 04:20:54.978852 UTC,2020-12-05 04:57:58.732768 UTC,37.05
2020-12-05,5579434.47697397,United States,desktop,2020-12-05 12:33:02.189899 UTC,2020-12-05 13:08:02.071606 UTC,34.98
2020-12-05,77375656.7088433,India,mobile,2020-12-05 04:00:59.517401 UTC,2020-12-05 04:35:23.612706 UTC,34.4
2020-12-05,52336592.9891124,United States,mobile,2020-12-05 19:33:29.524798 UTC,2020-12-05 20:07:21.276019 UTC,33.85
2020-12-05,68346527.0844051,United Kingdom,mobile,2020-12-05 13:27:06.706785 UTC,2020-12-05 14:00:13.259193 UTC,33.1
2020-12-05,78606650.167962,United States,mobile,2020-12-05 19:45:26.997663 UTC,2020-12-05 20:18:04.364991 UTC,32.62
2020-12-05,30956870.6460404,China,desktop,2020-12-05 00:39:50.362727 UTC,2020-12-05 01:08:41.612803 UTC,28.85
2020-12-05,20672792.120383,Israel,mobile,2020-12-05 07:24:13.915418 UTC,2020-12-05 07:51:31.862760 UTC,27.28
2020-12-05,40215313.8233626,India,mobile,2020-12-05 00:43:48.588280 UTC,2020-12-05 01:10:39.032494 UTC,26.83
2020-12-05,6159964.07998497,India,mobile,2020-12-05 19:14:30.775540 UTC,2020-12-05 19:41:17.901155 UTC,26.78
2020-12-05,47705051.4543207,China,desktop,2020-12-05 01:32:00.057232 UTC,2020-12-05 01:58:34.847121 UTC,26.57
2020-12-05,27469370.6585996,Russia,mobile,2020-12-05 16:46:25.834292 UTC,2020-12-05 17:12:54.626594 UTC,26.47
2020-12-05,29066864.4014292,United States,mobile,2020-12-05 19:15:31.346394 UTC,2020-12-05 19:41:51.236882 UTC,26.32
2020-12-05,34618547.3297655,Germany,desktop,2020-12-05 20:54:12.022400 UTC,2020-12-05 21:19:36.495965 UTC,25.4
2020-12-05,7576454.7446983,Russia,desktop,2020-12-05 06:13:08.450963 UTC,2020-12-05 06:36:28.266491 UTC,23.32
2020-12-05,50459060.2091794,United States,mobile,2020-12-05 10:24:10.735945 UTC,2020-12-05 10:46:43.968916 UTC,22.55
2020-12-05,57032373.6609455,China,mobile,2020-12-05 20:33:30.664522 UTC,2020-12-05 20:55:53.878178 UTC,22.38
2020-12-05,5402809.09168032,Ireland,desktop,2020-12-05 00:01:41.226571 UTC,2020-12-05 00:22:36.703038 UTC,20.92
2020-12-05,63119766.2282574,United States,desktop,2020-12-05 19:28:22.112487 UTC,2020-12-05 19:48:26.303420 UTC,20.07
2020-12-05,4491618.56292783,United Kingdom,desktop,2020-12-05 01:02:19.383018 UTC,2020-12-05 01:22:15.213166 UTC,19.92
2020-12-05,26661028.3315613,Belgium,mobile,2020-12-05 09:12:57.812867 UTC,2020-12-05 09:32:14.344659 UTC,19.27
2020-12-05,55031053.4391048,France,desktop,2020-12-05 14:24:11.983543 UTC,2020-12-05 14:43:22.230686 UTC,19.17
2020-12-05,55981424.7122207,United States,desktop,2020-12-05 14:37:14.381568 UTC,2020-12-05 14:55:44.430106 UTC,18.5
2020-12-05,2237956.50502688,United States,desktop,2020-12-05 14:00:52.852838 UTC,2020-12-05 14:18:54.188634 UTC,18.02
2020-12-05,2811472757.10727,Germany,mobile,2020-12-05 21:01:14.436191 UTC,2020-12-05 21:18:56.739827 UTC,17.7
2020-12-05,1019527.57991242,Sweden,mobile,2020-12-05 00:22:15.351596 UTC,2020-12-05 00:38:58.047464 UTC,16.7
2020-12-05,5776696.86265704,United States,desktop,2020-12-05 00:38:59.142925 UTC,2020-12-05 00:54:30.038759 UTC,15.5
2020-12-05,5910494.83909428,Switzerland,desktop,2020-12-05 12:56:31.771028 UTC,2020-12-05 13:11:31.155413 UTC,14.98
2020-12-05,67141422.4526868,Spain,desktop,2020-12-05 08:37:38.903302 UTC,2020-12-05 08:51:53.103942 UTC,14.23
2020-12-05,15197708.0307731,India,desktop,2020-12-05 00:22:55.343065 UTC,2020-12-05 00:36:44.030606 UTC,13.8
2020-12-05,90961633.7551221,United States,desktop,2020-12-05 01:26:36.793351 UTC,2020-12-05 01:40:23.786178 UTC,13.77
2020-12-05,61974636.1433743,India,tablet,2020-12-05 19:33:23.562886 UTC,2020-12-05 19:46:24.471831 UTC,13.0
2020-12-05,19776395.699123,United States,mobile,2020-12-05 14:13:18.687320 UTC,2020-12-05 14:26:13.878832 UTC,12.92
2020-12-05,26530628.3602362,United States,mobile,2020-12-05 05:14:34.569889 UTC,2020-12-05 05:26:40.929108 UTC,12.1
2020-12-05,2920530.7615095,France,desktop,2020-12-05 04:45:01.208260 UTC,2020-12-05 04:56:07.367274 UTC,11.1
2020-12-05,29707188.6359473,Peru,mobile,2020-12-05 08:32:33.887797 UTC,2020-12-05 08:43:29.365473 UTC,10.92
2020-12-05,40865346.7588861,United States,desktop,2020-12-05 02:07:49.946079 UTC,2020-12-05 02:18:38.848468 UTC,10.8
2020-12-05,13920649.2254386,United States,mobile,2020-12-05 03:41:01.088073 UTC,2020-12-05 03:51:18.116629 UTC,10.28
2020-12-05,1954165.18297801,Canada,desktop,2020-12-05 08:49:57.934064 UTC,2020-12-05 08:59:58.297748 UTC,10.0
2020-12-05,63443649.8962444,United States,desktop,2020-12-05 00:01:23.610855 UTC,2020-12-05 00:10:52.201231 UTC,9.47
2020-12-05,4663569.83941198,Canada,desktop,2020-12-05 09:24:02.874442 UTC,2020-12-05 09:33:14.964945 UTC,9.2
2020-12-05,11576602.4389743,Russia,desktop,2020-12-05 10:33:50.204710 UTC,2020-12-05 10:42:49.633080 UTC,8.98
2020-12-05,61639621.2489023,Portugal,desktop,2020-12-05 08:45:20.925593 UTC,2020-12-05 08:53:44.200841 UTC,8.38
2020-12-05,7054156.82099247,Netherlands,desktop,2020-12-05 17:03:57.013228 UTC,2020-12-05 17:11:51.836020 UTC,7.9
2020-12-05,4911454.717722,Italy,mobile,2020-12-05 22:33:21.811606 UTC,2020-12-05 22:41:05.563888 UTC,7.72
2020-12-05,6392078.08864024,United States,mobile,2020-12-05 10:52:49.989453 UTC,2020-12-05 11:00:14.462025 UTC,7.4
2020-12-05,4961808.51938813,United States,desktop,2020-12-05 07:40:47.891586 UTC,2020-12-05 07:47:58.249777 UTC,7.17
2020-12-05,41505885.3117323,India,desktop,2020-12-05 00:08:45.502330 UTC,2020-12-05 00:15:55.838432 UTC,7.17
2020-12-05,43265328.8204538,Italy,mobile,2020-12-05 16:29:38.179769 UTC,2020-12-05 16:36:45.110236 UTC,7.1
2020-12-05,4722225.20223534,Canada,mobile,2020-12-05 04:45:53.500563 UTC,2020-12-05 04:51:44.104551 UTC,5.83
2020-12-05,46447555.4038041,China,desktop,2020-12-05 17:21:48.630230 UTC,2020-12-05 17:26:49.240988 UTC,5.0
2020-12-05,7354267.99583333,United States,mobile,2020-12-05 06:14:27.745848 UTC,2020-12-05 06:19:18.863016 UTC,4.85
2020-12-05,7486503607.67998,United Kingdom,desktop,2020-12-05 17:51:56.948536 UTC,2020-12-05 17:56:27.821038 UTC,4.5
2020-12-06,183705312.703497,Switzerland,desktop,2020-12-06 03:05:31.961245 UTC,2020-12-06 22:57:02.407409 UTC,1191.5
2020-12-06,16291219.8111422,United States,desktop,2020-12-06 00:00:30.097481 UTC,2020-12-06 11:15:31.157276 UTC,675.02
2020-12-06,30553401.5304743,Hong Kong,mobile,2020-12-06 05:44:55.888203 UTC,2020-12-06 09:11:40.184728 UTC,206.73
2020-12-06,3562946.98007009,United States,mobile,2020-12-06 07:27:01.784827 UTC,2020-12-06 10:47:15.639878 UTC,200.22
2020-12-06,60647402.4295237,Honduras,mobile,2020-12-06 03:41:39.980152 UTC,2020-12-06 06:41:12.822664 UTC,179.53
2020-12-06,44822468.0260411,United Kingdom,desktop,2020-12-06 17:35:07.272595 UTC,2020-12-06 20:34:15.556921 UTC,179.13
2020-12-06,67748708.7656271,Canada,mobile,2020-12-06 10:40:37.523672 UTC,2020-12-06 13:12:08.302393 UTC,151.5
2020-12-06,8870320.81437464,Denmark,desktop,2020-12-06 01:38:40.143340 UTC,2020-12-06 02:51:43.530830 UTC,73.05
2020-12-06,17453487.1522301,United States,desktop,2020-12-06 07:34:19.150705 UTC,2020-12-06 08:47:10.360027 UTC,72.85
2020-12-06,3088496.72606619,United States,desktop,2020-12-06 14:29:45.122229 UTC,2020-12-06 15:36:16.534153 UTC,66.52
2020-12-06,3167058.87180028,United States,desktop,2020-12-06 11:06:13.889631 UTC,2020-12-06 12:11:00.526719 UTC,64.77
2020-12-06,52484034.1270607,Canada,mobile,2020-12-06 15:45:08.292251 UTC,2020-12-06 16:48:09.259266 UTC,63.0
2020-12-06,6098526.51132663,Saudi Arabia,desktop,2020-12-06 01:59:50.881417 UTC,2020-12-06 02:54:02.164871 UTC,54.18
2020-12-06,82736940.6582572,India,desktop,2020-12-06 20:51:59.800779 UTC,2020-12-06 21:35:18.256353 UTC,43.3
2020-12-06,1318733.05670001,Canada,desktop,2020-12-06 09:12:24.143464 UTC,2020-12-06 09:46:27.460842 UTC,34.05
2020-12-06,4004380.65975242,Pakistan,mobile,2020-12-06 16:38:38.105783 UTC,2020-12-06 17:09:58.387473 UTC,31.33
2020-12-06,31220521.200017,Colombia,mobile,2020-12-06 14:33:53.140349 UTC,2020-12-06 15:04:22.757532 UTC,30.48
2020-12-06,1539940.52536104,Canada,mobile,2020-12-06 16:57:01.064197 UTC,2020-12-06 17:21:55.071908 UTC,24.9
2020-12-06,3604692.17435636,United States,desktop,2020-12-06 14:56:51.739783 UTC,2020-12-06 15:21:27.777005 UTC,24.6
2020-12-06,49205717.2039918,United States,mobile,2020-12-06 00:35:02.225103 UTC,2020-12-06 00:55:01.958842 UTC,19.98
2020-12-06,30108151.586756,India,mobile,2020-12-06 13:34:36.032243 UTC,2020-12-06 13:53:35.382297 UTC,18.98
2020-12-06,2794254.37131551,United States,desktop,2020-12-06 14:50:14.799600 UTC,2020-12-06 15:07:46.349713 UTC,17.52
2020-12-06,85703325.9682407,Taiwan,tablet,2020-12-06 11:06:54.356055 UTC,2020-12-06 11:22:38.612680 UTC,15.73
2020-12-06,7466332512.85766,India,desktop,2020-12-06 05:14:46.887876 UTC,2020-12-06 05:28:44.157757 UTC,13.95
2020-12-06,1686851.27284884,United States,mobile,2020-12-06 12:13:55.697684 UTC,2020-12-06 12:26:50.686992 UTC,12.9
2020-12-06,7526600.81016988,United States,tablet,2020-12-06 08:38:42.525004 UTC,2020-12-06 08:51:32.423458 UTC,12.82
2020-12-06,22269209.3146805,India,mobile,2020-12-06 23:02:14.169906 UTC,2020-12-06 23:14:22.509584 UTC,12.13
2020-12-06,57752699.8373496,United States,desktop,2020-12-06 13:27:55.254777 UTC,2020-12-06 13:39:28.442484 UTC,11.55
2020-12-06,3632663.77237874,Canada,desktop,2020-12-06 11:39:56.387906 UTC,2020-12-06 11:51:03.895069 UTC,11.12
2020-12-06,25831561.6830353,United States,mobile,2020-12-06 20:19:22.277459 UTC,2020-12-06 20:29:29.461129 UTC,10.12
2020-12-06,32231127.3526233,United States,mobile,2020-12-06 04:37:46.485626 UTC,2020-12-06 04:46:54.977337 UTC,9.13
2020-12-06,3231609.96154571,United States,mobile,2020-12-06 18:03:11.401453 UTC,2020-12-06 18:12:09.784698 UTC,8.97
2020-12-06,8900366.15025869,Austria,desktop,2020-12-06 10:25:58.959934 UTC,2020-12-06 10:33:53.501274 UTC,7.9
2020-12-06,87866076.0273401,United States,desktop,2020-12-06 18:32:30.833927 UTC,2020-12-06 18:40:16.444191 UTC,7.75
2020-12-06,62367831.6101573,China,desktop,2020-12-06 05:53:26.106040 UTC,2020-12-06 06:00:25.755209 UTC,6.98
2020-12-06,64742452.6990095,United States,desktop,2020-12-06 08:29:58.426464 UTC,2020-12-06 08:36:45.629140 UTC,6.78
2020-12-06,26105678.1036002,United States,desktop,2020-12-06 13:26:31.068463 UTC,2020-12-06 13:32:03.825095 UTC,5.53
2020-12-06,5375602.57870428,United States,desktop,2020-12-06 07:40:56.796055 UTC,2020-12-06 07:45:54.446955 UTC,4.95
2020-12-06,73971086.0168359,India,desktop,2020-12-06 13:02:38.853951 UTC,2020-12-06 13:06:53.163764 UTC,4.23
2020-12-06,3400627.93929754,United States,mobile,2020-12-06 17:36:27.175938 UTC,2020-12-06 17:38:44.136353 UTC,2.27
2020-12-07,24070954.9186532,Turkey,mobile,2020-12-07 00:06:07.334919 UTC,2020-12-07 18:42:22.503413 UTC,1116.25
2020-12-07,2232198.63718733,United States,desktop,2020-12-07 00:47:59.776414 UTC,2020-12-07 17:09:06.344821 UTC,981.1
2020-12-07,65224534.5204315,United States,desktop,2020-12-07 06:59:53.437697 UTC,2020-12-07 21:46:52.110104 UTC,886.97
2020-12-07,77120175.8570057,Italy,mobile,2020-12-07 12:42:55.756264 UTC,2020-12-07 23:20:46.447362 UTC,637.83
2020-12-07,89270935.6212519,India,mobile,2020-12-07 13:09:21.357486 UTC,2020-12-07 20:37:17.684565 UTC,447.93
2020-12-07,9052312.49138962,United States,desktop,2020-12-07 10:58:04.286224 UTC,2020-12-07 17:28:42.621066 UTC,390.63
2020-12-07,62395011.7852261,France,desktop,2020-12-07 08:59:28.561013 UTC,2020-12-07 13:15:48.452444 UTC,256.32
2020-12-07,2583761.22576776,United States,desktop,2020-12-07 05:18:04.004966 UTC,2020-12-07 08:55:51.161344 UTC,217.78
2020-12-07,32729600.8935787,United States,desktop,2020-12-07 09:13:40.982864 UTC,2020-12-07 12:01:55.830346 UTC,168.23
2020-12-07,88483035.1457878,Canada,desktop,2020-12-07 06:44:05.856709 UTC,2020-12-07 09:26:37.392427 UTC,162.52
2020-12-07,7990665.40910435,United States,desktop,2020-12-07 07:59:41.050799 UTC,2020-12-07 10:38:07.693978 UTC,158.43
2020-12-07,42744232.1088543,Mexico,desktop,2020-12-07 15:26:47.281763 UTC,2020-12-07 17:02:31.556552 UTC,95.73
2020-12-07,66888229.7531203,United States,desktop,2020-12-07 05:45:39.491559 UTC,2020-12-07 07:15:46.424204 UTC,90.1
2020-12-07,8015042.53696191,United States,mobile,2020-12-07 06:40:49.153025 UTC,2020-12-07 08:08:42.785682 UTC,87.88
2020-12-07,13951556.2585301,India,desktop,2020-12-07 16:31:42.229784 UTC,2020-12-07 17:57:39.968109 UTC,85.95
2020-12-07,27046025.0676756,Turkey,mobile,2020-12-07 10:11:36.313647 UTC,2020-12-07 11:35:33.652292 UTC,83.95
2020-12-07,3086397.95830213,United States,desktop,2020-12-07 06:49:08.455757 UTC,2020-12-07 08:05:55.411841 UTC,76.77
2020-12-07,8974847.14663171,China,mobile,2020-12-07 22:05:59.673130 UTC,2020-12-07 23:20:26.414543 UTC,74.43
2020-12-07,62091849.9050525,United States,desktop,2020-12-07 00:00:11.603896 UTC,2020-12-07 01:04:03.483984 UTC,63.85
2020-12-07,8446899326.99511,United States,desktop,2020-12-07 04:46:29.955936 UTC,2020-12-07 05:48:05.116876 UTC,61.58
2020-12-07,31060017.1204528,Turkey,mobile,2020-12-07 07:25:24.750349 UTC,2020-12-07 08:26:44.778644 UTC,61.33
2020-12-07,9147051.86316357,Italy,desktop,2020-12-07 12:49:34.946618 UTC,2020-12-07 13:39:54.372036 UTC,50.32
2020-12-07,31022795.7870947,United States,desktop,2020-12-07 04:40:16.201398 UTC,2020-12-07 05:22:59.672633 UTC,42.72
2020-12-07,7125962.17984541,United States,desktop,2020-12-07 03:43:06.468182 UTC,2020-12-07 04:22:34.841742 UTC,39.47
2020-12-07,1463210.00552161,United States,desktop,2020-12-07 18:10:05.147366 UTC,2020-12-07 18:49:09.780425 UTC,39.07
2020-12-07,3507860.18701682,United States,mobile,2020-12-07 03:19:32.147452 UTC,2020-12-07 03:58:08.349530 UTC,38.6
2020-12-07,9116326.9159124,Hong Kong,mobile,2020-12-07 09:00:26.885091 UTC,2020-12-07 09:31:37.151430 UTC,31.17
2020-12-07,76654420.3019926,Japan,desktop,2020-12-07 11:41:55.585239 UTC,2020-12-07 12:12:02.097777 UTC,30.1
2020-12-07,55013435.865049,Brazil,mobile,2020-12-07 02:57:43.341167 UTC,2020-12-07 03:27:24.544701 UTC,29.68
2020-12-07,2817905.86230011,United Kingdom,mobile,2020-12-07 16:12:54.177383 UTC,2020-12-07 16:42:21.120708 UTC,29.43
2020-12-07,65189693.2787755,United States,desktop,2020-12-07 22:00:26.167946 UTC,2020-12-07 22:29:47.594571 UTC,29.35
2020-12-07,5254972.88895766,Canada,desktop,2020-12-07 11:56:34.070315 UTC,2020-12-07 12:25:15.058397 UTC,28.67
2020-12-07,78088542.4349978,Netherlands,desktop,2020-12-07 17:32:40.992835 UTC,2020-12-07 18:01:05.693062 UTC,28.4
2020-12-07,27529375.1021066,United States,desktop,2020-12-07 16:15:13.970622 UTC,2020-12-07 16:42:31.698215 UTC,27.28
2020-12-07,87666696.5302025,Thailand,desktop,2020-12-07 11:49:26.900709 UTC,2020-12-07 12:15:37.540531 UTC,26.17
2020-12-07,18096538.3296121,United States,desktop,2020-12-07 15:31:27.807545 UTC,2020-12-07 15:57:02.045634 UTC,25.57
2020-12-07,11495471.0749512,United States,desktop,2020-12-07 09:06:01.141914 UTC,2020-12-07 09:31:31.512749 UTC,25.5
2020-12-07,9691978.5306663,Vietnam,desktop,2020-12-07 15:05:20.042267 UTC,2020-12-07 15:29:30.081010 UTC,24.17
2020-12-07,40733555.3406191,Uruguay,mobile,2020-12-07 10:21:12.254581 UTC,2020-12-07 10:44:50.095711 UTC,23.62
2020-12-07,38579036.9404376,United States,desktop,2020-12-07 15:52:35.372315 UTC,2020-12-07 16:16:09.905837 UTC,23.57
2020-12-07,5485119.47782592,Spain,desktop,2020-12-07 14:36:50.477941 UTC,2020-12-07 15:00:02.823707 UTC,23.2
2020-12-07,56556427.1030557,United States,mobile,2020-12-07 22:54:29.741749 UTC,2020-12-07 23:16:18.722268 UTC,21.8
2020-12-07,3833171.61847283,United States,desktop,2020-12-07 01:56:45.298431 UTC,2020-12-07 02:17:09.579447 UTC,20.4
2020-12-07,38120148.2885726,United States,mobile,2020-12-07 21:49:59.563311 UTC,2020-12-07 22:10:14.097582 UTC,20.23
2020-12-07,90544735.0149811,France,desktop,2020-12-07 08:18:21.568927 UTC,2020-12-07 08:38:33.173096 UTC,20.18
2020-12-07,37383357.2206535,India,mobile,2020-12-07 06:32:55.376318 UTC,2020-12-07 06:52:51.431433 UTC,19.93
2020-12-07,52272156.5892056,Russia,mobile,2020-12-07 17:56:03.110570 UTC,2020-12-07 18:14:00.481757 UTC,17.95
2020-12-07,1663781.30781247,Brazil,mobile,2020-12-07 10:43:42.151013 UTC,2020-12-07 11:01:10.173965 UTC,17.47
2020-12-07,56066621.939287,India,desktop,2020-12-07 12:15:28.346325 UTC,2020-12-07 12:32:51.422236 UTC,17.38
2020-12-07,70870420.8943424,United States,desktop,2020-12-07 05:22:27.675091 UTC,2020-12-07 05:39:46.319496 UTC,17.3
2020-12-07,6822684.16274825,United States,desktop,2020-12-07 07:26:27.575380 UTC,2020-12-07 07:43:16.693997 UTC,16.82
2020-12-07,11330440.1022375,Greece,desktop,2020-12-07 08:00:56.944372 UTC,2020-12-07 08:17:36.272705 UTC,16.65
2020-12-07,2345616688.35678,Argentina,mobile,2020-12-07 17:32:56.798809 UTC,2020-12-07 17:49:18.769537 UTC,16.35
2020-12-07,4108803108.58704,Malaysia,mobile,2020-12-07 09:18:31.999650 UTC,2020-12-07 09:34:41.381275 UTC,16.15
2020-12-07,26218636.4439892,India,mobile,2020-12-07 22:34:49.275294 UTC,2020-12-07 22:50:40.019160 UTC,15.83
2020-12-07,4405280.47175781,United Kingdom,tablet,2020-12-07 19:36:53.335222 UTC,2020-12-07 19:52:39.675339 UTC,15.77
2020-12-07,1961488.21998085,United States,desktop,2020-12-07 00:42:02.553841 UTC,2020-12-07 00:57:46.627932 UTC,15.73
2020-12-07,42803854.7029077,France,mobile,2020-12-07 18:18:01.523987 UTC,2020-12-07 18:33:13.074563 UTC,15.18
2020-12-07,6852589435.51294,Malaysia,desktop,2020-12-07 13:31:52.871135 UTC,2020-12-07 13:46:46.209749 UTC,14.88
2020-12-07,80698776.0554444,United States,mobile,2020-12-07 14:10:04.493092 UTC,2020-12-07 14:22:54.701855 UTC,12.83
2020-12-07,36346292.3024843,India,mobile,2020-12-07 14:31:18.169125 UTC,2020-12-07 14:43:56.239139 UTC,12.63
2020-12-07,2275313.52665641,France,desktop,2020-12-07 04:43:52.880640 UTC,2020-12-07 04:56:29.224911 UTC,12.6
2020-12-07,90467623.9340009,Brazil,mobile,2020-12-07 15:18:25.279147 UTC,2020-12-07 15:30:37.926384 UTC,12.2
2020-12-07,8078316166.40513,Indonesia,mobile,2020-12-07 00:56:08.701941 UTC,2020-12-07 01:07:53.857506 UTC,11.75
2020-12-07,4463451705.59774,United States,desktop,2020-12-07 00:14:40.061693 UTC,2020-12-07 00:24:33.218228 UTC,9.88
2020-12-07,3133775.91562952,Poland,desktop,2020-12-07 19:04:59.138265 UTC,2020-12-07 19:14:18.683090 UTC,9.32
2020-12-07,4049303306.2165,United States,mobile,2020-12-07 02:13:02.314299 UTC,2020-12-07 02:22:13.377734 UTC,9.18
2020-12-07,7889953.76690302,United States,mobile,2020-12-07 12:49:25.446606 UTC,2020-12-07 12:58:12.945949 UTC,8.78
2020-12-07,23527570.8230617,Sri Lanka,desktop,2020-12-07 14:34:54.983438 UTC,2020-12-07 14:43:13.584178 UTC,8.3
2020-12-07,20777248.7133453,Turkey,mobile,2020-12-07 15:04:19.828134 UTC,2020-12-07 15:12:35.147279 UTC,8.25
2020-12-07,65521012.098898,United States,desktop,2020-12-07 18:17:37.099340 UTC,2020-12-07 18:25:30.582209 UTC,7.88
2020-12-07,53675399.0091092,United States,mobile,2020-12-07 21:09:56.109764 UTC,2020-12-07 21:17:40.156671 UTC,7.73
2020-12-07,58104072.2659495,(not set),mobile,2020-12-07 03:57:22.477778 UTC,2020-12-07 04:04:52.859964 UTC,7.5
2020-12-07,72114424.5827774,India,mobile,2020-12-07 19:55:16.997874 UTC,2020-12-07 20:02:41.728389 UTC,7.4
2020-12-07,6086858.94404067,India,mobile,2020-12-07 21:57:41.696933 UTC,2020-12-07 22:05:04.923493 UTC,7.38
2020-12-07,7275494.78111785,China,desktop,2020-12-07 10:14:51.932026 UTC,2020-12-07 10:22:00.127494 UTC,7.13
2020-12-07,8816916.60592711,United States,mobile,2020-12-07 10:10:39.407150 UTC,2020-12-07 10:17:30.574913 UTC,6.85
2020-12-07,48950292.7220423,United Kingdom,mobile,2020-12-07 07:47:46.320821 UTC,2020-12-07 07:53:53.169205 UTC,6.1
2020-12-07,82102048.1975466,United Kingdom,desktop,2020-12-07 23:46:54.562771 UTC,2020-12-07 23:52:59.060067 UTC,6.07
2020-12-07,39631980.9180761,Indonesia,desktop,2020-12-07 15:38:44.620618 UTC,2020-12-07 15:44:41.542783 UTC,5.93
2020-12-07,22641180.46964,India,desktop,2020-12-07 04:21:49.193314 UTC,2020-12-07 04:27:29.332525 UTC,5.67
2020-12-07,44220779.5067468,United States,desktop,2020-12-07 07:50:28.301405 UTC,2020-12-07 07:55:39.178368 UTC,5.17
2020-12-07,41365261.9493282,India,mobile,2020-12-07 15:32:23.510122 UTC,2020-12-07 15:37:28.599982 UTC,5.08
2020-12-07,55159338.71052,United States,mobile,2020-12-07 05:17:33.573009 UTC,2020-12-07 05:22:37.197957 UTC,5.05
2020-12-07,42091261.9216222,Spain,desktop,2020-12-07 19:26:03.573662 UTC,2020-12-07 19:30:38.007386 UTC,4.57
2020-12-07,51605325.8215613,United States,mobile,2020-12-07 15:43:00.757977 UTC,2020-12-07 15:47:09.280725 UTC,4.13
2020-12-07,25335187.2299023,Canada,mobile,2020-12-07 07:47:23.990429 UTC,2020-12-07 07:51:19.994242 UTC,3.93
2020-12-07,7030108.55936363,Pakistan,desktop,2020-12-07 04:59:29.336843 UTC,2020-12-07 05:03:09.168718 UTC,3.65
2020-12-07,30279612.0796589,India,desktop,2020-12-07 11:22:46.682224 UTC,2020-12-07 11:24:28.869375 UTC,1.7
2020-12-08,73744073.082512,United Kingdom,mobile,2020-12-08 02:27:53.257336 UTC,2020-12-08 16:50:53.468294 UTC,863.0
2020-12-08,41321784.8870049,France,mobile,2020-12-08 05:25:34.647786 UTC,2020-12-08 15:57:34.831656 UTC,632.0
2020-12-08,8942620.37682103,United Kingdom,desktop,2020-12-08 04:47:52.981094 UTC,2020-12-08 13:09:51.167689 UTC,501.97
2020-12-08,5797412.42682306,Taiwan,desktop,2020-12-08 14:24:03.382820 UTC,2020-12-08 22:40:07.877058 UTC,496.07
2020-12-08,1219636.75732785,Taiwan,mobile,2020-12-08 02:15:55.534700 UTC,2020-12-08 10:11:57.605841 UTC,476.03
2020-12-08,32190182.0699794,United States,mobile,2020-12-08 01:49:26.881758 UTC,2020-12-08 09:34:15.858914 UTC,464.8
2020-12-08,66722347.8983163,Singapore,desktop,2020-12-08 06:37:15.663156 UTC,2020-12-08 13:32:30.152085 UTC,415.23
2020-12-08,5118314977.73298,United States,desktop,2020-12-08 17:25:59.306214 UTC,2020-12-08 23:31:39.492791 UTC,365.67
2020-12-08,7750159.65053123,United States,desktop,2020-12-08 11:53:59.080201 UTC,2020-12-08 17:37:13.667387 UTC,343.23
2020-12-08,84733987.1998752,Bangladesh,desktop,2020-12-08 10:51:47.459742 UTC,2020-12-08 16:14:46.706856 UTC,322.98
2020-12-08,4571300.14306874,Canada,desktop,2020-12-08 05:40:38.324757 UTC,2020-12-08 10:11:43.486570 UTC,271.08
2020-12-08,39049092.9395215,United Kingdom,desktop,2020-12-08 18:36:40.045008 UTC,2020-12-08 22:05:10.354045 UTC,208.5
2020-12-08,79214612.7407451,United States,desktop,2020-12-08 08:49:29.009504 UTC,2020-12-08 12:05:02.807540 UTC,195.55
2020-12-08,4241710.44646037,United Kingdom,desktop,2020-12-08 18:24:19.082953 UTC,2020-12-08 21:31:39.811181 UTC,187.33
2020-12-08,43259288.590579,El Salvador,desktop,2020-12-08 19:43:48.061712 UTC,2020-12-08 22:23:22.709757 UTC,159.57
2020-12-08,9073224.27429483,India,desktop,2020-12-08 09:19:35.447092 UTC,2020-12-08 11:58:24.828378 UTC,158.82
2020-12-08,6662036.78794465,United States,desktop,2020-12-08 00:22:55.974528 UTC,2020-12-08 02:53:27.966743 UTC,150.52
2020-12-08,6020319.38410398,Thailand,mobile,2020-12-08 08:17:01.595492 UTC,2020-12-08 10:44:49.932901 UTC,147.8
2020-12-08,2505234.38382846,United States,desktop,2020-12-08 02:02:41.498791 UTC,2020-12-08 04:10:37.522972 UTC,127.93
2020-12-08,63837285.4662582,Spain,mobile,2020-12-08 10:30:35.354710 UTC,2020-12-08 12:29:42.015772 UTC,119.1
2020-12-08,3099934.02633912,South Korea,desktop,2020-12-08 17:33:33.225950 UTC,2020-12-08 19:29:51.770687 UTC,116.3
2020-12-08,5112454.31631209,Bosnia & Herzegovina,mobile,2020-12-08 09:59:51.667985 UTC,2020-12-08 11:55:19.334119 UTC,115.45
2020-12-08,52644953.9352687,Hong Kong,desktop,2020-12-08 15:48:58.329470 UTC,2020-12-08 17:42:56.215569 UTC,113.95
2020-12-08,5002058.41072381,United States,tablet,2020-12-08 08:06:50.038783 UTC,2020-12-08 09:41:28.664374 UTC,94.63
2020-12-08,47300109.6237634,United States,desktop,2020-12-08 06:26:38.646468 UTC,2020-12-08 07:50:56.239230 UTC,84.28
2020-12-08,1899612.82386283,United States,desktop,2020-12-08 09:58:14.757791 UTC,2020-12-08 11:17:10.046741 UTC,78.92
2020-12-08,24524364.1326643,New Zealand,mobile,2020-12-08 14:15:27.626983 UTC,2020-12-08 15:20:55.310322 UTC,65.45
2020-12-08,66793226.8520233,United States,desktop,2020-12-08 15:12:32.897632 UTC,2020-12-08 16:07:33.655313 UTC,55.0
2020-12-08,37354985.1803131,Canada,desktop,2020-12-08 04:29:38.193998 UTC,2020-12-08 05:24:08.418459 UTC,54.5
2020-12-08,4108803108.58704,Malaysia,mobile,2020-12-08 09:35:50.851869 UTC,2020-12-08 10:29:44.559975 UTC,53.88
2020-12-08,8086948.13549337,Italy,mobile,2020-12-08 02:33:34.068182 UTC,2020-12-08 03:24:50.060578 UTC,51.25
2020-12-08,8839256339.13231,United States,mobile,2020-12-08 08:18:38.433942 UTC,2020-12-08 09:06:39.130907 UTC,48.0
2020-12-08,44356964.3056281,United States,mobile,2020-12-08 09:45:41.726904 UTC,2020-12-08 10:33:05.933450 UTC,47.4
2020-12-08,99387700.167248,United States,mobile,2020-12-08 18:59:20.993017 UTC,2020-12-08 19:44:57.617650 UTC,45.6
2020-12-08,59655965.0647426,United States,mobile,2020-12-08 10:06:00.850870 UTC,2020-12-08 10:46:06.884330 UTC,40.1
2020-12-08,45465207.4943375,Indonesia,desktop,2020-12-08 17:07:19.640661 UTC,2020-12-08 17:46:48.483402 UTC,39.47
2020-12-08,5442666.60692103,Japan,desktop,2020-12-08 22:58:46.124791 UTC,2020-12-08 23:35:10.107310 UTC,36.38
2020-12-08,33437776.5040809,India,desktop,2020-12-08 04:50:25.285935 UTC,2020-12-08 05:26:45.522434 UTC,36.33
2020-12-08,1854862.95573044,Canada,desktop,2020-12-08 02:04:06.677529 UTC,2020-12-08 02:40:02.262523 UTC,35.92
2020-12-08,8778258.68538687,United States,desktop,2020-12-08 00:00:10.411750 UTC,2020-12-08 00:35:48.224145 UTC,35.62
2020-12-08,1333904.08182595,Taiwan,mobile,2020-12-08 06:24:22.831911 UTC,2020-12-08 06:58:04.111552 UTC,33.68
2020-12-08,766583098.597981,United States,desktop,2020-12-08 14:53:43.787635 UTC,2020-12-08 15:23:47.266551 UTC,30.05
2020-12-08,46297179.0171278,Italy,desktop,2020-12-08 14:26:06.226049 UTC,2020-12-08 14:55:53.670534 UTC,29.78
2020-12-08,7709361184.13936,United States,mobile,2020-12-08 00:27:08.062766 UTC,2020-12-08 00:56:54.207436 UTC,29.77
2020-12-08,8058011.99850238,United States,desktop,2020-12-08 20:51:06.226441 UTC,2020-12-08 21:20:48.744363 UTC,29.7
2020-12-08,4646569700.19155,Netherlands,mobile,2020-12-08 15:31:06.523621 UTC,2020-12-08 16:00:43.572430 UTC,29.62
2020-12-08,7330479.60618748,Israel,desktop,2020-12-08 21:44:18.493072 UTC,2020-12-08 22:13:47.889572 UTC,29.48
2020-12-08,2871704.53114849,United States,desktop,2020-12-08 14:30:57.255214 UTC,2020-12-08 14:59:09.843559 UTC,28.2
2020-12-08,1050089385.01967,Canada,desktop,2020-12-08 01:55:53.605973 UTC,2020-12-08 02:24:01.500174 UTC,28.12
2020-12-08,5761971471.21677,United States,desktop,2020-12-08 08:19:14.861071 UTC,2020-12-08 08:45:42.779705 UTC,26.45
2020-12-08,66638267.7996007,United States,mobile,2020-12-08 04:13:57.468968 UTC,2020-12-08 04:39:50.463693 UTC,25.87
2020-12-08,2676882.9156197,United States,mobile,2020-12-08 13:10:08.945042 UTC,2020-12-08 13:35:42.436685 UTC,25.55
2020-12-08,8048203.9183206,United States,mobile,2020-12-08 03:20:46.604059 UTC,2020-12-08 03:45:06.376211 UTC,24.32
2020-12-08,44050879.9039342,India,desktop,2020-12-08 13:16:49.537903 UTC,2020-12-08 13:40:39.394651 UTC,23.82
2020-12-08,7676671.11767344,United States,desktop,2020-12-08 00:00:11.207445 UTC,2020-12-08 00:23:53.116880 UTC,23.68
2020-12-08,6266467.79925017,United States,desktop,2020-12-08 02:47:40.109901 UTC,2020-12-08 03:09:18.045368 UTC,21.62
2020-12-08,8755294.08830743,India,desktop,2020-12-08 04:28:57.734948 UTC,2020-12-08 04:50:22.015031 UTC,21.4
2020-12-08,80060316.2715878,Switzerland,desktop,2020-12-08 17:32:26.468464 UTC,2020-12-08 17:53:37.159396 UTC,21.17
2020-12-08,2546049.66269637,United States,desktop,2020-12-08 19:15:41.007569 UTC,2020-12-08 19:36:35.963990 UTC,20.9
2020-12-08,55808853.8197957,United States,desktop,2020-12-08 01:26:56.224782 UTC,2020-12-08 01:47:07.486938 UTC,20.18
2020-12-08,3457650.29249514,Taiwan,mobile,2020-12-08 07:35:55.773555 UTC,2020-12-08 07:55:56.535998 UTC,20.0
2020-12-08,3969719.13709882,Canada,mobile,2020-12-08 03:33:58.260317 UTC,2020-12-08 03:53:33.991165 UTC,19.58
2020-12-08,12411444.0410367,Canada,desktop,2020-12-08 10:33:47.270650 UTC,2020-12-08 10:53:05.054751 UTC,19.28
2020-12-08,30013802.7072681,Iraq,desktop,2020-12-08 18:59:17.313576 UTC,2020-12-08 19:16:38.290144 UTC,17.33
2020-12-08,71948032.1971599,Japan,tablet,2020-12-08 02:08:19.600744 UTC,2020-12-08 02:25:26.509135 UTC,17.1
2020-12-08,23471077.0151968,Indonesia,desktop,2020-12-08 06:00:35.903044 UTC,2020-12-08 06:17:39.996578 UTC,17.07
2020-12-08,68810872.507456,Vietnam,desktop,2020-12-08 04:27:35.428796 UTC,2020-12-08 04:43:08.425541 UTC,15.53
2020-12-08,1793657.417324,India,desktop,2020-12-08 00:02:17.755801 UTC,2020-12-08 00:17:47.291405 UTC,15.48
2020-12-08,2613398.21666754,Japan,mobile,2020-12-08 16:49:13.328432 UTC,2020-12-08 17:03:59.698219 UTC,14.77
2020-12-08,7862002.25194007,United States,mobile,2020-12-08 20:35:21.290962 UTC,2020-12-08 20:49:55.489085 UTC,14.57
2020-12-08,79553165.4071602,India,mobile,2020-12-08 00:05:24.776625 UTC,2020-12-08 00:19:54.178751 UTC,14.48
2020-12-08,75936532.1243464,Australia,desktop,2020-12-08 15:25:04.474680 UTC,2020-12-08 15:38:36.953938 UTC,13.53
2020-12-08,5929298.34950461,United Kingdom,desktop,2020-12-08 11:23:38.129436 UTC,2020-12-08 11:37:05.576244 UTC,13.45
2020-12-08,3694504.88353787,Russia,mobile,2020-12-08 23:05:33.162805 UTC,2020-12-08 23:18:58.366529 UTC,13.42
2020-12-08,7421090.13114782,South Korea,mobile,2020-12-08 19:00:51.508262 UTC,2020-12-08 19:13:56.149313 UTC,13.07
2020-12-08,91274512.0451281,United States,desktop,2020-12-08 15:57:29.292602 UTC,2020-12-08 16:10:28.461854 UTC,12.98
2020-12-08,46711302.2852397,Taiwan,desktop,2020-12-08 12:13:30.046817 UTC,2020-12-08 12:25:47.521762 UTC,12.28
2020-12-08,76850448.7671717,United States,mobile,2020-12-08 20:38:13.404899 UTC,2020-12-08 20:49:54.396781 UTC,11.67
2020-12-08,16272274.306784,Spain,tablet,2020-12-08 23:28:22.100388 UTC,2020-12-08 23:39:15.174133 UTC,10.88
2020-12-08,10945077.7212556,United States,desktop,2020-12-08 15:20:20.138981 UTC,2020-12-08 15:31:06.721540 UTC,10.77
2020-12-08,8670634.20153913,Poland,desktop,2020-12-08 14:04:07.531508 UTC,2020-12-08 14:14:31.979396 UTC,10.4
2020-12-08,2317598.92094642,India,mobile,2020-12-08 03:23:20.613131 UTC,2020-12-08 03:33:02.792620 UTC,9.7
2020-12-08,31634486.5789704,France,desktop,2020-12-08 23:20:41.755226 UTC,2020-12-08 23:30:23.428361 UTC,9.68
2020-12-08,9165170.86366535,United States,desktop,2020-12-08 20:15:08.929139 UTC,2020-12-08 20:24:40.598053 UTC,9.52
2020-12-08,28394349.8695847,United States,mobile,2020-12-08 17:02:52.718077 UTC,2020-12-08 17:12:07.341877 UTC,9.23
2020-12-08,76034714.5172119,United States,mobile,2020-12-08 19:06:54.205427 UTC,2020-12-08 19:16:00.416764 UTC,9.1
2020-12-08,3376047.91285228,United States,mobile,2020-12-08 00:30:12.205285 UTC,2020-12-08 00:39:13.477212 UTC,9.02
2020-12-08,15957353.1002579,Canada,desktop,2020-12-08 16:06:18.767791 UTC,2020-12-08 16:15:17.436015 UTC,8.97
2020-12-08,2504014.42776612,United States,desktop,2020-12-08 04:40:15.751476 UTC,2020-12-08 04:48:57.272815 UTC,8.68
2020-12-08,2113325.1940945,United States,mobile,2020-12-08 15:11:11.343652 UTC,2020-12-08 15:19:43.697111 UTC,8.53
2020-12-08,27946409.70403,United Kingdom,mobile,2020-12-08 19:05:04.205739 UTC,2020-12-08 19:13:07.492223 UTC,8.05
2020-12-08,8432100.87867021,Singapore,desktop,2020-12-08 07:22:43.846466 UTC,2020-12-08 07:30:33.156516 UTC,7.82
2020-12-08,25335187.2299023,Canada,mobile,2020-12-08 09:26:01.186692 UTC,2020-12-08 09:33:35.641854 UTC,7.57
2020-12-08,60290905.3120917,United States,desktop,2020-12-08 23:49:37.751730 UTC,2020-12-08 23:56:41.466587 UTC,7.05
2020-12-08,4853857.31815162,United States,mobile,2020-12-08 14:44:33.168858 UTC,2020-12-08 14:51:30.751040 UTC,6.95
2020-12-08,4807476.33247012,France,desktop,2020-12-08 10:05:49.358542 UTC,2020-12-08 10:12:35.978972 UTC,6.77
2020-12-08,1026932.08588622,United States,desktop,2020-12-08 09:20:36.456692 UTC,2020-12-08 09:27:04.629870 UTC,6.47
2020-12-08,84066312.1151239,United States,desktop,2020-12-08 19:45:23.983294 UTC,2020-12-08 19:51:45.946983 UTC,6.35
2020-12-08,7644052.72325231,Hong Kong,mobile,2020-12-08 10:21:04.961228 UTC,2020-12-08 10:26:43.899739 UTC,5.63
2020-12-08,4983577.84611455,Bulgaria,mobile,2020-12-08 15:42:16.939769 UTC,2020-12-08 15:47:53.206190 UTC,5.6
2020-12-08,52407464.0313773,Qatar,mobile,2020-12-08 20:59:07.533833 UTC,2020-12-08 21:04:17.997634 UTC,5.17
2020-12-08,4970125.11637161,United States,desktop,2020-12-08 07:59:36.801120 UTC,2020-12-08 08:04:37.299214 UTC,5.0
2020-12-08,76327181.8386187,United States,desktop,2020-12-08 12:17:34.179605 UTC,2020-12-08 12:22:35.064542 UTC,5.0
2020-12-08,2879559328.61147,Australia,desktop,2020-12-08 05:41:20.769197 UTC,2020-12-08 05:45:36.751972 UTC,4.25
2020-12-08,47489797.94235,Spain,mobile,2020-12-08 10:56:16.381646 UTC,2020-12-08 10:59:57.541174 UTC,3.68
2020-12-08,5898251.13089427,United States,desktop,2020-12-08 18:12:52.520577 UTC,2020-12-08 18:16:07.640665 UTC,3.25
2020-12-08,24897762.0454201,United States,desktop,2020-12-08 09:46:41.517558 UTC,2020-12-08 09:49:42.466011 UTC,3.0
2020-12-08,8231820.20446632,United States,desktop,2020-12-08 00:18:06.467766 UTC,2020-12-08 00:20:55.726093 UTC,2.82
2020-12-08,54650531.8943536,Mexico,mobile,2020-12-08 09:57:15.056872 UTC,2020-12-08 09:58:46.075079 UTC,1.52
2020-12-08,8455928.71245816,Switzerland,desktop,2020-12-08 00:02:29.960826 UTC,2020-12-08 00:03:43.088834 UTC,1.22
2020-12-09,3175490.80201239,India,mobile,2020-12-09 03:43:12.884624 UTC,2020-12-09 20:51:37.889948 UTC,1028.42
2020-12-09,49204088.5414438,India,mobile,2020-12-09 06:19:48.078055 UTC,2020-12-09 18:38:35.844421 UTC,738.78
2020-12-09,5232022.27690527,United States,mobile,2020-12-09 11:38:40.750042 UTC,2020-12-09 18:23:24.496640 UTC,404.72
2020-12-09,71987837.5870418,China,desktop,2020-12-09 03:18:32.266979 UTC,2020-12-09 08:42:23.170595 UTC,323.83
2020-12-09,5810898.69345834,India,desktop,2020-12-09 01:19:27.553817 UTC,2020-12-09 05:49:08.398376 UTC,269.67
2020-12-09,28872668.2787464,India,desktop,2020-12-09 06:29:22.551826 UTC,2020-12-09 10:56:31.358522 UTC,267.13
2020-12-09,67050800.3768789,Australia,desktop,2020-12-09 14:37:26.373422 UTC,2020-12-09 18:51:31.282058 UTC,254.07
2020-12-09,4951824232.29878,United States,mobile,2020-12-09 05:05:19.294623 UTC,2020-12-09 09:08:35.456694 UTC,243.27
2020-12-09,97950097.5837353,India,mobile,2020-12-09 09:26:38.585954 UTC,2020-12-09 12:57:48.946273 UTC,211.17
2020-12-09,36739590.6951379,United States,desktop,2020-12-09 06:10:11.854835 UTC,2020-12-09 09:10:00.155645 UTC,179.8
2020-12-09,3385850.79528524,United States,desktop,2020-12-09 20:09:20.463362 UTC,2020-12-09 23:01:07.060685 UTC,171.77
2020-12-09,5769896.14951772,United States,desktop,2020-12-09 11:20:01.464656 UTC,2020-12-09 14:05:30.909795 UTC,165.48
2020-12-09,7581468.68719656,India,desktop,2020-12-09 11:55:52.180467 UTC,2020-12-09 14:40:51.712167 UTC,164.98
2020-12-09,63264809.7446857,Colombia,desktop,2020-12-09 02:07:16.063222 UTC,2020-12-09 04:43:36.250472 UTC,156.33
2020-12-09,53066733.3024849,United States,desktop,2020-12-09 11:04:54.930822 UTC,2020-12-09 13:19:36.948424 UTC,134.7
2020-12-09,47705051.4543207,China,desktop,2020-12-09 01:24:43.025558 UTC,2020-12-09 03:30:19.379111 UTC,125.6
2020-12-09,13364975.1358294,United States,mobile,2020-12-09 17:07:55.604459 UTC,2020-12-09 19:11:11.637536 UTC,123.27
2020-12-09,4231038.07238917,France,desktop,2020-12-09 02:34:13.523931 UTC,2020-12-09 04:27:10.362210 UTC,112.93
2020-12-09,70092642.2710325,United States,desktop,2020-12-09 18:42:41.953153 UTC,2020-12-09 20:26:39.491606 UTC,103.95
2020-12-09,73553329.4007239,United States,mobile,2020-12-09 10:11:17.729615 UTC,2020-12-09 11:53:17.515805 UTC,101.98
2020-12-09,120213587.86233,Canada,desktop,2020-12-09 17:39:09.244167 UTC,2020-12-09 19:19:29.946305 UTC,100.33
2020-12-09,3393889.73961472,United States,mobile,2020-12-09 21:09:35.527052 UTC,2020-12-09 22:46:40.956497 UTC,97.08
2020-12-09,4976040.55117524,Finland,mobile,2020-12-09 20:26:18.118768 UTC,2020-12-09 22:03:08.731918 UTC,96.83
2020-12-09,2139760586.08714,Canada,mobile,2020-12-09 13:21:13.951781 UTC,2020-12-09 14:48:30.725306 UTC,87.27
2020-12-09,1623303.01120651,Serbia,desktop,2020-12-09 07:40:58.079212 UTC,2020-12-09 09:06:12.566572 UTC,85.23
2020-12-09,73829542.7019776,Canada,desktop,2020-12-09 18:31:17.995308 UTC,2020-12-09 19:53:22.065642 UTC,82.07
2020-12-09,49763131.6438442,United States,mobile,2020-12-09 12:51:31.496135 UTC,2020-12-09 14:11:50.537225 UTC,80.32
2020-12-09,70587803.9229757,Turkey,mobile,2020-12-09 16:30:46.555764 UTC,2020-12-09 17:48:59.453577 UTC,78.2
2020-12-09,6049306.9124313,United States,desktop,2020-12-09 04:12:50.485509 UTC,2020-12-09 05:26:31.328143 UTC,73.67
2020-12-09,3578162.06238999,United States,desktop,2020-12-09 03:20:18.208646 UTC,2020-12-09 04:33:41.896488 UTC,73.38
2020-12-09,7634543.7021985,United States,desktop,2020-12-09 01:48:36.870354 UTC,2020-12-09 02:55:04.461692 UTC,66.45
2020-12-09,44974147.571765,United States,desktop,2020-12-09 13:58:15.818620 UTC,2020-12-09 15:01:41.153977 UTC,63.42
2020-12-09,77283283.8065996,United States,desktop,2020-12-09 06:32:40.669827 UTC,2020-12-09 07:34:42.296762 UTC,62.02
2020-12-09,2847475.15506243,United States,mobile,2020-12-09 17:24:10.568176 UTC,2020-12-09 18:25:40.438588 UTC,61.48
2020-12-09,3846424.11795562,Slovenia,mobile,2020-12-09 11:31:56.461716 UTC,2020-12-09 12:31:27.765977 UTC,59.52
2020-12-09,1398743.94465019,South Korea,desktop,2020-12-09 06:36:00.770301 UTC,2020-12-09 07:34:06.427403 UTC,58.08
2020-12-09,24438494.087927,United States,mobile,2020-12-09 20:54:18.404617 UTC,2020-12-09 21:51:25.664492 UTC,57.12
2020-12-09,49793755.7550891,Greece,desktop,2020-12-09 03:59:44.652784 UTC,2020-12-09 04:52:34.810539 UTC,52.83
2020-12-09,82318647.2923735,Poland,desktop,2020-12-09 07:55:42.854347 UTC,2020-12-09 08:46:27.434906 UTC,50.73
2020-12-09,18210686.3272655,United States,desktop,2020-12-09 03:09:32.259964 UTC,2020-12-09 03:57:05.446919 UTC,47.55
2020-12-09,2701051.68844975,Singapore,desktop,2020-12-09 22:01:29.166469 UTC,2020-12-09 22:48:47.658920 UTC,47.3
2020-12-09,28202253.7064162,India,tablet,2020-12-09 16:34:48.428138 UTC,2020-12-09 17:21:59.200273 UTC,47.17
2020-12-09,3644566278.66026,United States,desktop,2020-12-09 11:09:15.072152 UTC,2020-12-09 11:56:10.591387 UTC,46.92
2020-12-09,80398780.955107,Brazil,mobile,2020-12-09 14:51:13.742373 UTC,2020-12-09 15:34:26.602122 UTC,43.2
2020-12-09,7616254.52403558,Turkey,desktop,2020-12-09 10:03:27.526416 UTC,2020-12-09 10:44:48.807133 UTC,41.35
2020-12-09,3723940.17093208,India,desktop,2020-12-09 16:14:13.255658 UTC,2020-12-09 16:55:25.020255 UTC,41.18
2020-12-09,7162398.25880382,Bangladesh,desktop,2020-12-09 00:28:20.151392 UTC,2020-12-09 01:07:13.916419 UTC,38.88
2020-12-09,66095345.4369472,India,desktop,2020-12-09 20:33:05.530680 UTC,2020-12-09 21:10:48.354668 UTC,37.7
2020-12-09,4766068.40485987,Sweden,mobile,2020-12-09 16:32:55.473899 UTC,2020-12-09 17:10:13.807841 UTC,37.3
2020-12-09,41473698.5123929,United States,mobile,2020-12-09 13:50:29.592198 UTC,2020-12-09 14:27:32.737520 UTC,37.05
2020-12-09,3589790.31193021,Germany,desktop,2020-12-09 12:06:30.755229 UTC,2020-12-09 12:43:22.772127 UTC,36.87
2020-12-09,6614915.97789907,United States,desktop,2020-12-09 01:15:08.098269 UTC,2020-12-09 01:51:47.383092 UTC,36.65
2020-12-09,43678268.2433515,Malaysia,desktop,2020-12-09 07:57:07.723230 UTC,2020-12-09 08:32:26.647438 UTC,35.3
2020-12-09,6948517.78268461,Italy,mobile,2020-12-09 01:58:45.280232 UTC,2020-12-09 02:31:39.802643 UTC,32.9
2020-12-09,33063796.1679893,India,desktop,2020-12-09 10:19:21.449259 UTC,2020-12-09 10:52:10.223228 UTC,32.8
2020-12-09,5297765.67681781,United States,desktop,2020-12-09 02:58:00.857645 UTC,2020-12-09 03:30:36.687289 UTC,32.58
2020-12-09,56346352.5809156,Russia,mobile,2020-12-09 08:26:43.879366 UTC,2020-12-09 08:57:59.773723 UTC,31.25
2020-12-09,89978465.7775557,India,mobile,2020-12-09 19:16:02.971842 UTC,2020-12-09 19:46:46.500015 UTC,30.72
2020-12-09,68062973.3734091,Canada,desktop,2020-12-09 19:47:38.719557 UTC,2020-12-09 20:17:22.041429 UTC,29.72
2020-12-09,6946816.38418491,United States,mobile,2020-12-09 03:36:32.622704 UTC,2020-12-09 04:06:08.863870 UTC,29.6
2020-12-09,7725658.2117768,United States,desktop,2020-12-09 11:20:56.569067 UTC,2020-12-09 11:50:02.107760 UTC,29.08
2020-12-09,88244617.7250834,Vietnam,desktop,2020-12-09 07:35:39.219146 UTC,2020-12-09 08:02:30.816904 UTC,26.85
2020-12-09,23631351.0257452,Brazil,mobile,2020-12-09 17:17:01.688510 UTC,2020-12-09 17:43:34.401942 UTC,26.53
2020-12-09,27683683.6299831,United States,desktop,2020-12-09 10:16:03.990303 UTC,2020-12-09 10:42:25.189890 UTC,26.35
2020-12-09,2036422.89118868,India,mobile,2020-12-09 04:55:31.704186 UTC,2020-12-09 05:21:42.024658 UTC,26.17
2020-12-09,29135809.8049828,United States,desktop,2020-12-09 13:12:44.096020 UTC,2020-12-09 13:38:11.261873 UTC,25.45
2020-12-09,7848612.5364146,United States,desktop,2020-12-09 03:18:29.380745 UTC,2020-12-09 03:43:46.209369 UTC,25.27
2020-12-09,1482920.53995442,Australia,desktop,2020-12-09 11:11:04.490386 UTC,2020-12-09 11:35:30.509741 UTC,24.43
2020-12-09,69458824.5462655,United Kingdom,desktop,2020-12-09 03:17:22.882644 UTC,2020-12-09 03:41:42.236374 UTC,24.32
2020-12-09,5001471.23707228,Canada,mobile,2020-12-09 20:48:01.285509 UTC,2020-12-09 21:11:46.974572 UTC,23.75
2020-12-09,11100960.2667996,Canada,desktop,2020-12-09 21:50:52.761777 UTC,2020-12-09 22:13:49.682538 UTC,22.93
2020-12-09,6195712.55615348,India,desktop,2020-12-09 09:55:42.862692 UTC,2020-12-09 10:18:32.745544 UTC,22.82
2020-12-09,85312914.8686882,United States,desktop,2020-12-09 06:19:05.845226 UTC,2020-12-09 06:40:57.167034 UTC,21.85
2020-12-09,18352719.3439042,India,desktop,2020-12-09 08:37:16.166776 UTC,2020-12-09 08:58:55.085590 UTC,21.63
2020-12-09,76769290.7382777,United States,desktop,2020-12-09 01:17:30.979306 UTC,2020-12-09 01:39:02.756695 UTC,21.52
2020-12-09,76881246.6635124,India,mobile,2020-12-09 08:19:15.924746 UTC,2020-12-09 08:40:30.958869 UTC,21.25
2020-12-09,6354182.0340556,Italy,desktop,2020-12-09 10:57:42.707618 UTC,2020-12-09 11:18:45.502432 UTC,21.03
2020-12-09,4773984.34951235,India,desktop,2020-12-09 17:48:31.130055 UTC,2020-12-09 18:07:35.657019 UTC,19.07
2020-12-09,4738947.94384715,United States,desktop,2020-12-09 16:04:33.531691 UTC,2020-12-09 16:23:28.154169 UTC,18.9
2020-12-09,32916395.5650273,Singapore,desktop,2020-12-09 16:53:05.528280 UTC,2020-12-09 17:10:52.321375 UTC,17.77
2020-12-09,16742325.1460084,Italy,mobile,2020-12-09 07:37:13.087868 UTC,2020-12-09 07:54:41.759455 UTC,17.47
2020-12-09,10172849.5375293,Sweden,desktop,2020-12-09 07:14:24.354453 UTC,2020-12-09 07:31:52.105600 UTC,17.45
2020-12-09,28471582.5014474,Portugal,mobile,2020-12-09 03:28:44.848685 UTC,2020-12-09 03:46:10.065340 UTC,17.42
2020-12-09,47731614.5840289,United States,desktop,2020-12-09 13:29:56.174715 UTC,2020-12-09 13:47:16.197618 UTC,17.33
2020-12-09,78412371.3141968,United States,mobile,2020-12-09 07:23:45.256667 UTC,2020-12-09 07:40:37.283522 UTC,16.87
2020-12-09,5002058.41072381,United States,tablet,2020-12-09 07:20:58.199378 UTC,2020-12-09 07:37:47.911937 UTC,16.82
2020-12-09,73788836.6647022,United States,mobile,2020-12-09 18:39:01.576310 UTC,2020-12-09 18:55:43.543500 UTC,16.68
2020-12-09,8435794.68721771,Canada,desktop,2020-12-09 06:34:12.158944 UTC,2020-12-09 06:50:50.068859 UTC,16.62
2020-12-09,76282145.6467825,France,desktop,2020-12-09 09:08:02.387466 UTC,2020-12-09 09:24:14.574546 UTC,16.2
2020-12-09,5187937.67385245,China,desktop,2020-12-09 01:30:59.851645 UTC,2020-12-09 01:46:09.919642 UTC,15.17
2020-12-09,13285520.2959269,United States,desktop,2020-12-09 10:50:17.830518 UTC,2020-12-09 11:04:42.742443 UTC,14.4
2020-12-09,44080603.5651121,United States,mobile,2020-12-09 22:37:45.868930 UTC,2020-12-09 22:51:47.624792 UTC,14.02
2020-12-09,55182047.5260548,France,desktop,2020-12-09 03:07:15.105647 UTC,2020-12-09 03:21:06.012557 UTC,13.83
2020-12-09,17270185.4245519,Germany,desktop,2020-12-09 01:52:41.841149 UTC,2020-12-09 02:06:26.003487 UTC,13.73
2020-12-09,6849736.67016655,United States,mobile,2020-12-09 19:35:46.104190 UTC,2020-12-09 19:49:12.852727 UTC,13.43
2020-12-09,83961186.489226,Spain,mobile,2020-12-09 22:00:07.375767 UTC,2020-12-09 22:13:21.816002 UTC,13.23
2020-12-09,3233712.03550073,United States,mobile,2020-12-09 05:26:28.313556 UTC,2020-12-09 05:39:04.360567 UTC,12.6
2020-12-09,27433238.819979,United States,mobile,2020-12-09 19:24:10.965375 UTC,2020-12-09 19:35:57.052111 UTC,11.77
2020-12-09,85394891.9561309,United States,mobile,2020-12-09 16:14:21.290364 UTC,2020-12-09 16:25:48.968628 UTC,11.45
2020-12-09,8533898109.86422,United States,mobile,2020-12-09 05:38:40.605032 UTC,2020-12-09 05:50:07.354436 UTC,11.43
2020-12-09,48713927.3135258,United States,desktop,2020-12-09 02:27:43.404857 UTC,2020-12-09 02:39:09.001980 UTC,11.42
2020-12-09,4705602.51171731,Turkey,desktop,2020-12-09 17:33:16.392768 UTC,2020-12-09 17:43:38.273512 UTC,10.35
2020-12-09,77925772.4472848,United States,desktop,2020-12-09 20:19:11.597385 UTC,2020-12-09 20:29:29.703753 UTC,10.3
2020-12-09,54571089.7076275,Japan,mobile,2020-12-09 02:28:03.963112 UTC,2020-12-09 02:38:08.428754 UTC,10.07
2020-12-09,72227997.0657116,United States,desktop,2020-12-09 07:09:54.437026 UTC,2020-12-09 07:19:37.957127 UTC,9.72
2020-12-09,5161034.10949542,Germany,mobile,2020-12-09 03:14:31.813228 UTC,2020-12-09 03:24:09.705312 UTC,9.62
2020-12-09,7945395.81971137,United States,desktop,2020-12-09 11:29:23.827915 UTC,2020-12-09 11:38:32.817109 UTC,9.13
2020-12-09,34302730.6446909,United States,mobile,2020-12-09 17:27:18.646870 UTC,2020-12-09 17:36:24.919765 UTC,9.1
2020-12-09,37788537.8066322,United States,desktop,2020-12-09 21:26:35.858043 UTC,2020-12-09 21:35:38.673620 UTC,9.03
2020-12-09,39049092.9395215,United Kingdom,desktop,2020-12-09 18:49:00.927781 UTC,2020-12-09 18:57:46.659998 UTC,8.75
2020-12-09,2543812.19528636,United States,desktop,2020-12-09 14:45:15.119662 UTC,2020-12-09 14:53:54.198963 UTC,8.65
2020-12-09,7595660.4464003,Poland,desktop,2020-12-09 03:52:01.528785 UTC,2020-12-09 04:00:18.214896 UTC,8.27
2020-12-09,56113189.2026367,Taiwan,desktop,2020-12-09 18:53:23.149110 UTC,2020-12-09 19:01:33.205823 UTC,8.17
2020-12-09,44446265.4202947,United States,mobile,2020-12-09 07:19:57.638385 UTC,2020-12-09 07:27:35.762762 UTC,7.63
2020-12-09,88898171.1110922,Canada,desktop,2020-12-09 05:06:00.059243 UTC,2020-12-09 05:13:19.434343 UTC,7.32
2020-12-09,43259288.590579,El Salvador,desktop,2020-12-09 19:43:32.202190 UTC,2020-12-09 19:50:35.433739 UTC,7.05
2020-12-09,29538225.3205476,United States,tablet,2020-12-09 19:24:21.441620 UTC,2020-12-09 19:31:25.263823 UTC,7.05
2020-12-09,59219545.0213652,United States,desktop,2020-12-09 11:35:46.876864 UTC,2020-12-09 11:42:28.380307 UTC,6.68
2020-12-09,69394153.6174338,United States,desktop,2020-12-09 07:28:43.466032 UTC,2020-12-09 07:35:15.123167 UTC,6.52
2020-12-09,80690641.6797441,United States,mobile,2020-12-09 22:24:47.091306 UTC,2020-12-09 22:31:16.955292 UTC,6.48
2020-12-09,46864690.7092927,United Kingdom,mobile,2020-12-09 00:58:31.377806 UTC,2020-12-09 01:04:38.591920 UTC,6.12
2020-12-09,1336873.93849136,India,desktop,2020-12-09 07:47:19.323526 UTC,2020-12-09 07:52:08.714305 UTC,4.82
2020-12-09,6136308840.67009,United States,desktop,2020-12-09 14:03:59.083815 UTC,2020-12-09 14:08:48.304615 UTC,4.82
2020-12-09,35563232.09199,United States,desktop,2020-12-09 10:29:23.989304 UTC,2020-12-09 10:34:12.785913 UTC,4.8
2020-12-09,6810577.5817571,Uruguay,tablet,2020-12-09 10:23:58.930216 UTC,2020-12-09 10:28:29.751015 UTC,4.5
2020-12-09,43332866.6587062,United States,desktop,2020-12-09 04:46:57.729403 UTC,2020-12-09 04:50:34.325365 UTC,3.6
2020-12-10,4070503.94736057,India,desktop,2020-12-10 00:00:32.098203 UTC,2020-12-10 21:12:25.885251 UTC,1271.88
2020-12-10,35982193.4567496,South Korea,mobile,2020-12-10 02:42:36.082980 UTC,2020-12-10 19:38:30.028830 UTC,1015.88
2020-12-10,31733645.3711323,Germany,desktop,2020-12-10 00:42:39.979243 UTC,2020-12-10 15:47:28.873729 UTC,904.8
2020-12-10,42973705.2604123,United States,desktop,2020-12-10 02:16:58.886839 UTC,2020-12-10 16:12:05.445039 UTC,835.1
2020-12-10,74208315.1089315,United States,mobile,2020-12-10 02:16:58.628804 UTC,2020-12-10 14:19:13.439643 UTC,722.23
2020-12-10,32985797.1699921,Taiwan,desktop,2020-12-10 12:54:16.645038 UTC,2020-12-10 23:48:03.377062 UTC,653.77
2020-12-10,76568713.5662041,United States,desktop,2020-12-10 01:43:38.153295 UTC,2020-12-10 12:14:50.432361 UTC,631.2
2020-12-10,6989932.88325341,China,desktop,2020-12-10 08:04:19.107262 UTC,2020-12-10 18:03:20.488858 UTC,599.02
2020-12-10,4496984646.39382,Russia,desktop,2020-12-10 02:35:00.580400 UTC,2020-12-10 12:05:40.033581 UTC,570.65
2020-12-10,7477637.2776014,United States,desktop,2020-12-10 03:30:26.816976 UTC,2020-12-10 11:45:42.880627 UTC,495.27
2020-12-10,60359955.7443344,Japan,mobile,2020-12-10 03:31:46.441980 UTC,2020-12-10 10:52:29.534352 UTC,440.72
2020-12-10,6176511.01617571,India,desktop,2020-12-10 15:55:04.744241 UTC,2020-12-10 22:50:42.544562 UTC,415.62
2020-12-10,63378233.4846691,Singapore,desktop,2020-12-10 14:42:20.876697 UTC,2020-12-10 21:20:32.625701 UTC,398.18
2020-12-10,3112347.13885263,United States,desktop,2020-12-10 00:01:44.523548 UTC,2020-12-10 05:53:25.994807 UTC,351.68
2020-12-10,6901273.58380406,United States,desktop,2020-12-10 07:20:49.026507 UTC,2020-12-10 12:52:10.715080 UTC,331.35
2020-12-10,80120305.1144725,Japan,desktop,2020-12-10 19:14:55.826752 UTC,2020-12-10 23:27:36.792517 UTC,252.67
2020-12-10,3006717593.40396,China,mobile,2020-12-10 00:27:08.123703 UTC,2020-12-10 04:06:53.457628 UTC,219.75
2020-12-10,8318901.18629221,United States,desktop,2020-12-10 09:54:25.131354 UTC,2020-12-10 13:32:28.240124 UTC,218.05
2020-12-10,73143977.4968623,United States,desktop,2020-12-10 08:26:04.044493 UTC,2020-12-10 11:54:23.906018 UTC,208.32
2020-12-10,36091629.1274862,Turkey,desktop,2020-12-10 03:16:02.523306 UTC,2020-12-10 06:41:50.849944 UTC,205.8
2020-12-10,8388141.032866,Ireland,mobile,2020-12-10 13:25:28.776141 UTC,2020-12-10 16:29:53.736919 UTC,184.4
2020-12-10,60082841.6448395,Japan,desktop,2020-12-10 02:49:14.799395 UTC,2020-12-10 05:42:39.970951 UTC,173.42
2020-12-10,6034317.45617079,(not set),mobile,2020-12-10 02:12:41.734629 UTC,2020-12-10 05:05:34.111441 UTC,172.87
2020-12-10,3958978.42217051,Germany,mobile,2020-12-10 07:46:07.073931 UTC,2020-12-10 09:52:47.257842 UTC,126.67
2020-12-10,7266315847.39334,Russia,desktop,2020-12-10 13:33:18.127083 UTC,2020-12-10 15:26:31.049989 UTC,113.2
2020-12-10,51071588.2298808,United States,mobile,2020-12-10 21:52:54.331792 UTC,2020-12-10 23:13:26.554284 UTC,80.53
2020-12-10,28887365.2174306,United States,desktop,2020-12-10 18:37:55.334230 UTC,2020-12-10 19:52:34.897404 UTC,74.65
2020-12-10,93726689.1651052,United States,mobile,2020-12-10 06:31:44.569016 UTC,2020-12-10 07:40:50.724339 UTC,69.1
2020-12-10,50054690.0206427,Thailand,desktop,2020-12-10 01:28:25.653435 UTC,2020-12-10 02:36:38.831154 UTC,68.22
2020-12-10,64939560.5306054,China,mobile,2020-12-10 16:42:22.770746 UTC,2020-12-10 17:49:53.666559 UTC,67.5
2020-12-10,75897668.9066103,United States,desktop,2020-12-10 09:34:48.662614 UTC,2020-12-10 10:34:31.641244 UTC,59.7
2020-12-10,6952489.38057812,Spain,desktop,2020-12-10 03:06:44.192995 UTC,2020-12-10 04:03:26.146716 UTC,56.68
2020-12-10,8112206.8437064,Latvia,mobile,2020-12-10 06:39:21.934288 UTC,2020-12-10 07:30:26.544377 UTC,51.07
2020-12-10,55194119.6469234,India,mobile,2020-12-10 09:06:37.600781 UTC,2020-12-10 09:57:26.836179 UTC,50.82
2020-12-10,88765980.1821355,United States,desktop,2020-12-10 17:12:32.265037 UTC,2020-12-10 17:58:25.249039 UTC,45.87
2020-12-10,7307937.97361381,Canada,desktop,2020-12-10 16:59:26.072315 UTC,2020-12-10 17:42:42.675521 UTC,43.27
2020-12-10,19051578.9987004,Japan,desktop,2020-12-10 02:11:20.015274 UTC,2020-12-10 02:53:56.289291 UTC,42.6
2020-12-10,39887388.4118342,United States,mobile,2020-12-10 14:38:46.236815 UTC,2020-12-10 15:21:16.565711 UTC,42.5
2020-12-10,5542571.2196139,United States,mobile,2020-12-10 21:22:25.600410 UTC,2020-12-10 22:03:56.938650 UTC,41.52
2020-12-10,36617700.9924531,Taiwan,desktop,2020-12-10 07:31:24.119277 UTC,2020-12-10 08:11:34.032187 UTC,40.15
2020-12-10,84288512.1820202,United States,mobile,2020-12-10 10:50:09.588410 UTC,2020-12-10 11:28:52.229472 UTC,38.7
2020-12-10,1540308157.412,United States,desktop,2020-12-10 14:43:00.177013 UTC,2020-12-10 15:20:18.449820 UTC,37.3
2020-12-10,33228466.7506889,United States,desktop,2020-12-10 01:09:58.234955 UTC,2020-12-10 01:45:47.453870 UTC,35.82
2020-12-10,8692137.53044367,India,desktop,2020-12-10 10:32:38.664196 UTC,2020-12-10 11:08:02.785797 UTC,35.4
2020-12-10,40953348.8523432,India,mobile,2020-12-10 14:05:01.990148 UTC,2020-12-10 14:39:59.561980 UTC,34.95
2020-12-10,7859149.74669355,United States,desktop,2020-12-10 06:20:47.211800 UTC,2020-12-10 06:53:44.735984 UTC,32.95
2020-12-10,87252370.8743434,Canada,desktop,2020-12-10 05:54:46.568584 UTC,2020-12-10 06:26:09.520872 UTC,31.37
2020-12-10,4987157.95478099,United States,desktop,2020-12-10 11:08:56.194135 UTC,2020-12-10 11:39:57.425292 UTC,31.02
2020-12-10,45644670.7272314,Germany,tablet,2020-12-10 07:37:06.418450 UTC,2020-12-10 08:08:01.076623 UTC,30.9
2020-12-10,66893006.194299,United States,desktop,2020-12-10 18:09:05.280400 UTC,2020-12-10 18:39:29.025577 UTC,30.38
2020-12-10,1996506.7082614,United States,mobile,2020-12-10 07:32:21.585267 UTC,2020-12-10 08:02:28.318343 UTC,30.1
2020-12-10,6149712.21440796,India,mobile,2020-12-10 13:45:29.554416 UTC,2020-12-10 14:14:59.070850 UTC,29.48
2020-12-10,47731614.5840289,United States,desktop,2020-12-10 10:10:58.324988 UTC,2020-12-10 10:38:40.924721 UTC,27.7
2020-12-10,1213730.95903067,India,tablet,2020-12-10 09:02:05.849042 UTC,2020-12-10 09:28:48.829410 UTC,26.7
2020-12-10,6491610.40225505,Germany,desktop,2020-12-10 10:16:31.745319 UTC,2020-12-10 10:43:10.152928 UTC,26.63
2020-12-10,7011382.83626747,United States,desktop,2020-12-10 23:28:47.062544 UTC,2020-12-10 23:54:33.854809 UTC,25.77
2020-12-10,8278411.74232204,United States,desktop,2020-12-10 17:07:54.672599 UTC,2020-12-10 17:33:35.505291 UTC,25.67
2020-12-10,57746120.581054,United States,mobile,2020-12-10 14:20:55.101599 UTC,2020-12-10 14:46:16.296036 UTC,25.35
2020-12-10,59044937.5350894,United Kingdom,desktop,2020-12-10 22:16:27.743553 UTC,2020-12-10 22:40:40.614226 UTC,24.2
2020-12-10,7982465.75649164,United States,desktop,2020-12-10 01:54:06.931065 UTC,2020-12-10 02:17:50.782495 UTC,23.72
2020-12-10,84385511.3999029,Ukraine,mobile,2020-12-10 07:23:32.294980 UTC,2020-12-10 07:46:10.376403 UTC,22.63
2020-12-10,7185915.0641916,India,mobile,2020-12-10 07:31:02.477152 UTC,2020-12-10 07:53:33.975894 UTC,22.52
2020-12-10,28108956.4390354,United States,desktop,2020-12-10 18:29:33.321039 UTC,2020-12-10 18:50:45.440112 UTC,21.2
2020-12-10,44589429.9068358,China,desktop,2020-12-10 23:29:27.629788 UTC,2020-12-10 23:49:26.354727 UTC,19.97
2020-12-10,5483935.06403201,Pakistan,desktop,2020-12-10 16:22:17.224494 UTC,2020-12-10 16:42:05.962087 UTC,19.8
2020-12-10,17829165.8694191,Turkey,desktop,2020-12-10 18:32:27.852405 UTC,2020-12-10 18:52:04.479200 UTC,19.6
2020-12-10,1516904.83254597,Tunisia,desktop,2020-12-10 20:03:32.790505 UTC,2020-12-10 20:23:05.722062 UTC,19.53
2020-12-10,22960903.4572081,United States,mobile,2020-12-10 22:44:21.925168 UTC,2020-12-10 23:03:19.679299 UTC,18.95
2020-12-10,7752642.51554198,United States,desktop,2020-12-10 04:32:22.063875 UTC,2020-12-10 04:51:09.431019 UTC,18.78
2020-12-10,9216625.52372797,Denmark,desktop,2020-12-10 22:44:47.354323 UTC,2020-12-10 23:02:33.342303 UTC,17.75
2020-12-10,9957205.79752026,Spain,mobile,2020-12-10 07:17:45.095704 UTC,2020-12-10 07:34:17.572058 UTC,16.53
2020-12-10,29659184.3200898,Taiwan,desktop,2020-12-10 01:51:35.562079 UTC,2020-12-10 02:07:53.141443 UTC,16.28
2020-12-10,5278589.03304281,India,mobile,2020-12-10 16:43:18.563187 UTC,2020-12-10 16:58:13.579654 UTC,14.92
2020-12-10,90038379.9838021,Poland,desktop,2020-12-10 08:51:33.241365 UTC,2020-12-10 09:06:11.090842 UTC,14.62
2020-12-10,63322638.6145263,United States,desktop,2020-12-10 07:11:43.196827 UTC,2020-12-10 07:26:01.220932 UTC,14.3
2020-12-10,7021233.68767783,United States,mobile,2020-12-10 01:36:21.980393 UTC,2020-12-10 01:50:39.379296 UTC,14.28
2020-12-10,3285600.54393993,Canada,desktop,2020-12-10 11:31:37.804465 UTC,2020-12-10 11:45:41.998310 UTC,14.07
2020-12-10,5640270.2841313,Poland,desktop,2020-12-10 16:43:52.844789 UTC,2020-12-10 16:57:47.664876 UTC,13.9
2020-12-10,34228859.9056439,India,mobile,2020-12-10 13:33:37.045140 UTC,2020-12-10 13:47:19.705547 UTC,13.7
2020-12-10,3274035.78869718,United States,desktop,2020-12-10 00:04:14.920799 UTC,2020-12-10 00:17:31.744778 UTC,13.27
2020-12-10,4529327.17861712,United States,mobile,2020-12-10 00:57:12.686301 UTC,2020-12-10 01:10:26.805250 UTC,13.23
2020-12-10,4748147.08964635,United States,desktop,2020-12-10 06:15:03.321298 UTC,2020-12-10 06:28:09.698171 UTC,13.1
2020-12-10,16851116.6419517,United States,mobile,2020-12-10 22:09:50.381897 UTC,2020-12-10 22:22:49.270288 UTC,12.97
2020-12-10,23761519.9043529,United States,mobile,2020-12-10 04:57:43.183883 UTC,2020-12-10 05:10:36.438946 UTC,12.88
2020-12-10,55570200.4023713,United States,desktop,2020-12-10 03:08:28.942476 UTC,2020-12-10 03:21:04.262044 UTC,12.58
2020-12-10,90640042.4789797,Canada,mobile,2020-12-10 16:45:30.615503 UTC,2020-12-10 16:57:57.433787 UTC,12.43
2020-12-10,50471872.476933,Germany,mobile,2020-12-10 08:13:29.322844 UTC,2020-12-10 08:25:21.924211 UTC,11.87
2020-12-10,1983361950.04067,Canada,mobile,2020-12-10 15:09:14.898881 UTC,2020-12-10 15:20:44.605897 UTC,11.48
2020-12-10,5177505373.39132,United States,desktop,2020-12-10 07:17:59.095090 UTC,2020-12-10 07:28:53.897800 UTC,10.9
2020-12-10,88609982.3067509,Netherlands,desktop,2020-12-10 08:28:03.860652 UTC,2020-12-10 08:38:55.089633 UTC,10.85
2020-12-10,9963542.39789809,Slovenia,desktop,2020-12-10 23:27:24.461937 UTC,2020-12-10 23:38:07.242024 UTC,10.7
2020-12-10,85295549.1924048,United States,mobile,2020-12-10 17:47:50.223190 UTC,2020-12-10 17:58:13.991651 UTC,10.38
2020-12-10,2265258.03257694,United States,desktop,2020-12-10 18:33:56.989892 UTC,2020-12-10 18:44:09.248717 UTC,10.2
2020-12-10,16792960.6856169,United States,mobile,2020-12-10 22:12:30.762084 UTC,2020-12-10 22:22:34.227728 UTC,10.05
2020-12-10,10111055.8768683,Vietnam,mobile,2020-12-10 12:18:55.718750 UTC,2020-12-10 12:28:54.901943 UTC,9.98
2020-12-10,4769532.27240099,United Kingdom,mobile,2020-12-10 18:58:28.405634 UTC,2020-12-10 19:08:26.639605 UTC,9.97
2020-12-10,61103004.4108922,United States,mobile,2020-12-10 01:20:58.161907 UTC,2020-12-10 01:30:57.113642 UTC,9.97
2020-12-10,8633002.33392707,United States,desktop,2020-12-10 10:22:13.249229 UTC,2020-12-10 10:31:42.694191 UTC,9.48
2020-12-10,79509844.1081277,India,desktop,2020-12-10 16:10:57.155162 UTC,2020-12-10 16:20:25.929471 UTC,9.47
2020-12-10,4551285.50534984,Canada,mobile,2020-12-10 06:21:35.836093 UTC,2020-12-10 06:30:33.862640 UTC,8.97
2020-12-10,8407414.54618791,United States,mobile,2020-12-10 01:11:26.714256 UTC,2020-12-10 01:20:06.406651 UTC,8.65
2020-12-10,87666696.5302025,Thailand,desktop,2020-12-10 13:05:30.640097 UTC,2020-12-10 13:13:48.457464 UTC,8.28
2020-12-10,6524949.75765136,United States,desktop,2020-12-10 08:20:16.275116 UTC,2020-12-10 08:28:29.056755 UTC,8.2
2020-12-10,59495950.201958,Canada,desktop,2020-12-10 05:44:56.346261 UTC,2020-12-10 05:53:05.678530 UTC,8.15
2020-12-10,11394862.3475151,United States,desktop,2020-12-10 10:19:16.435728 UTC,2020-12-10 10:27:13.054847 UTC,7.93
2020-12-10,5729410.57172266,United States,desktop,2020-12-10 21:11:36.607464 UTC,2020-12-10 21:18:52.157378 UTC,7.25
2020-12-10,8182020.14651196,Spain,desktop,2020-12-10 21:20:57.619313 UTC,2020-12-10 21:27:54.899053 UTC,6.95
2020-12-10,12980467.858628,Germany,desktop,2020-12-10 12:52:50.732229 UTC,2020-12-10 12:59:48.589422 UTC,6.95
2020-12-10,25641126.8268292,United States,desktop,2020-12-10 00:00:17.825838 UTC,2020-12-10 00:07:08.591031 UTC,6.83
2020-12-10,6643240028.39073,India,mobile,2020-12-10 14:32:15.937031 UTC,2020-12-10 14:39:04.818946 UTC,6.8
2020-12-10,68913644.880166,United States,mobile,2020-12-10 01:07:54.393174 UTC,2020-12-10 01:14:30.462402 UTC,6.6
2020-12-10,54389014.0787674,India,mobile,2020-12-10 08:58:46.165216 UTC,2020-12-10 09:05:06.579473 UTC,6.33
2020-12-10,39077253.7899061,Australia,desktop,2020-12-10 04:20:39.671736 UTC,2020-12-10 04:26:31.507219 UTC,5.85
2020-12-10,1415699.23568659,Japan,mobile,2020-12-10 19:33:15.324395 UTC,2020-12-10 19:38:58.654742 UTC,5.72
2020-12-10,70947919.9290448,United States,desktop,2020-12-10 15:26:19.706095 UTC,2020-12-10 15:31:59.172027 UTC,5.65
2020-12-10,63264809.7446857,Colombia,desktop,2020-12-10 00:14:27.239337 UTC,2020-12-10 00:19:46.739410 UTC,5.32
2020-12-10,6372054.7429791,United States,mobile,2020-12-10 05:13:12.381070 UTC,2020-12-10 05:18:25.632947 UTC,5.22
2020-12-10,1353275.72982497,United States,mobile,2020-12-10 10:22:30.171168 UTC,2020-12-10 10:27:11.471178 UTC,4.68
2020-12-10,4406786.12888868,United States,mobile,2020-12-10 14:52:24.327748 UTC,2020-12-10 14:57:00.354775 UTC,4.6
2020-12-10,65958191.5856647,United Kingdom,desktop,2020-12-10 14:15:33.479036 UTC,2020-12-10 14:20:07.013402 UTC,4.55
2020-12-10,7468279.0238776,United States,mobile,2020-12-10 20:42:52.794385 UTC,2020-12-10 20:47:13.625916 UTC,4.33
2020-12-10,73478648.4870101,Brazil,mobile,2020-12-10 20:17:58.108810 UTC,2020-12-10 20:21:42.272651 UTC,3.73
2020-12-10,57342716.1787863,United States,desktop,2020-12-10 05:19:33.897136 UTC,2020-12-10 05:23:00.801983 UTC,3.43
2020-12-10,22419726.6739298,Mexico,desktop,2020-12-10 00:49:35.887596 UTC,2020-12-10 00:53:00.357350 UTC,3.4
2020-12-10,60695124.4742262,India,mobile,2020-12-10 10:22:19.415641 UTC,2020-12-10 10:25:37.529528 UTC,3.3
2020-12-10,10987967.4344965,India,desktop,2020-12-10 04:14:50.726131 UTC,2020-12-10 04:17:29.509466 UTC,2.63
2020-12-11,5120677.24545233,Finland,mobile,2020-12-11 01:29:44.543719 UTC,2020-12-11 21:55:19.867873 UTC,1225.58
2020-12-11,8350155.08134008,Russia,desktop,2020-12-11 06:37:49.559958 UTC,2020-12-11 23:55:16.721178 UTC,1037.45
2020-12-11,26045316.6076625,United States,desktop,2020-12-11 00:46:51.577866 UTC,2020-12-11 16:53:11.068337 UTC,966.32
2020-12-11,3036743.21999678,United States,mobile,2020-12-11 08:03:37.658790 UTC,2020-12-11 21:11:23.646241 UTC,787.75
2020-12-11,4894490.84221481,India,desktop,2020-12-11 02:59:40.708136 UTC,2020-12-11 15:02:42.768843 UTC,723.03
2020-12-11,2779060.15739479,United States,mobile,2020-12-11 14:24:57.793679 UTC,2020-12-11 22:47:43.752053 UTC,502.75
2020-12-11,18564648.4162352,Slovakia,desktop,2020-12-11 04:47:06.043198 UTC,2020-12-11 12:32:57.331738 UTC,465.85
2020-12-11,2184518.91714422,India,desktop,2020-12-11 06:21:57.698877 UTC,2020-12-11 13:47:37.187767 UTC,445.65
2020-12-11,89614760.071058,United States,desktop,2020-12-11 00:38:30.175616 UTC,2020-12-11 07:57:17.438072 UTC,438.78
2020-12-11,25314370.6701468,Mexico,tablet,2020-12-11 02:08:38.317178 UTC,2020-12-11 09:22:09.340125 UTC,433.52
2020-12-11,59662749.6696416,Canada,mobile,2020-12-11 13:34:45.229191 UTC,2020-12-11 18:20:42.833116 UTC,285.95
2020-12-11,5028681.21694043,United States,mobile,2020-12-11 02:33:51.226592 UTC,2020-12-11 07:17:52.649549 UTC,284.02
2020-12-11,7529108.36039474,United States,mobile,2020-12-11 07:31:12.790565 UTC,2020-12-11 12:02:01.784606 UTC,270.8
2020-12-11,30722025.0159475,Tunisia,desktop,2020-12-11 02:57:25.444308 UTC,2020-12-11 07:11:38.840200 UTC,254.22
2020-12-11,5869321.8775547,United States,desktop,2020-12-11 05:49:48.944192 UTC,2020-12-11 09:26:42.242420 UTC,216.88
2020-12-11,61381411.6432434,Turkey,desktop,2020-12-11 14:55:44.164631 UTC,2020-12-11 18:02:13.488497 UTC,186.48
2020-12-11,2922359.86782571,India,desktop,2020-12-11 20:47:44.060850 UTC,2020-12-11 23:51:31.832619 UTC,183.78
2020-12-11,35163365.552716,Bangladesh,desktop,2020-12-11 09:35:36.637709 UTC,2020-12-11 12:36:15.958012 UTC,180.65
2020-12-11,1186702.77226642,Egypt,mobile,2020-12-11 00:07:05.469574 UTC,2020-12-11 03:07:27.729285 UTC,180.37
2020-12-11,7248576.90564181,Taiwan,mobile,2020-12-11 15:54:07.742357 UTC,2020-12-11 18:40:21.436796 UTC,166.22
2020-12-11,6366425.03682025,Malaysia,desktop,2020-12-11 20:21:15.256292 UTC,2020-12-11 22:57:22.834946 UTC,156.12
2020-12-11,73999112.5658314,United States,mobile,2020-12-11 04:22:52.055078 UTC,2020-12-11 06:47:51.492714 UTC,144.98
2020-12-11,30920625.0665076,United States,desktop,2020-12-11 19:21:05.904467 UTC,2020-12-11 21:33:48.625738 UTC,132.7
2020-12-11,70587803.9229757,Turkey,mobile,2020-12-11 15:00:39.021917 UTC,2020-12-11 17:10:17.270376 UTC,129.63
2020-12-11,51789539.5027614,United States,desktop,2020-12-11 15:09:21.079561 UTC,2020-12-11 17:15:19.081026 UTC,125.97
2020-12-11,2013582.57217338,Canada,mobile,2020-12-11 00:13:02.842090 UTC,2020-12-11 02:18:17.584770 UTC,125.23
2020-12-11,4663569.83941198,Canada,desktop,2020-12-11 03:10:02.805627 UTC,2020-12-11 05:05:53.869262 UTC,115.85
2020-12-11,73347340.2924582,Puerto Rico,desktop,2020-12-11 20:35:13.809182 UTC,2020-12-11 22:19:52.907738 UTC,104.65
2020-12-11,30278968.0133142,India,mobile,2020-12-11 10:04:01.320156 UTC,2020-12-11 11:43:59.854477 UTC,99.97
2020-12-11,7275494.78111785,China,desktop,2020-12-11 06:23:49.335009 UTC,2020-12-11 08:02:44.016861 UTC,98.9
2020-12-11,14297973.3454104,United States,mobile,2020-12-11 02:36:34.876519 UTC,2020-12-11 04:04:39.867531 UTC,88.07
2020-12-11,37930099.3763917,Italy,desktop,2020-12-11 05:10:52.178204 UTC,2020-12-11 06:38:10.495989 UTC,87.3
2020-12-11,8278411.74232204,United States,desktop,2020-12-11 13:14:41.797463 UTC,2020-12-11 14:31:11.776812 UTC,76.48
2020-12-11,92062493.3833471,India,mobile,2020-12-11 21:07:48.671825 UTC,2020-12-11 22:23:37.543174 UTC,75.8
2020-12-11,78774008.6201015,United Kingdom,desktop,2020-12-11 00:17:21.526187 UTC,2020-12-11 01:26:32.471138 UTC,69.17
2020-12-11,5528800.97354721,United States,desktop,2020-12-11 12:10:56.816525 UTC,2020-12-11 13:18:28.127674 UTC,67.52
2020-12-11,6801200.89682417,Mexico,desktop,2020-12-11 01:47:30.874243 UTC,2020-12-11 02:53:40.924017 UTC,66.17
2020-12-11,9067917.44677374,Taiwan,desktop,2020-12-11 06:47:20.392126 UTC,2020-12-11 07:50:14.624848 UTC,62.9
2020-12-11,82463656.4683065,Dominican Republic,desktop,2020-12-11 14:39:41.584532 UTC,2020-12-11 15:42:33.128986 UTC,62.85
2020-12-11,6414647.47370744,United States,desktop,2020-12-11 02:59:35.588697 UTC,2020-12-11 03:57:40.880198 UTC,58.08
2020-12-11,4955405.56252576,Australia,mobile,2020-12-11 21:56:43.311249 UTC,2020-12-11 22:53:28.110551 UTC,56.73
2020-12-11,377360457.825419,United States,desktop,2020-12-11 11:12:43.848788 UTC,2020-12-11 12:08:14.014005 UTC,55.5
2020-12-11,6541037.74644467,Turkey,desktop,2020-12-11 19:12:25.745110 UTC,2020-12-11 20:04:03.599174 UTC,51.62
2020-12-11,90251492.3785965,Philippines,desktop,2020-12-11 14:35:41.419423 UTC,2020-12-11 15:26:37.716424 UTC,50.93
2020-12-11,4271969.95892153,Poland,desktop,2020-12-11 22:08:45.335222 UTC,2020-12-11 22:58:55.819729 UTC,50.17
2020-12-11,8626343.96840261,Ireland,mobile,2020-12-11 21:48:50.981616 UTC,2020-12-11 22:37:25.264147 UTC,48.57
2020-12-11,2097946.42864195,India,mobile,2020-12-11 20:17:39.103162 UTC,2020-12-11 21:04:13.252427 UTC,46.57
2020-12-11,2143235.68444082,United States,desktop,2020-12-11 20:51:13.604011 UTC,2020-12-11 21:35:48.150669 UTC,44.57
2020-12-11,5050037.23690766,United States,mobile,2020-12-11 10:04:50.026780 UTC,2020-12-11 10:49:20.069365 UTC,44.5
2020-12-11,2752308970.06921,Philippines,mobile,2020-12-11 00:35:17.531720 UTC,2020-12-11 01:18:51.605713 UTC,43.57
2020-12-11,6190624.89311866,South Korea,desktop,2020-12-11 14:21:52.153075 UTC,2020-12-11 15:05:25.244041 UTC,43.55
2020-12-11,42675324.3658621,United States,desktop,2020-12-11 01:26:18.863550 UTC,2020-12-11 02:09:52.701723 UTC,43.55
2020-12-11,23842696.8053963,Canada,desktop,2020-12-11 09:09:58.440614 UTC,2020-12-11 09:53:27.278414 UTC,43.47
2020-12-11,90997370.5306849,Germany,mobile,2020-12-11 18:07:34.641420 UTC,2020-12-11 18:47:23.778232 UTC,39.82
2020-12-11,5436485.88575727,Canada,desktop,2020-12-11 05:33:53.685745 UTC,2020-12-11 06:12:24.208456 UTC,38.5
2020-12-11,66436096.011895,China,mobile,2020-12-11 11:50:00.937516 UTC,2020-12-11 12:27:24.952422 UTC,37.4
2020-12-11,7195744.35979328,United States,mobile,2020-12-11 20:28:55.938932 UTC,2020-12-11 21:06:06.939081 UTC,37.18
2020-12-11,45684041.1487561,China,desktop,2020-12-11 22:04:23.200246 UTC,2020-12-11 22:39:58.517473 UTC,35.58
2020-12-11,8675116.84631562,Poland,mobile,2020-12-11 21:48:36.318896 UTC,2020-12-11 22:23:31.827294 UTC,34.92
2020-12-11,32964131.2305658,Canada,desktop,2020-12-11 08:29:07.403793 UTC,2020-12-11 09:00:47.323639 UTC,31.65
2020-12-11,5084920.88605572,United States,mobile,2020-12-11 02:37:24.873796 UTC,2020-12-11 03:08:45.798952 UTC,31.33
2020-12-11,5305452.1871311,Malaysia,desktop,2020-12-11 14:37:21.412485 UTC,2020-12-11 15:08:32.116467 UTC,31.17
2020-12-11,3939504.56470028,Russia,mobile,2020-12-11 11:11:06.262739 UTC,2020-12-11 11:41:44.845938 UTC,30.63
2020-12-11,2132209.90299623,United States,desktop,2020-12-11 06:30:19.513422 UTC,2020-12-11 07:00:36.029644 UTC,30.27
2020-12-11,9692619.61547007,United States,mobile,2020-12-11 06:07:15.986706 UTC,2020-12-11 06:37:22.224028 UTC,30.1
2020-12-11,2345616688.35678,Argentina,mobile,2020-12-11 22:52:38.930600 UTC,2020-12-11 23:22:44.264853 UTC,30.08
2020-12-11,55898259.3632334,United States,desktop,2020-12-11 18:00:42.120445 UTC,2020-12-11 18:29:37.151301 UTC,28.92
2020-12-11,2941370.97006614,Canada,mobile,2020-12-11 08:02:33.305887 UTC,2020-12-11 08:30:35.974000 UTC,28.03
2020-12-11,49705018.4806836,India,desktop,2020-12-11 09:31:45.539304 UTC,2020-12-11 09:59:06.807384 UTC,27.35
2020-12-11,41025522.7163055,United States,mobile,2020-12-11 10:51:51.144372 UTC,2020-12-11 11:18:41.395539 UTC,26.83
2020-12-11,8322894.04930553,United States,mobile,2020-12-11 02:29:35.283905 UTC,2020-12-11 02:55:06.587695 UTC,25.52
2020-12-11,27553430.2739926,India,mobile,2020-12-11 17:49:03.456175 UTC,2020-12-11 18:13:52.715298 UTC,24.82
2020-12-11,68353186.137118,Canada,desktop,2020-12-11 11:52:56.086412 UTC,2020-12-11 12:16:51.331990 UTC,23.92
2020-12-11,21242720.7094333,United States,mobile,2020-12-11 07:41:37.899438 UTC,2020-12-11 08:05:30.611855 UTC,23.87
2020-12-11,3306425.67848904,Spain,desktop,2020-12-11 08:09:43.413279 UTC,2020-12-11 08:31:53.363452 UTC,22.15
2020-12-11,59000875.5738627,Netherlands,desktop,2020-12-11 02:51:07.946652 UTC,2020-12-11 03:13:01.772042 UTC,21.88
2020-12-11,57813325.3678451,Japan,desktop,2020-12-11 19:31:43.368804 UTC,2020-12-11 19:52:41.314107 UTC,20.95
2020-12-11,3511087.00797644,United States,desktop,2020-12-11 08:32:19.466006 UTC,2020-12-11 08:51:27.258806 UTC,19.12
2020-12-11,6975966.39122894,Canada,desktop,2020-12-11 16:36:36.238088 UTC,2020-12-11 16:54:55.221664 UTC,18.3
2020-12-11,72273077.0200111,Thailand,mobile,2020-12-11 05:44:03.086391 UTC,2020-12-11 06:01:46.881555 UTC,17.72
2020-12-11,608996910.591052,United States,mobile,2020-12-11 07:21:55.600022 UTC,2020-12-11 07:39:36.305603 UTC,17.67
2020-12-11,66762101.4386648,United States,desktop,2020-12-11 15:25:18.969851 UTC,2020-12-11 15:42:51.581328 UTC,17.53
2020-12-11,8846705.88960182,United States,mobile,2020-12-11 00:00:34.727780 UTC,2020-12-11 00:17:44.740331 UTC,17.17
2020-12-11,65547429.6412161,United States,desktop,2020-12-11 17:08:47.549492 UTC,2020-12-11 17:25:20.319369 UTC,16.53
2020-12-11,78626176.1558518,Singapore,desktop,2020-12-11 22:40:13.143160 UTC,2020-12-11 22:56:25.062791 UTC,16.18
2020-12-11,76370387.0865247,United Kingdom,desktop,2020-12-11 05:31:01.589647 UTC,2020-12-11 05:47:07.193037 UTC,16.08
2020-12-11,7639149.4871168,India,desktop,2020-12-11 16:12:07.913905 UTC,2020-12-11 16:27:57.423209 UTC,15.82
2020-12-11,40103327.3649897,United States,mobile,2020-12-11 06:42:08.398755 UTC,2020-12-11 06:57:39.150141 UTC,15.5
2020-12-11,1486195554.52551,Australia,mobile,2020-12-11 19:03:56.255119 UTC,2020-12-11 19:19:10.263493 UTC,15.23
2020-12-11,4651234.67870374,United States,desktop,2020-12-11 12:33:01.141559 UTC,2020-12-11 12:47:58.627775 UTC,14.95
2020-12-11,5237164.50297248,Spain,mobile,2020-12-11 00:54:55.984122 UTC,2020-12-11 01:09:34.175281 UTC,14.63
2020-12-11,1890178.60767185,Mexico,desktop,2020-12-11 13:48:02.527358 UTC,2020-12-11 14:02:37.914416 UTC,14.58
2020-12-11,7816881.75277632,United Kingdom,desktop,2020-12-11 07:34:01.923400 UTC,2020-12-11 07:48:35.786092 UTC,14.55
2020-12-11,86449111.444173,Canada,desktop,2020-12-11 00:15:55.068599 UTC,2020-12-11 00:30:17.998422 UTC,14.37
2020-12-11,2887992.03274619,Sweden,desktop,2020-12-11 21:35:36.166394 UTC,2020-12-11 21:48:52.523584 UTC,13.27
2020-12-11,6826941.54346569,India,desktop,2020-12-11 13:46:11.172625 UTC,2020-12-11 13:59:26.515092 UTC,13.25
2020-12-11,68901715.3203526,United States,desktop,2020-12-11 06:59:10.197944 UTC,2020-12-11 07:12:16.261735 UTC,13.1
2020-12-11,3704982.38465247,United States,mobile,2020-12-11 14:13:41.694976 UTC,2020-12-11 14:26:46.895542 UTC,13.08
2020-12-11,26047087.5754406,India,desktop,2020-12-11 07:24:57.715564 UTC,2020-12-11 07:37:37.745322 UTC,12.67
2020-12-11,55823440.4699535,Kuwait,mobile,2020-12-11 15:10:32.599275 UTC,2020-12-11 15:23:07.590899 UTC,12.57
2020-12-11,9209938.50041195,United States,mobile,2020-12-11 05:22:45.614609 UTC,2020-12-11 05:35:06.337904 UTC,12.33
2020-12-11,59150872.6355994,United States,mobile,2020-12-11 10:56:16.561235 UTC,2020-12-11 11:08:26.090171 UTC,12.15
2020-12-11,5679613.31945322,United States,desktop,2020-12-11 07:34:34.402906 UTC,2020-12-11 07:46:30.970481 UTC,11.93
2020-12-11,3292684.92526538,United Kingdom,mobile,2020-12-11 17:47:57.012115 UTC,2020-12-11 17:59:51.467431 UTC,11.9
2020-12-11,3092987668.52573,United States,desktop,2020-12-11 15:58:21.243599 UTC,2020-12-11 16:09:40.115353 UTC,11.3
2020-12-11,1280111349.14793,United States,desktop,2020-12-11 00:00:01.289255 UTC,2020-12-11 00:11:07.756669 UTC,11.1
2020-12-11,5469438.41659057,United States,desktop,2020-12-11 03:52:29.668616 UTC,2020-12-11 04:03:27.753536 UTC,10.97
2020-12-11,40725997.7080496,India,mobile,2020-12-11 13:17:54.778768 UTC,2020-12-11 13:28:35.951888 UTC,10.68
2020-12-11,67563681.8255702,United States,mobile,2020-12-11 02:30:53.859788 UTC,2020-12-11 02:41:12.843652 UTC,10.3
2020-12-11,1650778.58487374,Canada,mobile,2020-12-11 09:39:33.532536 UTC,2020-12-11 09:49:21.438648 UTC,9.78
2020-12-11,3698543.6654155,United States,mobile,2020-12-11 03:23:53.062890 UTC,2020-12-11 03:33:30.922140 UTC,9.62
2020-12-11,9584008.20041736,Ukraine,desktop,2020-12-11 22:37:01.784866 UTC,2020-12-11 22:46:14.698618 UTC,9.2
2020-12-11,39866692.5262622,Canada,mobile,2020-12-11 16:08:28.440373 UTC,2020-12-11 16:17:38.600661 UTC,9.17
2020-12-11,7597932.23976004,United States,mobile,2020-12-11 02:04:23.081721 UTC,2020-12-11 02:13:23.449372 UTC,9.0
2020-12-11,1602466.32553406,United States,desktop,2020-12-11 19:10:34.540715 UTC,2020-12-11 19:19:21.665692 UTC,8.78
2020-12-11,84838839.0769353,Germany,mobile,2020-12-11 20:22:10.478770 UTC,2020-12-11 20:30:45.293370 UTC,8.57
2020-12-11,7531411.0671848,United States,mobile,2020-12-11 04:31:15.577530 UTC,2020-12-11 04:39:47.725150 UTC,8.53
2020-12-11,3396468.5841648,United States,desktop,2020-12-11 05:06:11.420973 UTC,2020-12-11 05:14:38.866664 UTC,8.45
2020-12-11,2865598.3084956,India,desktop,2020-12-11 05:32:01.191359 UTC,2020-12-11 05:40:06.764784 UTC,8.08
2020-12-11,76577624.1196857,United States,mobile,2020-12-11 15:42:20.140001 UTC,2020-12-11 15:50:15.430276 UTC,7.92
2020-12-11,3581483.48477792,United States,mobile,2020-12-11 15:41:07.162475 UTC,2020-12-11 15:48:57.271854 UTC,7.83
2020-12-11,74848554.8030271,France,desktop,2020-12-11 08:57:43.760329 UTC,2020-12-11 09:05:12.123791 UTC,7.47
2020-12-11,2346008.03546345,United States,desktop,2020-12-11 07:42:40.267559 UTC,2020-12-11 07:49:56.033613 UTC,7.25
2020-12-11,7132082.91394786,United States,desktop,2020-12-11 15:51:40.644783 UTC,2020-12-11 15:58:55.283924 UTC,7.23
2020-12-11,51153409.8050128,United Kingdom,desktop,2020-12-11 17:48:58.573842 UTC,2020-12-11 17:56:12.995179 UTC,7.23
2020-12-11,71736009.2610297,United States,desktop,2020-12-11 05:17:06.251563 UTC,2020-12-11 05:24:00.550230 UTC,6.9
2020-12-11,89817778.2961109,United States,desktop,2020-12-11 03:32:13.239833 UTC,2020-12-11 03:39:05.342868 UTC,6.87
2020-12-11,59081669.9567203,India,mobile,2020-12-11 03:55:10.049874 UTC,2020-12-11 04:01:57.468772 UTC,6.78
2020-12-11,73636053.4889927,United States,desktop,2020-12-11 07:50:01.697594 UTC,2020-12-11 07:56:41.480454 UTC,6.65
2020-12-11,4414871.12680738,Switzerland,mobile,2020-12-11 08:02:12.978360 UTC,2020-12-11 08:08:46.153053 UTC,6.55
2020-12-11,1765130.18899393,United States,desktop,2020-12-11 09:02:04.181514 UTC,2020-12-11 09:08:36.248476 UTC,6.53
2020-12-11,8882998.29084891,United States,mobile,2020-12-11 09:16:34.280966 UTC,2020-12-11 09:22:46.089216 UTC,6.18
2020-12-11,2408620.31530345,United States,desktop,2020-12-11 04:39:28.968881 UTC,2020-12-11 04:45:25.815187 UTC,5.93
2020-12-11,3883375.89240712,Malta,desktop,2020-12-11 06:44:39.607661 UTC,2020-12-11 06:50:33.947338 UTC,5.9
2020-12-11,2170538.81000928,United States,desktop,2020-12-11 16:10:23.256720 UTC,2020-12-11 16:16:15.542275 UTC,5.87
2020-12-11,1111007.32503392,India,desktop,2020-12-11 07:19:46.338945 UTC,2020-12-11 07:25:34.281757 UTC,5.78
2020-12-11,90939360.3504532,United States,desktop,2020-12-11 11:55:04.503290 UTC,2020-12-11 12:00:43.475240 UTC,5.63
2020-12-11,22744686.3986317,United States,desktop,2020-12-11 03:22:47.676130 UTC,2020-12-11 03:28:20.871478 UTC,5.55
2020-12-11,2972054.47252641,Germany,desktop,2020-12-11 05:22:04.851766 UTC,2020-12-11 05:27:11.137493 UTC,5.1
2020-12-11,5898251.13089427,United States,desktop,2020-12-11 00:32:44.066253 UTC,2020-12-11 00:37:18.483770 UTC,4.57
2020-12-11,90921943.8748639,Philippines,mobile,2020-12-11 19:12:26.881827 UTC,2020-12-11 19:16:55.085100 UTC,4.47
2020-12-11,12340605.6061903,United States,desktop,2020-12-11 00:00:09.649415 UTC,2020-12-11 00:04:38.047038 UTC,4.47
2020-12-11,4118528.25941214,Hungary,desktop,2020-12-11 09:03:01.523671 UTC,2020-12-11 09:07:24.633320 UTC,4.38
2020-12-11,6084015318.65421,India,mobile,2020-12-11 00:18:09.853211 UTC,2020-12-11 00:22:32.471153 UTC,4.37
2020-12-11,7750159.65053123,United States,desktop,2020-12-11 15:54:40.008688 UTC,2020-12-11 15:57:12.962451 UTC,2.53
2020-12-12,36269808.140896,United States,desktop,2020-12-12 00:57:24.989356 UTC,2020-12-12 22:35:00.233426 UTC,1297.58
2020-12-12,16155597.9846906,Netherlands,mobile,2020-12-12 05:54:07.912658 UTC,2020-12-12 15:53:31.695979 UTC,599.38
2020-12-12,24304271.4330042,Germany,desktop,2020-12-12 07:07:21.711672 UTC,2020-12-12 15:14:25.123712 UTC,487.05
2020-12-12,1881053.84139169,Slovenia,desktop,2020-12-12 18:19:24.578815 UTC,2020-12-12 22:20:43.223822 UTC,241.3
2020-12-12,29862051.3410454,Ukraine,desktop,2020-12-12 02:03:36.648344 UTC,2020-12-12 05:46:02.955413 UTC,222.43
2020-12-12,18829536.8717481,United States,desktop,2020-12-12 05:58:50.155023 UTC,2020-12-12 09:12:53.161759 UTC,194.05
2020-12-12,2648776.93211378,India,desktop,2020-12-12 07:03:06.161647 UTC,2020-12-12 09:38:02.187434 UTC,154.93
2020-12-12,29213420.6137198,United States,mobile,2020-12-12 00:50:22.091234 UTC,2020-12-12 02:46:09.823950 UTC,115.78
2020-12-12,3122197.91784136,United States,desktop,2020-12-12 01:53:06.085425 UTC,2020-12-12 03:41:54.598172 UTC,108.8
2020-12-12,45244493.0702066,United States,desktop,2020-12-12 08:43:02.928455 UTC,2020-12-12 10:12:42.271502 UTC,89.65
2020-12-12,8273908566.54733,Canada,mobile,2020-12-12 00:33:19.965879 UTC,2020-12-12 01:59:35.338944 UTC,86.25
2020-12-12,36692735.3914903,Spain,desktop,2020-12-12 04:09:11.685922 UTC,2020-12-12 05:25:51.784519 UTC,76.67
2020-12-12,3204923446.04871,United States,desktop,2020-12-12 03:32:14.488512 UTC,2020-12-12 04:42:16.415214 UTC,70.02
2020-12-12,2807952.58897042,Taiwan,desktop,2020-12-12 06:30:57.279671 UTC,2020-12-12 07:21:08.072139 UTC,50.17
2020-12-12,37320008.3341117,Germany,mobile,2020-12-12 11:21:34.305208 UTC,2020-12-12 12:11:16.101883 UTC,49.68
2020-12-12,26025218.005293,United States,mobile,2020-12-12 00:32:16.749295 UTC,2020-12-12 01:21:15.070556 UTC,48.97
2020-12-12,3048029.96244738,United States,desktop,2020-12-12 21:22:46.618038 UTC,2020-12-12 22:06:18.045832 UTC,43.52
2020-12-12,74351856.8000104,India,mobile,2020-12-12 00:32:35.870574 UTC,2020-12-12 01:15:39.127349 UTC,43.05
2020-12-12,5298703.03978671,Hungary,desktop,2020-12-12 15:03:16.026297 UTC,2020-12-12 15:43:57.583546 UTC,40.68
2020-12-12,78364891.2854111,United States,mobile,2020-12-12 05:11:33.726562 UTC,2020-12-12 05:50:49.158904 UTC,39.25
2020-12-12,31229170.2945226,Germany,desktop,2020-12-12 03:12:27.199100 UTC,2020-12-12 03:50:15.683849 UTC,37.8
2020-12-12,83794944.2381968,United States,desktop,2020-12-12 06:24:18.666263 UTC,2020-12-12 07:01:56.569700 UTC,37.62
2020-12-12,4425556.00616113,United States,mobile,2020-12-12 00:44:18.027027 UTC,2020-12-12 01:21:00.344751 UTC,36.7
2020-12-12,53957273.1773663,India,mobile,2020-12-12 11:23:45.491109 UTC,2020-12-12 12:00:23.218670 UTC,36.62
2020-12-12,23754938.480958,India,desktop,2020-12-12 15:35:53.250435 UTC,2020-12-12 16:12:27.264143 UTC,36.57
2020-12-12,26632304.5067429,United States,desktop,2020-12-12 04:01:03.885941 UTC,2020-12-12 04:35:44.862302 UTC,34.67
2020-12-12,80057143.0865341,United States,mobile,2020-12-12 00:28:10.747617 UTC,2020-12-12 01:02:36.003011 UTC,34.42
2020-12-12,67251653.8910982,United States,mobile,2020-12-12 06:45:14.646396 UTC,2020-12-12 07:19:22.329387 UTC,34.12
2020-12-12,33727882.2877204,United States,mobile,2020-12-12 08:48:58.890880 UTC,2020-12-12 09:21:51.848333 UTC,32.87
2020-12-12,66586954.9090439,United States,mobile,2020-12-12 09:06:04.007140 UTC,2020-12-12 09:38:40.329597 UTC,32.6
2020-12-12,68350783.9251558,Japan,mobile,2020-12-12 09:39:00.925807 UTC,2020-12-12 10:11:21.722683 UTC,32.33
2020-12-12,3159757.13550466,Canada,desktop,2020-12-12 14:38:26.475048 UTC,2020-12-12 15:09:47.566605 UTC,31.35
2020-12-12,1774459.54443776,Canada,desktop,2020-12-12 01:10:52.770342 UTC,2020-12-12 01:42:00.470269 UTC,31.12
2020-12-12,1326058.14940768,United States,mobile,2020-12-12 04:53:46.964493 UTC,2020-12-12 05:24:53.039492 UTC,31.1
2020-12-12,61604299.4464644,United States,desktop,2020-12-12 02:07:57.622818 UTC,2020-12-12 02:36:37.367878 UTC,28.65
2020-12-12,47512557.1077158,United States,desktop,2020-12-12 04:19:55.892570 UTC,2020-12-12 04:48:34.738316 UTC,28.63
2020-12-12,1052855.9145777,United Kingdom,desktop,2020-12-12 07:00:32.563569 UTC,2020-12-12 07:28:48.864337 UTC,28.27
2020-12-12,68139911.9000642,Spain,desktop,2020-12-12 21:35:17.083199 UTC,2020-12-12 22:03:21.942142 UTC,28.07
2020-12-12,84648306.3969263,Taiwan,desktop,2020-12-12 01:32:57.618006 UTC,2020-12-12 02:00:58.387415 UTC,28.0
2020-12-12,37277680.8900385,India,desktop,2020-12-12 14:26:36.666246 UTC,2020-12-12 14:54:35.992919 UTC,27.98
2020-12-12,36592704.2276068,Taiwan,desktop,2020-12-12 02:54:14.144732 UTC,2020-12-12 03:22:11.756062 UTC,27.95
2020-12-12,9038562615.48495,India,mobile,2020-12-12 01:32:54.543236 UTC,2020-12-12 01:59:51.278534 UTC,26.93
2020-12-12,84089063.5523557,United States,mobile,2020-12-12 09:57:54.281232 UTC,2020-12-12 10:24:23.601671 UTC,26.48
2020-12-12,88068021.6446437,United States,mobile,2020-12-12 13:15:39.099170 UTC,2020-12-12 13:40:12.107787 UTC,24.55
2020-12-12,637884255.39979,France,desktop,2020-12-12 13:49:22.043505 UTC,2020-12-12 14:13:34.171693 UTC,24.2
2020-12-12,33674005.7210109,United States,desktop,2020-12-12 02:09:04.747361 UTC,2020-12-12 02:30:20.314922 UTC,21.25
2020-12-12,53132817.7758017,India,desktop,2020-12-12 11:45:34.189955 UTC,2020-12-12 12:06:22.988861 UTC,20.8
2020-12-12,3880842.72343572,Russia,desktop,2020-12-12 17:10:15.001122 UTC,2020-12-12 17:30:50.391280 UTC,20.58
2020-12-12,89422277.750686,Germany,mobile,2020-12-12 05:53:22.356161 UTC,2020-12-12 06:13:56.684020 UTC,20.57
2020-12-12,79579853.0520588,United States,desktop,2020-12-12 03:35:59.458228 UTC,2020-12-12 03:56:14.580546 UTC,20.25
2020-12-12,8436901.95207851,United States,mobile,2020-12-12 01:58:23.971531 UTC,2020-12-12 02:18:35.060695 UTC,20.18
2020-12-12,6914686.38754096,India,desktop,2020-12-12 05:56:51.893759 UTC,2020-12-12 06:16:01.714573 UTC,19.15
2020-12-12,71247574.5829601,Canada,desktop,2020-12-12 09:20:13.695381 UTC,2020-12-12 09:39:12.941276 UTC,18.98
2020-12-12,29405563.9336451,United States,desktop,2020-12-12 03:11:05.765767 UTC,2020-12-12 03:29:41.980481 UTC,18.6
2020-12-12,86816051.5538787,Germany,desktop,2020-12-12 13:00:22.040374 UTC,2020-12-12 13:17:48.922939 UTC,17.43
2020-12-12,55949516.064511,United States,tablet,2020-12-12 21:18:51.612214 UTC,2020-12-12 21:35:22.920297 UTC,16.52
2020-12-12,1645066.33555113,Indonesia,desktop,2020-12-12 17:33:10.753081 UTC,2020-12-12 17:48:50.069266 UTC,15.65
2020-12-12,3217435.27467477,United States,desktop,2020-12-12 07:02:45.991195 UTC,2020-12-12 07:18:21.323856 UTC,15.58
2020-12-12,1693400.85038395,India,desktop,2020-12-12 06:55:06.123561 UTC,2020-12-12 07:10:17.774026 UTC,15.18
2020-12-12,6866245.19042824,Turkey,desktop,2020-12-12 02:27:55.582161 UTC,2020-12-12 02:42:48.909346 UTC,14.88
2020-12-12,5094830.13573129,United States,mobile,2020-12-12 09:43:15.110751 UTC,2020-12-12 09:58:08.054057 UTC,14.87
2020-12-12,79222437.7976387,United States,mobile,2020-12-12 00:58:38.162892 UTC,2020-12-12 01:13:17.205376 UTC,14.65
2020-12-12,3667408.03842656,Czechia,desktop,2020-12-12 01:42:54.847632 UTC,2020-12-12 01:57:29.807155 UTC,14.57
2020-12-12,4802635.24614427,Canada,desktop,2020-12-12 00:45:04.277714 UTC,2020-12-12 00:59:37.944040 UTC,14.55
2020-12-12,8337415.6051453,France,desktop,2020-12-12 06:00:01.318569 UTC,2020-12-12 06:14:21.116704 UTC,14.32
2020-12-12,70482486.1697864,United States,desktop,2020-12-12 03:59:41.741202 UTC,2020-12-12 04:13:32.310592 UTC,13.83
2020-12-12,6382777.83211292,United States,desktop,2020-12-12 13:43:48.338958 UTC,2020-12-12 13:57:14.305625 UTC,13.42
2020-12-12,2110079.70550723,Canada,mobile,2020-12-12 12:21:48.264345 UTC,2020-12-12 12:35:01.898242 UTC,13.22
2020-12-12,2181565.66995308,United States,desktop,2020-12-12 04:04:25.091547 UTC,2020-12-12 04:17:35.939451 UTC,13.17
2020-12-12,56625395.731596,Canada,desktop,2020-12-12 03:07:26.225650 UTC,2020-12-12 03:20:26.375796 UTC,13.0
2020-12-12,8608966.18933267,United States,desktop,2020-12-12 05:49:23.410700 UTC,2020-12-12 06:01:44.684160 UTC,12.35
2020-12-12,2828935.71399742,United States,desktop,2020-12-12 07:55:01.402620 UTC,2020-12-12 08:06:08.365245 UTC,11.1
2020-12-12,50892470.6625582,India,mobile,2020-12-12 06:03:11.275677 UTC,2020-12-12 06:13:38.319786 UTC,10.45
2020-12-12,79173479.1654218,United States,desktop,2020-12-12 00:58:26.130057 UTC,2020-12-12 01:08:52.527568 UTC,10.43
2020-12-12,34715004.0442654,Canada,desktop,2020-12-12 01:08:13.254446 UTC,2020-12-12 01:18:37.479386 UTC,10.4
2020-12-12,46010751.7411577,United States,mobile,2020-12-12 01:24:35.451631 UTC,2020-12-12 01:34:53.848123 UTC,10.3
2020-12-12,6430802.0723483,United States,desktop,2020-12-12 12:29:25.399588 UTC,2020-12-12 12:38:35.583100 UTC,9.17
2020-12-12,4267777.07295239,Japan,desktop,2020-12-12 06:22:28.697222 UTC,2020-12-12 06:31:32.098816 UTC,9.05
2020-12-12,13285520.2959269,United States,desktop,2020-12-12 22:48:28.736188 UTC,2020-12-12 22:56:43.073541 UTC,8.23
2020-12-12,47848518.2208811,United States,desktop,2020-12-12 14:23:46.009541 UTC,2020-12-12 14:31:48.221017 UTC,8.03
2020-12-12,7195542.35138172,Denmark,desktop,2020-12-12 20:10:48.503515 UTC,2020-12-12 20:18:39.640207 UTC,7.85
2020-12-12,8619226.07793571,United States,desktop,2020-12-12 02:00:27.659640 UTC,2020-12-12 02:07:48.481320 UTC,7.33
2020-12-12,6330521.74972458,United States,desktop,2020-12-12 01:10:04.315875 UTC,2020-12-12 01:17:07.912040 UTC,7.05
2020-12-12,6949486.33740843,United Kingdom,mobile,2020-12-12 01:47:09.560994 UTC,2020-12-12 01:54:00.155915 UTC,6.83
2020-12-12,8626343.96840261,Ireland,mobile,2020-12-12 02:11:37.741536 UTC,2020-12-12 02:18:21.764601 UTC,6.73
2020-12-12,54769599.7567301,India,desktop,2020-12-12 17:44:36.317862 UTC,2020-12-12 17:50:23.958878 UTC,5.78
2020-12-12,80575542.4037219,United States,desktop,2020-12-12 00:30:45.021952 UTC,2020-12-12 00:36:11.346447 UTC,5.43
2020-12-12,35099940.6327075,Germany,mobile,2020-12-12 23:00:57.076563 UTC,2020-12-12 23:05:46.598904 UTC,4.82
2020-12-12,92543812.4801771,United States,desktop,2020-12-12 17:05:33.202786 UTC,2020-12-12 17:10:16.676627 UTC,4.72
2020-12-12,6070906.88173569,Thailand,desktop,2020-12-12 05:27:31.345291 UTC,2020-12-12 05:32:02.368517 UTC,4.52
2020-12-12,5976309.62541621,United States,desktop,2020-12-12 05:10:47.449498 UTC,2020-12-12 05:15:14.374688 UTC,4.43
2020-12-12,48729405.8068709,United States,mobile,2020-12-12 09:34:46.272405 UTC,2020-12-12 09:39:12.929759 UTC,4.43
2020-12-12,89722190.8281663,United States,mobile,2020-12-12 22:03:02.341590 UTC,2020-12-12 22:07:25.479383 UTC,4.38
2020-12-12,6427241.32753171,United States,desktop,2020-12-12 20:10:13.255143 UTC,2020-12-12 20:14:24.678742 UTC,4.18
2020-12-12,86241653.8282757,China,mobile,2020-12-12 08:56:03.599208 UTC,2020-12-12 08:59:38.099881 UTC,3.57
2020-12-12,22569812.5704867,Spain,desktop,2020-12-12 07:07:25.200741 UTC,2020-12-12 07:10:52.978049 UTC,3.45
2020-12-12,37953752.8813178,France,mobile,2020-12-12 00:46:04.493376 UTC,2020-12-12 00:49:30.874583 UTC,3.43
2020-12-12,3324563.25086406,Poland,desktop,2020-12-12 02:16:31.345806 UTC,2020-12-12 02:18:39.683947 UTC,2.13
2020-12-12,73251245.3210161,United States,desktop,2020-12-12 08:14:33.617174 UTC,2020-12-12 08:16:17.763522 UTC,1.73
2020-12-13,7963872501.72809,India,desktop,2020-12-13 02:13:49.896781 UTC,2020-12-13 19:24:01.423635 UTC,1030.18
2020-12-13,2197076402.06529,France,desktop,2020-12-13 08:45:13.913922 UTC,2020-12-13 19:36:12.854054 UTC,650.97
2020-12-13,73432329.6542458,United States,desktop,2020-12-13 13:52:42.933680 UTC,2020-12-13 18:14:20.774759 UTC,261.62
2020-12-13,57149023.8916404,France,desktop,2020-12-13 09:48:52.853672 UTC,2020-12-13 13:42:32.410134 UTC,233.65
2020-12-13,3291867.89661017,Canada,desktop,2020-12-13 04:05:28.441784 UTC,2020-12-13 07:02:20.434589 UTC,176.85
2020-12-13,6533788.32670757,France,desktop,2020-12-13 19:44:31.724578 UTC,2020-12-13 22:39:46.442817 UTC,175.23
2020-12-13,34709963.459664,United States,desktop,2020-12-13 18:36:15.678628 UTC,2020-12-13 20:35:27.410647 UTC,119.18
2020-12-13,5161098.03253262,Canada,desktop,2020-12-13 18:15:33.269048 UTC,2020-12-13 20:05:36.832865 UTC,110.05
2020-12-13,41612188.2961405,Argentina,mobile,2020-12-13 08:14:39.962818 UTC,2020-12-13 09:08:44.959731 UTC,54.07
2020-12-13,4022774245.76505,United States,mobile,2020-12-13 14:57:44.529244 UTC,2020-12-13 15:50:13.494851 UTC,52.47
2020-12-13,79224794.0908623,India,desktop,2020-12-13 15:58:23.951966 UTC,2020-12-13 16:47:38.783399 UTC,49.23
2020-12-13,91371020.6942239,United States,mobile,2020-12-13 01:21:02.189048 UTC,2020-12-13 02:06:31.287621 UTC,45.48
2020-12-13,1491753.92501821,Uruguay,desktop,2020-12-13 11:24:38.514505 UTC,2020-12-13 12:07:26.757053 UTC,42.8
2020-12-13,2669656.52764163,Sri Lanka,mobile,2020-12-13 16:09:09.970658 UTC,2020-12-13 16:50:37.795810 UTC,41.45
2020-12-13,1396855.26607388,United States,mobile,2020-12-13 02:15:42.220854 UTC,2020-12-13 02:55:38.233870 UTC,39.93
2020-12-13,41521598.5143422,United States,desktop,2020-12-13 20:39:48.449897 UTC,2020-12-13 21:19:35.460831 UTC,39.78
2020-12-13,8514502.19275489,United States,desktop,2020-12-13 14:32:46.733230 UTC,2020-12-13 15:11:58.657678 UTC,39.18
2020-12-13,5785039890.63024,United States,mobile,2020-12-13 05:30:07.199595 UTC,2020-12-13 06:02:14.494210 UTC,32.12
2020-12-13,12916310.0404298,Canada,desktop,2020-12-13 21:35:57.082591 UTC,2020-12-13 22:06:22.132325 UTC,30.42
2020-12-13,75944030.6096345,France,desktop,2020-12-13 00:06:03.496547 UTC,2020-12-13 00:34:57.754359 UTC,28.9
2020-12-13,8673800.89857236,United States,desktop,2020-12-13 03:08:43.817076 UTC,2020-12-13 03:36:29.012656 UTC,27.75
2020-12-13,1341255108.89949,India,mobile,2020-12-13 17:52:59.870734 UTC,2020-12-13 18:19:25.060673 UTC,26.42
2020-12-13,90997370.5306849,Germany,mobile,2020-12-13 21:16:38.431744 UTC,2020-12-13 21:42:43.014128 UTC,26.07
2020-12-13,3959033.42132592,Canada,mobile,2020-12-13 01:14:26.640805 UTC,2020-12-13 01:38:27.920468 UTC,24.02
2020-12-13,32400150.9680193,Turkey,desktop,2020-12-13 18:02:20.563390 UTC,2020-12-13 18:24:36.607975 UTC,22.27
2020-12-13,13309292.1735139,South Africa,mobile,2020-12-13 23:10:48.890783 UTC,2020-12-13 23:32:44.081943 UTC,21.92
2020-12-13,75226916.319663,Sweden,mobile,2020-12-13 14:39:22.471618 UTC,2020-12-13 15:00:33.515865 UTC,21.18
2020-12-13,18161607.9002799,United States,mobile,2020-12-13 21:17:17.874121 UTC,2020-12-13 21:38:08.408991 UTC,20.83
2020-12-13,3046093.21677091,United States,desktop,2020-12-13 09:06:23.745374 UTC,2020-12-13 09:27:14.388874 UTC,20.83
2020-12-13,3008670.325024,United States,desktop,2020-12-13 04:26:17.836359 UTC,2020-12-13 04:46:42.802568 UTC,20.4
2020-12-13,7569765.11169063,Uruguay,mobile,2020-12-13 14:54:20.092984 UTC,2020-12-13 15:13:35.972212 UTC,19.25
2020-12-13,2213203.38469401,United States,desktop,2020-12-13 20:17:46.659388 UTC,2020-12-13 20:36:23.593266 UTC,18.6
2020-12-13,47731614.5840289,United States,desktop,2020-12-13 11:40:47.026591 UTC,2020-12-13 11:59:12.789056 UTC,18.42
2020-12-13,8652924.86653051,United States,desktop,2020-12-13 10:47:18.123214 UTC,2020-12-13 11:04:35.080232 UTC,17.27
2020-12-13,4591821.3573843,United States,mobile,2020-12-13 06:17:44.177586 UTC,2020-12-13 06:33:43.279566 UTC,15.98
2020-12-13,3060968189.07975,South Korea,desktop,2020-12-13 23:34:58.513299 UTC,2020-12-13 23:50:52.935602 UTC,15.9
2020-12-13,37858547.084859,Canada,mobile,2020-12-13 16:33:26.011857 UTC,2020-12-13 16:49:04.243958 UTC,15.63
2020-12-13,2808102.23305744,United States,desktop,2020-12-13 15:04:27.364920 UTC,2020-12-13 15:19:46.159907 UTC,15.3
2020-12-13,41038964.1300925,Macao,desktop,2020-12-13 15:50:35.357820 UTC,2020-12-13 16:05:38.843007 UTC,15.05
2020-12-13,69289177.2712829,Russia,desktop,2020-12-13 19:53:26.519736 UTC,2020-12-13 20:08:14.816120 UTC,14.8
2020-12-13,59655965.0647426,United States,mobile,2020-12-13 06:56:44.745837 UTC,2020-12-13 07:11:12.320387 UTC,14.45
2020-12-13,11042625.9465902,United States,desktop,2020-12-13 08:11:54.104915 UTC,2020-12-13 08:26:19.662779 UTC,14.42
2020-12-13,2028522.02019422,India,desktop,2020-12-13 21:22:59.768351 UTC,2020-12-13 21:37:07.101258 UTC,14.12
2020-12-13,3194418462.24854,Canada,mobile,2020-12-13 00:43:21.305665 UTC,2020-12-13 00:57:16.715084 UTC,13.92
2020-12-13,45449104.5311744,Ireland,desktop,2020-12-13 23:03:46.241327 UTC,2020-12-13 23:17:37.319154 UTC,13.85
2020-12-13,8893175.39379093,Netherlands,mobile,2020-12-13 04:23:43.627620 UTC,2020-12-13 04:35:24.365270 UTC,11.67
2020-12-13,77740062.7146345,India,desktop,2020-12-13 04:08:35.887853 UTC,2020-12-13 04:20:10.715006 UTC,11.57
2020-12-13,45307195.4778895,United Kingdom,desktop,2020-12-13 07:08:28.421518 UTC,2020-12-13 07:19:53.863413 UTC,11.42
2020-12-13,37052831.8526706,United Kingdom,desktop,2020-12-13 03:34:34.146587 UTC,2020-12-13 03:45:52.020697 UTC,11.28
2020-12-13,5409431.38695544,United States,mobile,2020-12-13 08:54:51.315662 UTC,2020-12-13 09:06:07.473413 UTC,11.27
2020-12-13,7161013.29209918,United States,desktop,2020-12-13 10:16:20.136538 UTC,2020-12-13 10:27:36.435497 UTC,11.27
2020-12-13,7474537327.47257,United States,mobile,2020-12-13 22:38:44.017068 UTC,2020-12-13 22:49:47.636199 UTC,11.05
2020-12-13,61969665.2429682,India,mobile,2020-12-13 18:32:19.932998 UTC,2020-12-13 18:43:07.684327 UTC,10.78
2020-12-13,8957437.52123468,United States,desktop,2020-12-13 18:02:51.993042 UTC,2020-12-13 18:12:53.479000 UTC,10.02
2020-12-13,31456855.2528933,United States,mobile,2020-12-13 06:18:50.137052 UTC,2020-12-13 06:27:28.545901 UTC,8.63
2020-12-13,2516229.61150277,United States,desktop,2020-12-13 17:45:11.244202 UTC,2020-12-13 17:53:35.058631 UTC,8.38
2020-12-13,1415699.23568659,Japan,mobile,2020-12-13 16:48:17.668026 UTC,2020-12-13 16:56:33.304804 UTC,8.25
2020-12-13,63900303.6682627,United States,mobile,2020-12-13 21:33:38.287605 UTC,2020-12-13 21:41:19.278334 UTC,7.67
2020-12-13,7116815.29754219,India,desktop,2020-12-13 01:16:15.395200 UTC,2020-12-13 01:22:49.756194 UTC,6.57
2020-12-13,7030074.32515884,Canada,mobile,2020-12-13 14:04:42.941816 UTC,2020-12-13 14:10:11.201334 UTC,5.47
2020-12-13,5961617.04043146,United States,mobile,2020-12-13 15:55:16.146507 UTC,2020-12-13 15:59:49.897136 UTC,4.55
2020-12-13,36262615.4677124,United States,mobile,2020-12-13 08:39:38.102005 UTC,2020-12-13 08:42:53.666900 UTC,3.25
2020-12-14,45812920.1745374,France,mobile,2020-12-14 04:22:06.287508 UTC,2020-12-14 16:35:00.664853 UTC,732.9
2020-12-14,47643991.6432442,United States,mobile,2020-12-14 05:19:32.956282 UTC,2020-12-14 16:02:42.650142 UTC,643.15
2020-12-14,4057017.74455004,Portugal,mobile,2020-12-14 09:11:43.268989 UTC,2020-12-14 16:58:46.118826 UTC,467.03
2020-12-14,6743101.42800219,India,mobile,2020-12-14 17:51:37.385642 UTC,2020-12-14 23:22:09.600213 UTC,330.53
2020-12-14,19740989.0858763,United States,desktop,2020-12-14 10:50:00.418299 UTC,2020-12-14 15:55:31.610752 UTC,305.52
2020-12-14,37274779.4842178,United States,mobile,2020-12-14 17:15:43.563964 UTC,2020-12-14 21:21:56.582177 UTC,246.22
2020-12-14,60280907.5030142,Canada,mobile,2020-12-14 13:41:25.884659 UTC,2020-12-14 17:30:25.440366 UTC,228.98
2020-12-14,1817516.78644642,Netherlands,desktop,2020-12-14 04:17:55.776607 UTC,2020-12-14 07:46:21.886392 UTC,208.43
2020-12-14,5266823.85197276,United Arab Emirates,desktop,2020-12-14 12:40:32.794156 UTC,2020-12-14 14:46:44.051247 UTC,126.18
2020-12-14,66722347.8983163,Singapore,desktop,2020-12-14 05:34:45.349405 UTC,2020-12-14 07:35:02.198202 UTC,120.27
2020-12-14,6601503.89924069,United States,desktop,2020-12-14 16:25:37.266372 UTC,2020-12-14 18:16:48.955601 UTC,111.18
2020-12-14,34267479.4710386,India,mobile,2020-12-14 20:43:40.523457 UTC,2020-12-14 22:32:07.271176 UTC,108.43
2020-12-14,38310647.6108465,Canada,mobile,2020-12-14 10:21:25.125546 UTC,2020-12-14 12:05:37.240008 UTC,104.2
2020-12-14,68241082.4024244,(not set),mobile,2020-12-14 19:12:35.884043 UTC,2020-12-14 20:53:24.383299 UTC,100.8
2020-12-14,8254867.30997972,United States,desktop,2020-12-14 19:16:52.743049 UTC,2020-12-14 20:57:18.143767 UTC,100.42
2020-12-14,5534507.98838044,United Kingdom,mobile,2020-12-14 12:29:24.168320 UTC,2020-12-14 14:01:44.436012 UTC,92.33
2020-12-14,77713003.635761,United States,tablet,2020-12-14 01:17:35.891298 UTC,2020-12-14 02:44:38.295187 UTC,87.03
2020-12-14,78395480.3447267,United States,mobile,2020-12-14 10:32:43.885006 UTC,2020-12-14 11:53:58.397210 UTC,81.23
2020-12-14,30091999.6062128,United States,desktop,2020-12-14 19:04:11.780249 UTC,2020-12-14 20:17:50.784492 UTC,73.65
2020-12-14,11509726.0727055,United Kingdom,mobile,2020-12-14 21:09:39.282110 UTC,2020-12-14 22:22:52.123663 UTC,73.2
2020-12-14,5798842.39226396,Netherlands,mobile,2020-12-14 10:14:10.056342 UTC,2020-12-14 11:26:30.249546 UTC,72.33
2020-12-14,83324589.4043967,United States,mobile,2020-12-14 09:04:12.652916 UTC,2020-12-14 10:14:36.279507 UTC,70.38
2020-12-14,4570994.56600999,United States,desktop,2020-12-14 16:27:42.182306 UTC,2020-12-14 17:37:36.227189 UTC,69.9
2020-12-14,81036435.1157569,Australia,desktop,2020-12-14 13:48:30.465730 UTC,2020-12-14 14:52:48.275159 UTC,64.28
2020-12-14,2278219.03880833,United States,desktop,2020-12-14 03:24:52.110225 UTC,2020-12-14 04:26:15.292661 UTC,61.38
2020-12-14,48838373.9495436,United States,mobile,2020-12-14 21:13:07.922374 UTC,2020-12-14 22:09:36.595244 UTC,56.47
2020-12-14,8634838.145847,United States,desktop,2020-12-14 20:46:39.948659 UTC,2020-12-14 21:41:28.751594 UTC,54.8
2020-12-14,51153409.8050128,United Kingdom,desktop,2020-12-14 16:10:39.680636 UTC,2020-12-14 17:04:21.611229 UTC,53.68
2020-12-14,2963253.50211415,Canada,desktop,2020-12-14 18:40:42.118452 UTC,2020-12-14 19:31:53.245223 UTC,51.18
2020-12-14,47123059.7487136,United States,mobile,2020-12-14 21:52:44.322613 UTC,2020-12-14 22:43:28.666729 UTC,50.73
2020-12-14,25751116.8740706,United States,desktop,2020-12-14 16:09:05.166453 UTC,2020-12-14 16:59:03.158774 UTC,49.95
2020-12-14,27672883.7917801,Mexico,desktop,2020-12-14 07:35:26.389371 UTC,2020-12-14 08:24:50.589683 UTC,49.4
2020-12-14,60536675.287317,United States,mobile,2020-12-14 21:15:14.198411 UTC,2020-12-14 22:04:36.630127 UTC,49.37
2020-12-14,6654192.1493839,Canada,mobile,2020-12-14 16:24:13.393382 UTC,2020-12-14 17:11:26.522407 UTC,47.22
2020-12-14,3670839.02677966,India,mobile,2020-12-14 00:06:06.364917 UTC,2020-12-14 00:51:42.318948 UTC,45.58
2020-12-14,9202387.7945688,United States,desktop,2020-12-14 07:18:42.688737 UTC,2020-12-14 08:02:10.291058 UTC,43.45
2020-12-14,7569695.70869306,United States,mobile,2020-12-14 16:12:12.943950 UTC,2020-12-14 16:55:12.118606 UTC,42.98
2020-12-14,3776548.70704126,India,mobile,2020-12-14 11:13:58.879323 UTC,2020-12-14 11:56:54.779441 UTC,42.92
2020-12-14,50169177.1164239,Canada,desktop,2020-12-14 19:47:50.635666 UTC,2020-12-14 20:28:45.615334 UTC,40.9
2020-12-14,5568834.01980438,United States,desktop,2020-12-14 15:16:00.149042 UTC,2020-12-14 15:55:58.686461 UTC,39.97
2020-12-14,6948012.9754264,United States,mobile,2020-12-14 14:08:17.912552 UTC,2020-12-14 14:48:05.902606 UTC,39.78
2020-12-14,3388152.7416415,Spain,desktop,2020-12-14 22:17:10.127043 UTC,2020-12-14 22:55:25.079422 UTC,38.23
2020-12-14,5041130.41278153,United States,mobile,2020-12-14 14:42:23.845876 UTC,2020-12-14 15:13:50.114849 UTC,31.43
2020-12-14,8633997.72065616,United States,desktop,2020-12-14 06:17:15.152747 UTC,2020-12-14 06:48:39.397968 UTC,31.4
2020-12-14,1606543.90199354,United States,desktop,2020-12-14 01:26:51.250999 UTC,2020-12-14 01:56:12.007577 UTC,29.33
2020-12-14,6509345.0221361,South Africa,desktop,2020-12-14 11:10:02.659264 UTC,2020-12-14 11:38:29.230133 UTC,28.43
2020-12-14,8889945.38573168,India,desktop,2020-12-14 16:38:11.199850 UTC,2020-12-14 17:04:13.036239 UTC,26.02
2020-12-14,56804998.5738212,United States,mobile,2020-12-14 18:41:50.846064 UTC,2020-12-14 19:07:27.696689 UTC,25.6
2020-12-14,7221347.41273946,United States,mobile,2020-12-14 13:44:53.627349 UTC,2020-12-14 14:10:16.386404 UTC,25.37
2020-12-14,6171433.4572198,United States,mobile,2020-12-14 08:18:28.893741 UTC,2020-12-14 08:42:53.379138 UTC,24.4
2020-12-14,34566418.3175234,United Kingdom,desktop,2020-12-14 16:01:25.597170 UTC,2020-12-14 16:25:31.808037 UTC,24.1
2020-12-14,5671461926.85327,United States,desktop,2020-12-14 02:20:28.716563 UTC,2020-12-14 02:43:49.114601 UTC,23.33
2020-12-14,87658194.9871546,United States,mobile,2020-12-14 13:43:37.053032 UTC,2020-12-14 14:06:09.934896 UTC,22.53
2020-12-14,53168426.9247441,China,mobile,2020-12-14 21:42:16.923541 UTC,2020-12-14 22:04:29.637011 UTC,22.2
2020-12-14,2379851873.30356,Canada,desktop,2020-12-14 22:15:32.672522 UTC,2020-12-14 22:36:20.910803 UTC,20.8
2020-12-14,76048408.3088751,United States,desktop,2020-12-14 00:10:34.348236 UTC,2020-12-14 00:31:14.902288 UTC,20.67
2020-12-14,80102056.6809389,United States,mobile,2020-12-14 00:47:14.807415 UTC,2020-12-14 01:06:01.370826 UTC,18.77
2020-12-14,2030522.5498187,United States,mobile,2020-12-14 12:40:28.865072 UTC,2020-12-14 12:58:58.759054 UTC,18.48
2020-12-14,7474537327.47257,United States,mobile,2020-12-14 13:19:29.042437 UTC,2020-12-14 13:37:13.699160 UTC,17.73
2020-12-14,57499982.4479614,Canada,mobile,2020-12-14 21:52:01.280263 UTC,2020-12-14 22:09:13.486981 UTC,17.2
2020-12-14,59440589.7744966,United States,desktop,2020-12-14 12:05:47.223886 UTC,2020-12-14 12:21:21.739115 UTC,15.57
2020-12-14,2009963.71953854,Germany,desktop,2020-12-14 03:48:04.747071 UTC,2020-12-14 04:03:32.267675 UTC,15.45
2020-12-14,7350209690.81605,India,desktop,2020-12-14 16:19:45.384657 UTC,2020-12-14 16:35:03.604561 UTC,15.3
2020-12-14,18844012.8867221,Singapore,mobile,2020-12-14 06:03:23.077142 UTC,2020-12-14 06:18:10.737515 UTC,14.78
2020-12-14,38411914.4791743,Norway,mobile,2020-12-14 08:49:21.568357 UTC,2020-12-14 09:03:37.935786 UTC,14.27
2020-12-14,66036121.7799299,United States,mobile,2020-12-14 14:25:41.972576 UTC,2020-12-14 14:38:10.116356 UTC,12.47
2020-12-14,80208775.3915875,Vietnam,mobile,2020-12-14 21:21:15.101060 UTC,2020-12-14 21:33:09.274008 UTC,11.9
2020-12-14,2175065.21922392,India,desktop,2020-12-14 14:23:51.599053 UTC,2020-12-14 14:34:35.980105 UTC,10.73
2020-12-14,57966618.4492876,Canada,desktop,2020-12-14 11:58:57.924657 UTC,2020-12-14 12:09:25.825937 UTC,10.45
2020-12-14,7375268.65198161,United States,desktop,2020-12-14 15:32:53.310609 UTC,2020-12-14 15:42:55.112956 UTC,10.02
2020-12-14,30015563.8542768,Czechia,desktop,2020-12-14 22:35:37.684425 UTC,2020-12-14 22:45:19.971421 UTC,9.7
2020-12-14,25363504.9539525,United States,mobile,2020-12-14 02:52:10.448016 UTC,2020-12-14 03:01:51.015296 UTC,9.67
2020-12-14,68610454.7061615,Canada,mobile,2020-12-14 19:33:17.008029 UTC,2020-12-14 19:41:53.288297 UTC,8.6
2020-12-14,5323353.21861651,United States,mobile,2020-12-14 04:22:45.899905 UTC,2020-12-14 04:30:54.512264 UTC,8.13
2020-12-14,41651272.6663629,Canada,desktop,2020-12-14 17:04:30.208138 UTC,2020-12-14 17:12:06.874624 UTC,7.6
2020-12-14,7963367.80494148,Greece,mobile,2020-12-14 16:58:52.351339 UTC,2020-12-14 17:06:10.800941 UTC,7.3
2020-12-14,33022040.1288126,Switzerland,mobile,2020-12-14 18:44:57.013413 UTC,2020-12-14 18:52:14.059098 UTC,7.28
2020-12-14,8520754.90837454,United States,mobile,2020-12-14 02:47:40.747485 UTC,2020-12-14 02:54:26.345568 UTC,6.75
2020-12-14,50264907.6315911,Georgia,desktop,2020-12-14 03:31:47.052217 UTC,2020-12-14 03:38:11.617873 UTC,6.4
2020-12-14,4930396.54618219,United States,mobile,2020-12-14 06:10:48.976888 UTC,2020-12-14 06:16:59.814522 UTC,6.17
2020-12-14,6435466.22123278,Turkey,mobile,2020-12-14 01:35:51.823996 UTC,2020-12-14 01:42:01.583148 UTC,6.15
2020-12-14,79475746.1929628,United States,desktop,2020-12-14 03:41:39.322716 UTC,2020-12-14 03:46:14.629520 UTC,4.58
2020-12-14,80632671.7018896,United States,desktop,2020-12-14 12:37:29.986216 UTC,2020-12-14 12:41:38.991827 UTC,4.15
2020-12-14,3111676283.59098,United States,desktop,2020-12-14 13:28:21.259001 UTC,2020-12-14 13:31:59.186148 UTC,3.62
2020-12-15,2049470.15670306,Greece,desktop,2020-12-15 00:16:05.490196 UTC,2020-12-15 21:45:12.282390 UTC,1289.1
2020-12-15,54377925.8475765,China,desktop,2020-12-15 00:21:57.636733 UTC,2020-12-15 19:39:02.060802 UTC,1157.07
2020-12-15,69713248.5059349,United States,desktop,2020-12-15 01:41:39.741920 UTC,2020-12-15 17:21:51.484058 UTC,940.18
2020-12-15,2884152188.98484,United States,desktop,2020-12-15 02:43:39.847563 UTC,2020-12-15 11:57:32.474300 UTC,553.87
2020-12-15,65796992.6677179,Canada,mobile,2020-12-15 00:24:35.232320 UTC,2020-12-15 07:30:09.891315 UTC,425.57
2020-12-15,88637248.0603138,United States,mobile,2020-12-15 09:47:49.689657 UTC,2020-12-15 16:50:41.021040 UTC,422.85
2020-12-15,45823533.208438,United States,desktop,2020-12-15 10:05:30.559547 UTC,2020-12-15 17:04:40.553889 UTC,419.15
2020-12-15,7022586.57455946,United States,desktop,2020-12-15 08:22:19.239656 UTC,2020-12-15 14:46:21.972578 UTC,384.03
2020-12-15,11429624.0505703,Portugal,mobile,2020-12-15 12:37:50.954205 UTC,2020-12-15 18:37:53.128049 UTC,360.03
2020-12-15,4791333.85978886,Czechia,desktop,2020-12-15 14:08:19.683089 UTC,2020-12-15 18:55:12.886745 UTC,286.88
2020-12-15,3732291.96179258,Taiwan,mobile,2020-12-15 03:16:20.027994 UTC,2020-12-15 07:44:10.785837 UTC,267.83
2020-12-15,12918996.0504047,United States,desktop,2020-12-15 02:51:21.339294 UTC,2020-12-15 06:52:17.303910 UTC,240.92
2020-12-15,4113793.09307289,India,desktop,2020-12-15 10:43:14.114014 UTC,2020-12-15 14:27:38.332376 UTC,224.4
2020-12-15,55847223.9986381,Peru,mobile,2020-12-15 01:44:55.325547 UTC,2020-12-15 05:25:54.982271 UTC,220.98
2020-12-15,5955469534.09432,Canada,desktop,2020-12-15 00:37:43.511613 UTC,2020-12-15 04:15:37.506356 UTC,217.88
2020-12-15,39639019.8826655,United States,desktop,2020-12-15 13:38:28.421728 UTC,2020-12-15 17:01:58.361361 UTC,203.48
2020-12-15,33234318.3224761,India,mobile,2020-12-15 07:01:14.524554 UTC,2020-12-15 09:57:03.132546 UTC,175.8
2020-12-15,98737231.6995342,United States,mobile,2020-12-15 18:25:30.910823 UTC,2020-12-15 20:55:15.891485 UTC,149.73
2020-12-15,2132209.90299623,United States,desktop,2020-12-15 11:37:41.160689 UTC,2020-12-15 13:47:30.465744 UTC,129.82
2020-12-15,27071010.1715411,Canada,desktop,2020-12-15 12:06:35.080202 UTC,2020-12-15 13:51:24.902110 UTC,104.82
2020-12-15,4828068.20739278,Belarus,desktop,2020-12-15 03:00:43.403726 UTC,2020-12-15 04:35:37.303859 UTC,94.88
2020-12-15,92178928.5827422,Vietnam,desktop,2020-12-15 17:19:03.702748 UTC,2020-12-15 18:44:29.206130 UTC,85.42
2020-12-15,8842537.89923145,United States,mobile,2020-12-15 00:58:42.086518 UTC,2020-12-15 02:22:13.192638 UTC,83.52
2020-12-15,1750371.72498086,Australia,desktop,2020-12-15 20:35:59.435786 UTC,2020-12-15 21:55:26.383696 UTC,79.43
2020-12-15,2097946.42864195,India,mobile,2020-12-15 05:39:47.876420 UTC,2020-12-15 06:56:30.102908 UTC,76.7
2020-12-15,5731385.0118976,Philippines,desktop,2020-12-15 18:18:00.693400 UTC,2020-12-15 19:33:05.413045 UTC,75.07
2020-12-15,1513854.43729848,United States,mobile,2020-12-15 12:54:10.750937 UTC,2020-12-15 14:07:56.683994 UTC,73.75
2020-12-15,5589070.66569527,United States,mobile,2020-12-15 15:27:33.383925 UTC,2020-12-15 16:31:14.159909 UTC,63.67
2020-12-15,5653281.32323411,(not set),mobile,2020-12-15 11:33:35.010330 UTC,2020-12-15 12:36:52.806405 UTC,63.28
2020-12-15,45515994.4994616,Argentina,mobile,2020-12-15 17:57:06.400734 UTC,2020-12-15 19:00:13.030914 UTC,63.1
2020-12-15,4570994.56600999,United States,desktop,2020-12-15 18:20:45.051131 UTC,2020-12-15 19:23:16.852717 UTC,62.52
2020-12-15,34251015.3672526,United States,mobile,2020-12-15 08:00:16.021243 UTC,2020-12-15 09:02:33.629311 UTC,62.28
2020-12-15,59373032.3991187,Russia,mobile,2020-12-15 05:56:43.865958 UTC,2020-12-15 06:54:29.384871 UTC,57.75
2020-12-15,3388152.7416415,Spain,desktop,2020-12-15 00:35:32.005634 UTC,2020-12-15 01:29:24.396490 UTC,53.87
2020-12-15,8315543.6828475,India,desktop,2020-12-15 05:46:04.200667 UTC,2020-12-15 06:37:40.315575 UTC,51.6
2020-12-15,74635951.8097844,United States,desktop,2020-12-15 12:23:57.334391 UTC,2020-12-15 13:13:13.847858 UTC,49.27
2020-12-15,31144747.80791,United States,desktop,2020-12-15 03:49:06.936750 UTC,2020-12-15 04:38:06.392979 UTC,48.98
2020-12-15,27918283.4779947,United States,desktop,2020-12-15 10:13:27.613258 UTC,2020-12-15 11:02:19.267470 UTC,48.85
2020-12-15,28569564.3821183,France,mobile,2020-12-15 20:37:34.608251 UTC,2020-12-15 21:19:59.640442 UTC,42.42
2020-12-15,1773396.04194737,United States,desktop,2020-12-15 22:34:27.681181 UTC,2020-12-15 23:16:51.494451 UTC,42.38
2020-12-15,9202815833.23746,United States,desktop,2020-12-15 21:47:33.845845 UTC,2020-12-15 22:28:34.483351 UTC,41.0
2020-12-15,40919582.2188794,Hong Kong,desktop,2020-12-15 11:31:40.954427 UTC,2020-12-15 12:11:36.247513 UTC,39.92
2020-12-15,81785259.9303843,United States,mobile,2020-12-15 22:20:49.185214 UTC,2020-12-15 22:58:15.070959 UTC,37.42
2020-12-15,3275662.15896283,South Korea,mobile,2020-12-15 18:07:14.988448 UTC,2020-12-15 18:44:17.923711 UTC,37.03
2020-12-15,3295969.70034295,Japan,desktop,2020-12-15 08:10:06.279277 UTC,2020-12-15 08:47:02.202958 UTC,36.92
2020-12-15,3086397.95830213,United States,mobile,2020-12-15 07:15:32.160665 UTC,2020-12-15 07:51:20.137575 UTC,35.78
2020-12-15,34267479.4710386,India,mobile,2020-12-15 03:24:11.096408 UTC,2020-12-15 03:58:07.309348 UTC,33.93
2020-12-15,1919550.75102961,United States,desktop,2020-12-15 00:00:12.930908 UTC,2020-12-15 00:32:11.190586 UTC,31.97
2020-12-15,73813216.5798834,Poland,desktop,2020-12-15 01:12:04.240618 UTC,2020-12-15 01:43:55.595324 UTC,31.85
2020-12-15,1270026.4390167,United States,desktop,2020-12-15 01:52:38.706560 UTC,2020-12-15 02:23:19.666006 UTC,30.67
2020-12-15,51216998.9738761,United States,desktop,2020-12-15 03:54:10.347577 UTC,2020-12-15 04:24:19.282926 UTC,30.13
2020-12-15,88196645.5084915,United States,mobile,2020-12-15 17:09:54.942674 UTC,2020-12-15 17:39:38.614661 UTC,29.72
2020-12-15,8843133.1891118,France,desktop,2020-12-15 08:23:19.173027 UTC,2020-12-15 08:52:11.539276 UTC,28.87
2020-12-15,2526035958.74677,Singapore,desktop,2020-12-15 16:14:23.453327 UTC,2020-12-15 16:42:11.752383 UTC,27.8
2020-12-15,49236041.8790753,(not set),mobile,2020-12-15 14:39:10.459585 UTC,2020-12-15 15:06:17.792532 UTC,27.12
2020-12-15,67176331.9443014,United States,desktop,2020-12-15 12:13:48.363832 UTC,2020-12-15 12:40:44.769432 UTC,26.93
2020-12-15,43441783.1252215,Italy,desktop,2020-12-15 08:14:03.871245 UTC,2020-12-15 08:40:45.549511 UTC,26.68
2020-12-15,2306614.91434242,United States,mobile,2020-12-15 20:27:03.853675 UTC,2020-12-15 20:53:01.981487 UTC,25.97
2020-12-15,7900127.62927925,United States,desktop,2020-12-15 09:58:32.680930 UTC,2020-12-15 10:24:26.629321 UTC,25.88
2020-12-15,50147423.8005628,China,desktop,2020-12-15 14:41:45.675492 UTC,2020-12-15 15:06:44.813774 UTC,24.98
2020-12-15,76647866.4324085,United States,desktop,2020-12-15 13:43:11.241453 UTC,2020-12-15 14:07:07.764996 UTC,23.93
2020-12-15,7017656.97282226,United States,mobile,2020-12-15 06:51:19.715891 UTC,2020-12-15 07:14:17.926276 UTC,22.97
2020-12-15,82288674.1418835,Argentina,mobile,2020-12-15 20:22:50.794644 UTC,2020-12-15 20:45:39.227074 UTC,22.8
2020-12-15,78536888.1867075,Spain,desktop,2020-12-15 02:26:27.874076 UTC,2020-12-15 02:48:13.543315 UTC,21.75
2020-12-15,92422851.0520335,India,desktop,2020-12-15 16:52:25.522597 UTC,2020-12-15 17:13:53.792762 UTC,21.47
2020-12-15,58735415.2475008,Denmark,mobile,2020-12-15 09:25:15.608718 UTC,2020-12-15 09:46:36.022428 UTC,21.33
2020-12-15,1605564.21717784,Italy,mobile,2020-12-15 00:48:46.000418 UTC,2020-12-15 01:09:35.964106 UTC,20.82
2020-12-15,31877872.8352061,Austria,desktop,2020-12-15 11:59:36.286836 UTC,2020-12-15 12:19:56.592507 UTC,20.33
2020-12-15,4064498101.48652,United States,desktop,2020-12-15 05:48:55.800753 UTC,2020-12-15 06:07:49.400707 UTC,18.88
2020-12-15,56475484.4233223,India,desktop,2020-12-15 19:42:50.391550 UTC,2020-12-15 20:01:13.520998 UTC,18.38
2020-12-15,44648288.3163217,India,mobile,2020-12-15 06:43:38.884998 UTC,2020-12-15 07:01:30.157607 UTC,17.85
2020-12-15,36636315.3763957,Bolivia,mobile,2020-12-15 06:16:00.124411 UTC,2020-12-15 06:33:47.311047 UTC,17.78
2020-12-15,61380061.8801193,Singapore,mobile,2020-12-15 05:39:02.674010 UTC,2020-12-15 05:56:38.626264 UTC,17.58
2020-12-15,90983663.7411503,Sweden,desktop,2020-12-15 21:24:45.797890 UTC,2020-12-15 21:41:24.699408 UTC,16.63
2020-12-15,49882860.469524,United States,desktop,2020-12-15 16:31:48.170554 UTC,2020-12-15 16:48:08.630586 UTC,16.33
2020-12-15,1162127.72580099,United States,desktop,2020-12-15 07:56:07.837198 UTC,2020-12-15 08:12:07.042851 UTC,15.98
2020-12-15,18137603.8233478,Russia,mobile,2020-12-15 16:51:22.192017 UTC,2020-12-15 17:07:17.015505 UTC,15.9
2020-12-15,37469851.2915027,United States,desktop,2020-12-15 12:02:44.233388 UTC,2020-12-15 12:17:12.666251 UTC,14.47
2020-12-15,5119225.77295748,United States,mobile,2020-12-15 13:45:48.917676 UTC,2020-12-15 14:00:10.278529 UTC,14.35
2020-12-15,8083450.38441242,Canada,desktop,2020-12-15 13:49:40.722218 UTC,2020-12-15 14:03:54.774248 UTC,14.23
2020-12-15,65011854.4911423,United States,mobile,2020-12-15 07:37:22.343311 UTC,2020-12-15 07:51:16.286470 UTC,13.88
2020-12-15,13756133.7762491,United States,mobile,2020-12-15 01:39:15.105025 UTC,2020-12-15 01:52:59.052518 UTC,13.72
2020-12-15,21212846.2865668,United Kingdom,mobile,2020-12-15 00:27:16.851203 UTC,2020-12-15 00:40:47.294535 UTC,13.5
2020-12-15,4484161.89478848,United States,desktop,2020-12-15 13:09:17.650989 UTC,2020-12-15 13:22:45.427856 UTC,13.45
2020-12-15,5689198.40517331,Singapore,desktop,2020-12-15 17:09:20.270855 UTC,2020-12-15 17:22:41.356977 UTC,13.35
2020-12-15,7900243.6096503,India,desktop,2020-12-15 10:41:03.921436 UTC,2020-12-15 10:54:19.704420 UTC,13.25
2020-12-15,6154769.07149613,United States,mobile,2020-12-15 07:14:12.699889 UTC,2020-12-15 07:27:27.416534 UTC,13.23
2020-12-15,3605236.09851811,China,desktop,2020-12-15 18:21:10.633131 UTC,2020-12-15 18:34:14.532696 UTC,13.05
2020-12-15,81507474.712467,Poland,desktop,2020-12-15 02:54:35.323160 UTC,2020-12-15 03:07:29.875286 UTC,12.9
2020-12-15,50264907.6315911,Georgia,desktop,2020-12-15 03:18:28.190821 UTC,2020-12-15 03:31:19.197637 UTC,12.85
2020-12-15,5013288.86744408,Poland,mobile,2020-12-15 11:02:12.502689 UTC,2020-12-15 11:14:29.136302 UTC,12.27
2020-12-15,60554403.6518704,United States,desktop,2020-12-15 13:47:08.584007 UTC,2020-12-15 13:58:28.256850 UTC,11.32
2020-12-15,61506894.3453397,United States,desktop,2020-12-15 08:17:23.216744 UTC,2020-12-15 08:27:32.633290 UTC,10.15
2020-12-15,11677998.368515,United States,desktop,2020-12-15 10:39:45.604562 UTC,2020-12-15 10:49:46.495922 UTC,10.0
2020-12-15,5821699.62696714,Japan,mobile,2020-12-15 02:50:34.448922 UTC,2020-12-15 03:00:05.665916 UTC,9.52
2020-12-15,3252255.8114865,United States,desktop,2020-12-15 00:06:33.737049 UTC,2020-12-15 00:14:56.089510 UTC,8.37
2020-12-15,9030851.68930863,France,desktop,2020-12-15 16:45:51.272999 UTC,2020-12-15 16:54:13.046609 UTC,8.35
2020-12-15,63540408.3343349,United States,desktop,2020-12-15 05:32:57.961828 UTC,2020-12-15 05:40:54.316514 UTC,7.93
2020-12-15,11739180.5119503,United States,mobile,2020-12-15 08:06:19.023512 UTC,2020-12-15 08:13:49.740940 UTC,7.5
2020-12-15,35699842.0182681,Turkey,desktop,2020-12-15 07:52:51.639420 UTC,2020-12-15 08:00:00.263929 UTC,7.13
2020-12-15,90778964.2302489,Brazil,desktop,2020-12-15 18:25:31.164359 UTC,2020-12-15 18:32:37.586028 UTC,7.1
2020-12-15,47377018.1786966,Thailand,mobile,2020-12-15 02:42:12.555325 UTC,2020-12-15 02:49:14.478433 UTC,7.02
2020-12-15,7118581.91948405,United States,mobile,2020-12-15 23:37:17.099624 UTC,2020-12-15 23:43:44.266795 UTC,6.45
2020-12-15,8487535.98917364,Japan,mobile,2020-12-15 12:20:40.557334 UTC,2020-12-15 12:26:36.016093 UTC,5.92
2020-12-15,58602824.1798462,Indonesia,mobile,2020-12-15 00:22:58.882549 UTC,2020-12-15 00:28:50.276379 UTC,5.85
2020-12-15,67251653.8910982,United States,mobile,2020-12-15 23:38:02.399842 UTC,2020-12-15 23:43:50.058523 UTC,5.78
2020-12-15,6188604028.5732,India,desktop,2020-12-15 16:09:38.024236 UTC,2020-12-15 16:14:57.984641 UTC,5.32
2020-12-15,8280658.32045174,India,mobile,2020-12-15 18:10:31.548057 UTC,2020-12-15 18:15:47.507361 UTC,5.25
2020-12-15,24070954.9186532,Turkey,tablet,2020-12-15 18:13:14.550059 UTC,2020-12-15 18:18:08.817421 UTC,4.9
2020-12-15,66563562.8308441,Spain,desktop,2020-12-15 03:04:44.700826 UTC,2020-12-15 03:09:07.390460 UTC,4.37
2020-12-15,4333028.27351006,Czechia,mobile,2020-12-15 08:17:56.979400 UTC,2020-12-15 08:22:05.972612 UTC,4.13
2020-12-15,31203817.7278508,United States,desktop,2020-12-15 00:08:09.423270 UTC,2020-12-15 00:11:27.441476 UTC,3.3
2020-12-15,4651234.67870374,United States,desktop,2020-12-15 08:16:28.232248 UTC,2020-12-15 08:19:35.471664 UTC,3.12
2020-12-15,3111676283.59098,United States,desktop,2020-12-15 06:43:49.033781 UTC,2020-12-15 06:46:54.852559 UTC,3.08
2020-12-15,7164249.05673951,Turkey,mobile,2020-12-15 20:23:14.266470 UTC,2020-12-15 20:25:21.176917 UTC,2.1
2020-12-16,2486846.92994812,Spain,desktop,2020-12-16 02:52:40.361175 UTC,2020-12-16 21:19:10.577856 UTC,1106.5
2020-12-16,8156015.04333622,Switzerland,desktop,2020-12-16 03:24:41.472921 UTC,2020-12-16 20:18:42.493738 UTC,1014.02
2020-12-16,4191504.89741473,Portugal,mobile,2020-12-16 01:04:03.458618 UTC,2020-12-16 17:13:47.302332 UTC,969.72
2020-12-16,18078079.4939254,Switzerland,desktop,2020-12-16 06:10:07.662647 UTC,2020-12-16 21:24:47.310621 UTC,914.65
2020-12-16,18489071.483199,Canada,desktop,2020-12-16 00:50:02.692852 UTC,2020-12-16 15:37:51.578933 UTC,887.8
2020-12-16,81093232.4306802,India,desktop,2020-12-16 09:47:45.905425 UTC,2020-12-16 20:14:21.531334 UTC,626.58
2020-12-16,6085157.6522638,India,mobile,2020-12-16 00:46:57.397202 UTC,2020-12-16 10:11:50.844055 UTC,564.88
2020-12-16,28108956.4390354,United States,desktop,2020-12-16 13:09:13.727953 UTC,2020-12-16 20:18:41.854124 UTC,429.47
2020-12-16,7748359.56677376,India,mobile,2020-12-16 03:12:28.256963 UTC,2020-12-16 10:16:28.628491 UTC,424.0
2020-12-16,1269503.0307049,United States,mobile,2020-12-16 08:53:31.136667 UTC,2020-12-16 15:39:34.300843 UTC,406.05
2020-12-16,19873344.4999466,United States,desktop,2020-12-16 05:22:00.997727 UTC,2020-12-16 11:38:26.850938 UTC,376.42
2020-12-16,26028748.6639337,United States,mobile,2020-12-16 00:47:58.344889 UTC,2020-12-16 06:59:35.277572 UTC,371.6
2020-12-16,24051998.6799144,Canada,mobile,2020-12-16 05:40:56.843554 UTC,2020-12-16 11:03:46.869386 UTC,322.83
2020-12-16,5996473.26061777,Australia,mobile,2020-12-16 10:47:33.304817 UTC,2020-12-16 16:00:42.450484 UTC,313.15
2020-12-16,8174650.32312616,(not set),desktop,2020-12-16 10:44:18.744851 UTC,2020-12-16 15:10:03.789034 UTC,265.75
2020-12-16,18562126.1110896,United States,mobile,2020-12-16 01:23:15.136167 UTC,2020-12-16 05:01:57.878601 UTC,218.7
2020-12-16,11244054.2177805,Canada,mobile,2020-12-16 02:44:24.620265 UTC,2020-12-16 05:32:00.364676 UTC,167.58
2020-12-16,75941642.343257,United States,desktop,2020-12-16 20:16:10.458317 UTC,2020-12-16 22:48:45.966001 UTC,152.58
2020-12-16,35064550.9410834,United States,desktop,2020-12-16 16:55:05.064926 UTC,2020-12-16 19:00:40.380152 UTC,125.58
2020-12-16,23495951.1863781,Italy,mobile,2020-12-16 02:38:50.391332 UTC,2020-12-16 04:40:07.542503 UTC,121.28
2020-12-16,82790046.1686536,United States,mobile,2020-12-16 12:24:48.448164 UTC,2020-12-16 14:24:10.394937 UTC,119.35
2020-12-16,6962813.99780211,United States,desktop,2020-12-16 19:27:40.955801 UTC,2020-12-16 21:12:53.987671 UTC,105.22
2020-12-16,2819497.05965674,France,desktop,2020-12-16 00:45:43.495429 UTC,2020-12-16 02:29:48.367890 UTC,104.07
2020-12-16,1490836.97696084,France,desktop,2020-12-16 09:44:03.182106 UTC,2020-12-16 11:25:37.736078 UTC,101.57
2020-12-16,6734225.72341083,United States,desktop,2020-12-16 16:00:33.290958 UTC,2020-12-16 17:36:04.022115 UTC,95.5
2020-12-16,8814952.61748534,United States,desktop,2020-12-16 03:14:02.874073 UTC,2020-12-16 04:39:23.448428 UTC,85.33
2020-12-16,9030851.68930863,France,desktop,2020-12-16 07:41:36.785574 UTC,2020-12-16 08:53:05.536760 UTC,71.47
2020-12-16,5051981.56495376,Thailand,tablet,2020-12-16 17:29:17.442519 UTC,2020-12-16 18:30:49.834805 UTC,61.53
2020-12-16,77805852.6832906,United States,mobile,2020-12-16 00:22:13.320527 UTC,2020-12-16 01:21:04.448250 UTC,58.85
2020-12-16,5237397.70649409,India,desktop,2020-12-16 05:43:36.589980 UTC,2020-12-16 06:42:23.994146 UTC,58.78
2020-12-16,97950097.5837353,India,desktop,2020-12-16 08:13:07.223074 UTC,2020-12-16 09:10:13.943627 UTC,57.1
2020-12-16,48159916.2278332,United States,desktop,2020-12-16 08:46:20.414300 UTC,2020-12-16 09:42:04.848880 UTC,55.73
2020-12-16,4777652.29805688,United States,desktop,2020-12-16 18:08:50.215282 UTC,2020-12-16 19:04:30.167325 UTC,55.65
2020-12-16,31450884.9129417,Canada,desktop,2020-12-16 00:12:37.839820 UTC,2020-12-16 00:59:15.431663 UTC,46.62
2020-12-16,4947085.93878189,India,mobile,2020-12-16 19:17:24.233122 UTC,2020-12-16 20:02:46.320291 UTC,45.37
2020-12-16,2323477.70850225,United States,desktop,2020-12-16 17:43:18.712622 UTC,2020-12-16 18:25:36.373559 UTC,42.28
2020-12-16,7980854.47796994,Ireland,desktop,2020-12-16 17:34:26.760513 UTC,2020-12-16 18:16:00.515043 UTC,41.55
2020-12-16,6667186.47054939,United States,mobile,2020-12-16 02:47:06.648596 UTC,2020-12-16 03:27:32.144736 UTC,40.42
2020-12-16,52206227.1304942,Italy,desktop,2020-12-16 04:18:10.239268 UTC,2020-12-16 04:56:55.463367 UTC,38.75
2020-12-16,18340222.5020006,Ireland,desktop,2020-12-16 03:54:51.981528 UTC,2020-12-16 04:31:01.845665 UTC,36.15
2020-12-16,20368983.6178046,United States,mobile,2020-12-16 12:34:22.681893 UTC,2020-12-16 13:08:37.681403 UTC,34.23
2020-12-16,6936674.05982395,United States,desktop,2020-12-16 12:06:53.095106 UTC,2020-12-16 12:39:05.197107 UTC,32.2
2020-12-16,15689194.2101305,Australia,mobile,2020-12-16 22:47:27.500765 UTC,2020-12-16 23:19:03.315040 UTC,31.58
2020-12-16,10591789.5477795,United States,desktop,2020-12-16 19:42:01.753395 UTC,2020-12-16 20:13:17.967801 UTC,31.27
2020-12-16,28171746.6331452,Brazil,mobile,2020-12-16 22:19:05.155919 UTC,2020-12-16 22:50:15.760966 UTC,31.17
2020-12-16,52931639.450996,India,mobile,2020-12-16 07:01:26.130717 UTC,2020-12-16 07:32:18.400837 UTC,30.87
2020-12-16,6488580233.22286,United States,desktop,2020-12-16 08:11:31.092434 UTC,2020-12-16 08:42:23.222877 UTC,30.87
2020-12-16,3198843.06118485,United States,desktop,2020-12-16 02:51:05.882131 UTC,2020-12-16 03:21:33.285319 UTC,30.45
2020-12-16,8366314228.98547,United States,desktop,2020-12-16 01:50:54.027261 UTC,2020-12-16 02:17:06.503956 UTC,26.2
2020-12-16,1473521219.85251,United States,desktop,2020-12-16 14:18:03.656197 UTC,2020-12-16 14:43:31.481019 UTC,25.45
2020-12-16,3559702.81025162,India,desktop,2020-12-16 17:06:15.461694 UTC,2020-12-16 17:30:44.107465 UTC,24.47
2020-12-16,82604808.5833749,Canada,mobile,2020-12-16 14:06:58.513394 UTC,2020-12-16 14:31:17.651316 UTC,24.32
2020-12-16,10397941.7201732,Germany,desktop,2020-12-16 13:59:37.649304 UTC,2020-12-16 14:23:51.499310 UTC,24.22
2020-12-16,6145836.11725809,Germany,desktop,2020-12-16 21:00:29.977175 UTC,2020-12-16 21:24:38.384333 UTC,24.13
2020-12-16,8526613234.86748,India,desktop,2020-12-16 18:05:02.714682 UTC,2020-12-16 18:28:52.816418 UTC,23.83
2020-12-16,64707869.9107693,United States,desktop,2020-12-16 13:18:30.589958 UTC,2020-12-16 13:40:59.395420 UTC,22.47
2020-12-16,16452090.356103,United States,desktop,2020-12-16 18:15:28.583308 UTC,2020-12-16 18:37:53.492000 UTC,22.4
2020-12-16,45452162.3941392,(not set),mobile,2020-12-16 13:22:48.765127 UTC,2020-12-16 13:44:40.587984 UTC,21.85
2020-12-16,9195830.23051809,United States,mobile,2020-12-16 04:48:47.069015 UTC,2020-12-16 05:10:22.281558 UTC,21.58
2020-12-16,71728326.8215187,United Kingdom,desktop,2020-12-16 01:31:04.540908 UTC,2020-12-16 01:52:34.633278 UTC,21.5
2020-12-16,62041179.6162419,United States,mobile,2020-12-16 14:32:54.249427 UTC,2020-12-16 14:54:17.609402 UTC,21.38
2020-12-16,23468969.8705339,United States,mobile,2020-12-16 11:45:23.991966 UTC,2020-12-16 12:06:27.912649 UTC,21.05
2020-12-16,1593060.99039897,India,desktop,2020-12-16 04:19:02.004649 UTC,2020-12-16 04:39:09.764879 UTC,20.12
2020-12-16,67242982.0432343,India,mobile,2020-12-16 16:48:42.899836 UTC,2020-12-16 17:08:43.330228 UTC,20.0
2020-12-16,91825571.805992,Australia,mobile,2020-12-16 12:00:44.990827 UTC,2020-12-16 12:19:08.650612 UTC,18.38
2020-12-16,27934793.9232963,Switzerland,desktop,2020-12-16 01:29:20.005944 UTC,2020-12-16 01:47:16.733664 UTC,17.93
2020-12-16,31012311.2048194,United States,mobile,2020-12-16 22:50:28.238498 UTC,2020-12-16 23:07:42.120010 UTC,17.22
2020-12-16,71577991.6929043,France,desktop,2020-12-16 14:31:59.511769 UTC,2020-12-16 14:48:59.710556 UTC,17.0
2020-12-16,86811303.5548075,United States,desktop,2020-12-16 04:14:59.089781 UTC,2020-12-16 04:31:57.587686 UTC,16.97
2020-12-16,4464438.32174551,United States,mobile,2020-12-16 01:00:39.666842 UTC,2020-12-16 01:17:33.367117 UTC,16.88
2020-12-16,2844031.74803878,Ireland,mobile,2020-12-16 02:02:21.058268 UTC,2020-12-16 02:19:08.537169 UTC,16.78
2020-12-16,5038082.12136444,United States,mobile,2020-12-16 00:07:24.999011 UTC,2020-12-16 00:23:37.821970 UTC,16.2
2020-12-16,15418373.842567,United States,desktop,2020-12-16 19:47:51.235274 UTC,2020-12-16 20:03:44.534721 UTC,15.88
2020-12-16,7462913.76054119,Singapore,desktop,2020-12-16 02:20:36.334873 UTC,2020-12-16 02:36:20.431999 UTC,15.73
2020-12-16,1994473.4179397,United States,desktop,2020-12-16 02:48:56.249714 UTC,2020-12-16 03:04:02.500962 UTC,15.1
2020-12-16,42202949.1792651,India,mobile,2020-12-16 22:05:41.475411 UTC,2020-12-16 22:20:26.033753 UTC,14.73
2020-12-16,91589045.5932971,India,desktop,2020-12-16 14:46:05.991427 UTC,2020-12-16 15:00:23.394023 UTC,14.28
2020-12-16,11323811.0415184,United States,desktop,2020-12-16 04:49:18.032700 UTC,2020-12-16 05:03:16.308918 UTC,13.97
2020-12-16,53406211.8724008,United States,desktop,2020-12-16 17:53:07.837767 UTC,2020-12-16 18:06:45.903186 UTC,13.63
2020-12-16,1532927.64043237,United Kingdom,desktop,2020-12-16 21:06:31.670923 UTC,2020-12-16 21:19:30.442826 UTC,12.97
2020-12-16,1813744.32606992,United States,mobile,2020-12-16 21:16:54.777870 UTC,2020-12-16 21:29:02.548128 UTC,12.12
2020-12-16,83567287.4802807,South Korea,desktop,2020-12-16 17:22:33.637631 UTC,2020-12-16 17:34:35.277025 UTC,12.02
2020-12-16,72884242.1035011,China,desktop,2020-12-16 22:31:04.905809 UTC,2020-12-16 22:42:57.552528 UTC,11.87
2020-12-16,5418808005.31022,Canada,mobile,2020-12-16 02:58:30.021602 UTC,2020-12-16 03:10:12.275312 UTC,11.7
2020-12-16,71285854.2587994,United States,desktop,2020-12-16 19:37:41.047856 UTC,2020-12-16 19:49:08.603069 UTC,11.45
2020-12-16,6406174.64001073,Egypt,mobile,2020-12-16 04:37:49.480828 UTC,2020-12-16 04:49:05.702172 UTC,11.27
2020-12-16,43925286.2421542,United States,mobile,2020-12-16 04:31:40.291423 UTC,2020-12-16 04:42:39.366796 UTC,10.98
2020-12-16,3319193.53832812,India,desktop,2020-12-16 03:42:14.530807 UTC,2020-12-16 03:52:55.234691 UTC,10.67
2020-12-16,70707207.7999405,United States,desktop,2020-12-16 07:50:37.008719 UTC,2020-12-16 08:00:27.077650 UTC,9.83
2020-12-16,86226481.4357835,United States,desktop,2020-12-16 20:55:17.427471 UTC,2020-12-16 21:04:54.425438 UTC,9.6
2020-12-16,30986155.2819672,United States,desktop,2020-12-16 01:23:08.991739 UTC,2020-12-16 01:32:13.167085 UTC,9.07
2020-12-16,7722668.27874148,United States,desktop,2020-12-16 06:20:22.263424 UTC,2020-12-16 06:29:20.490349 UTC,8.97
2020-12-16,62015338.53359,Canada,mobile,2020-12-16 22:05:47.784254 UTC,2020-12-16 22:14:43.172035 UTC,8.92
2020-12-16,5645225.69176534,United States,desktop,2020-12-16 05:58:26.169916 UTC,2020-12-16 06:07:00.261523 UTC,8.57
2020-12-16,9614593.53215131,Lithuania,mobile,2020-12-16 01:04:56.671047 UTC,2020-12-16 01:13:12.147740 UTC,8.25
2020-12-16,25665114.3281659,France,desktop,2020-12-16 04:25:00.550363 UTC,2020-12-16 04:33:06.862079 UTC,8.1
2020-12-16,71766434.3843515,United States,mobile,2020-12-16 13:03:46.795737 UTC,2020-12-16 13:11:11.817635 UTC,7.42
2020-12-16,49354846.071856,India,mobile,2020-12-16 04:44:51.657918 UTC,2020-12-16 04:52:16.021706 UTC,7.4
2020-12-16,11276007.4623855,United States,mobile,2020-12-16 15:23:23.431475 UTC,2020-12-16 15:30:42.003747 UTC,7.3
2020-12-16,7816881.75277632,United Kingdom,desktop,2020-12-16 05:06:57.642622 UTC,2020-12-16 05:14:13.678318 UTC,7.27
2020-12-16,42167462.4250653,United States,desktop,2020-12-16 17:10:33.003664 UTC,2020-12-16 17:17:41.421834 UTC,7.13
2020-12-16,50183692.6751135,United States,desktop,2020-12-16 11:58:06.051480 UTC,2020-12-16 12:04:53.542227 UTC,6.78
2020-12-16,29066864.4014292,United States,mobile,2020-12-16 15:25:10.119728 UTC,2020-12-16 15:31:52.074804 UTC,6.68
2020-12-16,4709275.88755572,Australia,mobile,2020-12-16 10:35:18.421119 UTC,2020-12-16 10:41:57.719111 UTC,6.65
2020-12-16,4297256.35832479,United States,tablet,2020-12-16 09:10:32.195569 UTC,2020-12-16 09:16:17.468771 UTC,5.75
2020-12-16,54650516.377032,Ukraine,desktop,2020-12-16 13:43:31.224567 UTC,2020-12-16 13:49:12.849011 UTC,5.68
2020-12-16,8478040283.74053,India,mobile,2020-12-16 13:25:57.895956 UTC,2020-12-16 13:31:18.873013 UTC,5.33
2020-12-16,2801511.1336263,Canada,desktop,2020-12-16 15:22:08.865522 UTC,2020-12-16 15:27:15.902995 UTC,5.12
2020-12-16,7242688.08438672,United States,mobile,2020-12-16 12:13:34.224288 UTC,2020-12-16 12:18:18.397039 UTC,4.73
2020-12-16,76814331.1397302,South Korea,desktop,2020-12-16 13:56:35.282371 UTC,2020-12-16 14:00:55.438014 UTC,4.33
2020-12-16,22626490.1144906,Sweden,desktop,2020-12-16 01:30:46.311439 UTC,2020-12-16 01:34:34.034906 UTC,3.78
2020-12-16,7118581.91948405,United States,mobile,2020-12-16 00:16:18.873171 UTC,2020-12-16 00:19:55.582820 UTC,3.6
2020-12-16,5766379.66589966,United States,desktop,2020-12-16 00:00:51.079741 UTC,2020-12-16 00:04:24.380100 UTC,3.55
2020-12-16,1245203.12054107,India,desktop,2020-12-16 08:17:43.006506 UTC,2020-12-16 08:21:16.691078 UTC,3.55
2020-12-16,3181213.51732981,Kuwait,mobile,2020-12-16 00:14:21.625791 UTC,2020-12-16 00:17:24.480449 UTC,3.03
2020-12-17,14670836.5443476,United States,desktop,2020-12-17 07:40:52.221471 UTC,2020-12-17 20:55:44.029238 UTC,794.85
2020-12-17,2232981444.33317,Spain,desktop,2020-12-17 05:48:41.781008 UTC,2020-12-17 17:41:16.107851 UTC,712.57
2020-12-17,84534898.7989426,United States,desktop,2020-12-17 03:16:38.948667 UTC,2020-12-17 11:51:30.499570 UTC,514.85
2020-12-17,77739287.4913869,United States,mobile,2020-12-17 09:13:18.187361 UTC,2020-12-17 17:19:19.808564 UTC,486.02
2020-12-17,1621120.10609584,United States,mobile,2020-12-17 04:43:52.737255 UTC,2020-12-17 10:47:21.957219 UTC,363.48
2020-12-17,2704631.35516727,India,desktop,2020-12-17 12:01:14.550651 UTC,2020-12-17 17:51:45.237412 UTC,350.5
2020-12-17,8403882324.87336,United States,mobile,2020-12-17 07:17:12.604454 UTC,2020-12-17 12:12:41.752846 UTC,295.48
2020-12-17,65163016.2468447,China,mobile,2020-12-17 06:54:07.121703 UTC,2020-12-17 11:02:14.111013 UTC,248.1
2020-12-17,10731965.6220509,Greece,mobile,2020-12-17 06:34:30.703692 UTC,2020-12-17 10:09:53.464229 UTC,215.37
2020-12-17,59427000.7305194,(not set),desktop,2020-12-17 01:16:48.107297 UTC,2020-12-17 03:57:37.346296 UTC,160.82
2020-12-17,5510122.64238769,United States,desktop,2020-12-17 17:08:59.784607 UTC,2020-12-17 19:44:05.222696 UTC,155.08
2020-12-17,5061885.37948738,Canada,mobile,2020-12-17 03:47:01.474453 UTC,2020-12-17 05:39:08.486506 UTC,112.12
2020-12-17,8947475.8090315,United States,desktop,2020-12-17 01:09:23.690697 UTC,2020-12-17 02:50:38.266558 UTC,101.23
2020-12-17,83122453.5394732,United States,desktop,2020-12-17 16:42:36.911436 UTC,2020-12-17 18:21:39.068684 UTC,99.03
2020-12-17,4396894.61127815,Serbia,desktop,2020-12-17 15:25:25.696325 UTC,2020-12-17 16:59:51.861994 UTC,94.43
2020-12-17,63844412.3659435,France,desktop,2020-12-17 06:37:56.483100 UTC,2020-12-17 08:05:23.526036 UTC,87.45
2020-12-17,9618916.8925649,United States,desktop,2020-12-17 22:11:26.669661 UTC,2020-12-17 23:38:47.914223 UTC,87.35
2020-12-17,85089615.0421191,United States,mobile,2020-12-17 04:37:22.221430 UTC,2020-12-17 06:03:32.846808 UTC,86.17
2020-12-17,3412220.61611811,Taiwan,desktop,2020-12-17 19:40:26.801891 UTC,2020-12-17 21:00:03.095962 UTC,79.6
2020-12-17,4366554.60781001,United States,desktop,2020-12-17 14:21:58.282631 UTC,2020-12-17 15:29:13.179402 UTC,67.23
2020-12-17,5849526.66505302,India,desktop,2020-12-17 18:21:04.966156 UTC,2020-12-17 19:13:47.464348 UTC,52.7
2020-12-17,46104581.7287269,Taiwan,mobile,2020-12-17 13:01:01.472603 UTC,2020-12-17 13:51:06.650561 UTC,50.08
2020-12-17,2610547.99735556,United States,desktop,2020-12-17 19:29:52.022355 UTC,2020-12-17 20:14:24.475078 UTC,44.53
2020-12-17,37409739.2479799,United States,mobile,2020-12-17 02:21:06.172227 UTC,2020-12-17 03:02:29.960689 UTC,41.38
2020-12-17,1836968.78882608,Turkey,mobile,2020-12-17 11:49:10.237652 UTC,2020-12-17 12:29:30.410463 UTC,40.33
2020-12-17,47320569.5663739,United States,desktop,2020-12-17 06:24:59.673477 UTC,2020-12-17 07:03:47.482616 UTC,38.78
2020-12-17,33738162.6871557,United States,desktop,2020-12-17 02:25:20.480138 UTC,2020-12-17 03:04:06.785968 UTC,38.77
2020-12-17,1051154.0740172,United States,mobile,2020-12-17 18:25:13.226730 UTC,2020-12-17 19:03:42.457294 UTC,38.48
2020-12-17,5175868.53092069,Japan,mobile,2020-12-17 11:14:07.110017 UTC,2020-12-17 11:50:57.473845 UTC,36.83
2020-12-17,21188888.1287984,United States,mobile,2020-12-17 15:57:05.888339 UTC,2020-12-17 16:33:44.969710 UTC,36.65
2020-12-17,22956458.6924241,Mexico,desktop,2020-12-17 10:01:10.577114 UTC,2020-12-17 10:36:44.644850 UTC,35.57
2020-12-17,25524352.732528,United States,desktop,2020-12-17 19:53:50.628971 UTC,2020-12-17 20:28:26.775031 UTC,34.6
2020-12-17,50625438.6453912,Germany,desktop,2020-12-17 20:21:22.453376 UTC,2020-12-17 20:53:13.719683 UTC,31.85
2020-12-17,7670494.03673042,Russia,mobile,2020-12-17 08:16:43.853794 UTC,2020-12-17 08:45:07.204307 UTC,28.38
2020-12-17,90006388.1386753,United States,mobile,2020-12-17 09:14:58.224280 UTC,2020-12-17 09:43:07.370067 UTC,28.15
2020-12-17,1086662.7438464,United States,mobile,2020-12-17 13:01:58.501824 UTC,2020-12-17 13:29:32.910972 UTC,27.57
2020-12-17,39689879.5114355,India,mobile,2020-12-17 20:34:26.918700 UTC,2020-12-17 20:59:09.815903 UTC,24.7
2020-12-17,8631746.01363427,United States,desktop,2020-12-17 23:36:05.259730 UTC,2020-12-17 23:59:53.115574 UTC,23.78
2020-12-17,6924220.61533902,Canada,desktop,2020-12-17 21:40:00.567929 UTC,2020-12-17 22:01:15.382864 UTC,21.23
2020-12-17,84636323.8110704,Ukraine,mobile,2020-12-17 02:56:40.915519 UTC,2020-12-17 03:17:46.959620 UTC,21.1
2020-12-17,3315775.48879169,United States,desktop,2020-12-17 18:37:39.353704 UTC,2020-12-17 18:58:37.244200 UTC,20.95
2020-12-17,79437846.7966348,India,mobile,2020-12-17 20:13:57.283987 UTC,2020-12-17 20:34:01.602778 UTC,20.07
2020-12-17,7275494.78111785,China,desktop,2020-12-17 07:56:52.994078 UTC,2020-12-17 08:16:47.769726 UTC,19.9
2020-12-17,69753949.4679403,Spain,desktop,2020-12-17 20:15:37.810377 UTC,2020-12-17 20:34:21.265627 UTC,18.72
2020-12-17,73925756.8578616,United States,desktop,2020-12-17 20:53:59.770593 UTC,2020-12-17 21:12:40.095288 UTC,18.67
2020-12-17,8156015.04333622,Switzerland,desktop,2020-12-17 03:04:28.026230 UTC,2020-12-17 03:22:19.706715 UTC,17.85
2020-12-17,7549801319.6083,United Arab Emirates,desktop,2020-12-17 05:35:38.473905 UTC,2020-12-17 05:52:53.663304 UTC,17.25
2020-12-17,39602761.4128729,Philippines,mobile,2020-12-17 20:55:51.248047 UTC,2020-12-17 21:13:03.992603 UTC,17.2
2020-12-17,2387737.84406545,India,mobile,2020-12-17 15:56:59.713190 UTC,2020-12-17 16:14:04.705155 UTC,17.07
2020-12-17,50900904.6507728,Taiwan,desktop,2020-12-17 14:48:42.070896 UTC,2020-12-17 15:05:37.280184 UTC,16.92
2020-12-17,1043539.27471598,United States,desktop,2020-12-17 18:04:38.855791 UTC,2020-12-17 18:20:32.817119 UTC,15.88
2020-12-17,2233163.75267573,Croatia,desktop,2020-12-17 02:17:45.341077 UTC,2020-12-17 02:32:46.466220 UTC,15.02
2020-12-17,78740849.5845768,Germany,desktop,2020-12-17 22:26:16.804978 UTC,2020-12-17 22:41:09.621971 UTC,14.87
2020-12-17,79374863.6543228,South Korea,mobile,2020-12-17 17:02:52.847043 UTC,2020-12-17 17:16:23.382643 UTC,13.5
2020-12-17,58435410.685971,India,mobile,2020-12-17 03:36:10.239009 UTC,2020-12-17 03:49:18.965198 UTC,13.13
2020-12-17,8162222.70546784,Singapore,mobile,2020-12-17 21:50:20.407528 UTC,2020-12-17 22:03:29.199418 UTC,13.13
2020-12-17,4645081.67512695,Japan,desktop,2020-12-17 09:23:50.251354 UTC,2020-12-17 09:36:50.510960 UTC,13.0
2020-12-17,84161213.3604424,United States,desktop,2020-12-17 21:52:12.536778 UTC,2020-12-17 22:04:54.910849 UTC,12.7
2020-12-17,7738401.26590784,Canada,mobile,2020-12-17 04:29:44.839418 UTC,2020-12-17 04:41:21.591097 UTC,11.6
2020-12-17,5191278.73583355,United Arab Emirates,desktop,2020-12-17 19:30:55.852205 UTC,2020-12-17 19:42:31.364705 UTC,11.58
2020-12-17,3365134.06738334,United States,desktop,2020-12-17 06:50:29.235239 UTC,2020-12-17 07:01:02.582330 UTC,10.55
2020-12-17,7383305.12442018,United States,mobile,2020-12-17 10:50:42.492335 UTC,2020-12-17 11:01:15.332486 UTC,10.53
2020-12-17,8944117.08312908,United States,desktop,2020-12-17 19:10:50.002612 UTC,2020-12-17 19:21:10.547691 UTC,10.33
2020-12-17,3992214.03293651,India,desktop,2020-12-17 17:04:55.142692 UTC,2020-12-17 17:14:42.698271 UTC,9.78
2020-12-17,16244779.6271795,Canada,mobile,2020-12-17 05:44:47.598350 UTC,2020-12-17 05:54:28.313280 UTC,9.67
2020-12-17,69933106.8605034,United States,mobile,2020-12-17 11:47:40.889984 UTC,2020-12-17 11:57:13.416206 UTC,9.53
2020-12-17,35776748.8724446,United States,mobile,2020-12-17 09:28:14.384260 UTC,2020-12-17 09:37:16.073881 UTC,9.02
2020-12-17,4116825.43217468,Singapore,mobile,2020-12-17 00:18:14.076843 UTC,2020-12-17 00:27:12.393375 UTC,8.97
2020-12-17,1269503.0307049,United States,mobile,2020-12-17 07:12:36.359114 UTC,2020-12-17 07:21:26.147993 UTC,8.82
2020-12-17,9122125.3213698,United States,tablet,2020-12-17 03:13:34.089471 UTC,2020-12-17 03:22:16.423252 UTC,8.7
2020-12-17,81632350.4358345,United States,desktop,2020-12-17 00:07:53.214952 UTC,2020-12-17 00:16:33.896411 UTC,8.67
2020-12-17,40360384.0007417,United Kingdom,desktop,2020-12-17 06:21:21.416432 UTC,2020-12-17 06:29:46.727487 UTC,8.42
2020-12-17,97950097.5837353,India,desktop,2020-12-17 02:46:10.515974 UTC,2020-12-17 02:54:34.035784 UTC,8.38
2020-12-17,7863708.50563813,Czechia,desktop,2020-12-17 05:05:41.689946 UTC,2020-12-17 05:13:53.044295 UTC,8.18
2020-12-17,80824150.8927513,United States,mobile,2020-12-17 07:20:06.813835 UTC,2020-12-17 07:27:46.031603 UTC,7.65
2020-12-17,4651234.67870374,United States,desktop,2020-12-17 09:47:46.554531 UTC,2020-12-17 09:55:25.105936 UTC,7.63
2020-12-17,1486195554.52551,Australia,mobile,2020-12-17 10:12:02.213693 UTC,2020-12-17 10:18:58.643288 UTC,6.93
2020-12-17,60425733.9344537,Singapore,desktop,2020-12-17 18:53:38.090700 UTC,2020-12-17 19:00:28.611376 UTC,6.83
2020-12-17,7833704.55802779,United States,mobile,2020-12-17 08:00:31.964615 UTC,2020-12-17 08:07:14.672421 UTC,6.7
2020-12-17,4769532.27240099,United Kingdom,mobile,2020-12-17 01:31:07.776604 UTC,2020-12-17 01:36:29.399326 UTC,5.35
2020-12-17,61367617.5801864,Brazil,desktop,2020-12-17 13:30:36.375004 UTC,2020-12-17 13:35:37.623322 UTC,5.02
2020-12-17,12635392.6392715,United States,desktop,2020-12-17 16:11:56.027562 UTC,2020-12-17 16:16:51.444022 UTC,4.92
2020-12-17,2206124.58046453,Taiwan,mobile,2020-12-17 08:18:29.819297 UTC,2020-12-17 08:23:17.032505 UTC,4.78
2020-12-17,31903614.883244,United States,desktop,2020-12-17 02:00:55.708170 UTC,2020-12-17 02:05:18.092437 UTC,4.37
2020-12-17,55183693.0038159,United States,desktop,2020-12-17 19:23:44.406582 UTC,2020-12-17 19:27:25.150215 UTC,3.67
2020-12-17,5898251.13089427,United States,desktop,2020-12-17 01:16:32.186846 UTC,2020-12-17 01:20:05.936891 UTC,3.55
2020-12-17,58234029.0722348,India,desktop,2020-12-17 22:15:24.439973 UTC,2020-12-17 22:18:13.642288 UTC,2.82
2020-12-17,87631466.4751678,Canada,mobile,2020-12-17 06:26:56.515004 UTC,2020-12-17 06:28:58.414273 UTC,2.02
2020-12-18,52907871.5751917,United States,mobile,2020-12-18 02:15:44.314262 UTC,2020-12-18 18:29:14.778210 UTC,973.5
2020-12-18,4484520.5210961,United States,desktop,2020-12-18 06:28:39.066351 UTC,2020-12-18 20:35:16.140109 UTC,846.62
2020-12-18,62739166.8660781,Netherlands,mobile,2020-12-18 06:05:48.499868 UTC,2020-12-18 20:12:16.233445 UTC,846.45
2020-12-18,69080739.9100349,Poland,mobile,2020-12-18 15:23:41.062532 UTC,2020-12-18 23:06:08.860707 UTC,462.45
2020-12-18,49434402.8306205,Chile,mobile,2020-12-18 12:35:22.561610 UTC,2020-12-18 19:44:25.564455 UTC,429.05
2020-12-18,55876955.1461572,Spain,tablet,2020-12-18 00:36:36.971844 UTC,2020-12-18 07:20:24.591680 UTC,403.78
2020-12-18,31588757.8825339,Sweden,desktop,2020-12-18 00:15:27.888264 UTC,2020-12-18 05:36:46.375157 UTC,321.3
2020-12-18,42437353.0009009,India,desktop,2020-12-18 05:49:24.845911 UTC,2020-12-18 10:46:17.771730 UTC,296.87
2020-12-18,7782816.51559132,United Kingdom,desktop,2020-12-18 16:54:17.929286 UTC,2020-12-18 20:36:44.795655 UTC,222.43
2020-12-18,8367098267.62663,India,desktop,2020-12-18 12:07:40.792431 UTC,2020-12-18 15:42:45.932298 UTC,215.08
2020-12-18,7670494.03673042,Russia,mobile,2020-12-18 03:12:53.287848 UTC,2020-12-18 05:45:47.506305 UTC,152.9
2020-12-18,10211474.7929477,Canada,desktop,2020-12-18 09:10:15.595666 UTC,2020-12-18 10:47:32.212057 UTC,97.27
2020-12-18,3287379.74164763,United States,desktop,2020-12-18 03:33:18.999993 UTC,2020-12-18 05:01:49.092550 UTC,88.5
2020-12-18,1719446.57529484,United States,mobile,2020-12-18 18:01:14.609255 UTC,2020-12-18 19:21:02.328391 UTC,79.78
2020-12-18,20037471.8988089,Brazil,mobile,2020-12-18 07:19:00.405301 UTC,2020-12-18 08:30:49.659520 UTC,71.82
2020-12-18,89736817.8673115,United States,desktop,2020-12-18 20:22:56.978832 UTC,2020-12-18 21:33:38.009371 UTC,70.68
2020-12-18,53769790.5488226,United States,mobile,2020-12-18 00:16:07.500790 UTC,2020-12-18 01:23:38.109411 UTC,67.5
2020-12-18,31508986.6211752,United States,mobile,2020-12-18 16:54:32.560814 UTC,2020-12-18 17:51:56.828304 UTC,57.4
2020-12-18,47327205.6325472,Switzerland,mobile,2020-12-18 01:35:47.071364 UTC,2020-12-18 02:27:50.782221 UTC,52.05
2020-12-18,8577405.90539706,Israel,desktop,2020-12-18 18:34:47.170367 UTC,2020-12-18 19:19:49.385845 UTC,45.03
2020-12-18,42372741.7725745,United States,desktop,2020-12-18 21:57:28.192677 UTC,2020-12-18 22:40:33.997181 UTC,43.08
2020-12-18,50640660.9007425,India,desktop,2020-12-18 08:01:29.268718 UTC,2020-12-18 08:42:48.184323 UTC,41.3
2020-12-18,53989140.2218322,United States,desktop,2020-12-18 16:32:18.730984 UTC,2020-12-18 17:13:31.189636 UTC,41.2
2020-12-18,71985328.5213385,United States,mobile,2020-12-18 04:15:02.242543 UTC,2020-12-18 04:55:40.449846 UTC,40.63
2020-12-18,9316296.68957019,India,desktop,2020-12-18 08:11:18.555183 UTC,2020-12-18 08:51:46.817826 UTC,40.47
2020-12-18,32220426.7266826,United States,desktop,2020-12-18 11:51:09.189610 UTC,2020-12-18 12:30:53.054209 UTC,39.72
2020-12-18,86949711.6238778,United States,mobile,2020-12-18 14:48:28.925672 UTC,2020-12-18 15:28:10.972713 UTC,39.7
2020-12-18,4645810.64148914,United States,desktop,2020-12-18 05:59:36.022399 UTC,2020-12-18 06:38:00.393295 UTC,38.4
2020-12-18,82278834.0437907,United States,mobile,2020-12-18 23:12:00.081484 UTC,2020-12-18 23:49:33.637338 UTC,37.55
2020-12-18,6258055.53947544,United States,desktop,2020-12-18 01:16:37.708967 UTC,2020-12-18 01:53:21.670433 UTC,36.72
2020-12-18,4327637.56840567,United States,desktop,2020-12-18 02:24:25.031875 UTC,2020-12-18 02:58:52.010924 UTC,34.43
2020-12-18,2212017.26423719,United States,desktop,2020-12-18 08:34:58.021042 UTC,2020-12-18 09:07:39.270567 UTC,32.68
2020-12-18,45277194.9362696,Mexico,mobile,2020-12-18 04:29:07.596743 UTC,2020-12-18 04:58:29.592437 UTC,29.35
2020-12-18,5244179.48673232,United States,mobile,2020-12-18 02:10:03.451895 UTC,2020-12-18 02:39:01.483243 UTC,28.97
2020-12-18,49499670.1702984,United States,desktop,2020-12-18 19:45:57.028366 UTC,2020-12-18 20:14:52.974785 UTC,28.92
2020-12-18,71278332.7023651,China,desktop,2020-12-18 21:01:41.177926 UTC,2020-12-18 21:29:31.126116 UTC,27.82
2020-12-18,32495068.8510753,Singapore,desktop,2020-12-18 00:03:18.935255 UTC,2020-12-18 00:30:43.805498 UTC,27.4
2020-12-18,12852776.3686074,Canada,desktop,2020-12-18 22:28:18.753013 UTC,2020-12-18 22:53:13.548601 UTC,24.9
2020-12-18,68179423.3220502,Mexico,desktop,2020-12-18 20:56:38.023669 UTC,2020-12-18 21:17:17.709553 UTC,20.65
2020-12-18,6291077.42117803,Sweden,mobile,2020-12-18 23:33:37.675691 UTC,2020-12-18 23:53:26.796468 UTC,19.82
2020-12-18,7172054.63940289,Spain,desktop,2020-12-18 12:23:20.743429 UTC,2020-12-18 12:43:05.446195 UTC,19.73
2020-12-18,25845532.1613251,United States,mobile,2020-12-18 00:16:01.159012 UTC,2020-12-18 00:34:21.896198 UTC,18.33
2020-12-18,3637854995.92555,Indonesia,mobile,2020-12-18 23:18:31.017199 UTC,2020-12-18 23:36:40.362262 UTC,18.15
2020-12-18,49433987.592882,United States,mobile,2020-12-18 13:21:54.547659 UTC,2020-12-18 13:38:49.236534 UTC,16.9
2020-12-18,11422977.5445649,United States,desktop,2020-12-18 21:37:09.391835 UTC,2020-12-18 21:53:59.167075 UTC,16.82
2020-12-18,6574805.3436225,United States,desktop,2020-12-18 05:28:12.821910 UTC,2020-12-18 05:44:10.196606 UTC,15.95
2020-12-18,8365874158.65846,India,mobile,2020-12-18 00:40:53.095235 UTC,2020-12-18 00:55:39.116619 UTC,14.77
2020-12-18,79437846.7966348,India,mobile,2020-12-18 03:48:05.125642 UTC,2020-12-18 04:02:14.485941 UTC,14.15
2020-12-18,31434781.740174,United States,desktop,2020-12-18 02:25:55.035797 UTC,2020-12-18 02:38:51.101957 UTC,12.93
2020-12-18,73122682.2269869,Spain,desktop,2020-12-18 18:44:19.819306 UTC,2020-12-18 18:56:56.809925 UTC,12.6
2020-12-18,88252620.9272679,Canada,desktop,2020-12-18 22:05:18.249805 UTC,2020-12-18 22:17:26.841707 UTC,12.13
2020-12-18,34337826.8589907,Sweden,mobile,2020-12-18 05:39:06.054181 UTC,2020-12-18 05:51:12.880049 UTC,12.1
2020-12-18,79604591.5283536,Bulgaria,desktop,2020-12-18 10:37:46.682330 UTC,2020-12-18 10:49:31.786390 UTC,11.75
2020-12-18,31950543.1898138,United States,mobile,2020-12-18 23:15:21.445240 UTC,2020-12-18 23:26:52.495858 UTC,11.52
2020-12-18,22360539.8245478,United States,desktop,2020-12-18 12:37:32.498166 UTC,2020-12-18 12:49:00.815307 UTC,11.47
2020-12-18,34557263.4880284,Canada,desktop,2020-12-18 00:05:04.427160 UTC,2020-12-18 00:16:33.064040 UTC,11.47
2020-12-18,5604587.37550725,Canada,desktop,2020-12-18 14:38:09.243771 UTC,2020-12-18 14:49:29.250630 UTC,11.33
2020-12-18,4296769.03508987,United Arab Emirates,desktop,2020-12-18 12:19:27.554358 UTC,2020-12-18 12:29:25.405895 UTC,9.95
2020-12-18,7307316.03603522,Morocco,desktop,2020-12-18 23:04:09.265609 UTC,2020-12-18 23:13:15.648126 UTC,9.1
2020-12-18,5998553.83011325,South Korea,mobile,2020-12-18 16:22:01.333970 UTC,2020-12-18 16:30:44.921950 UTC,8.72
2020-12-18,61878973.9611156,Ireland,mobile,2020-12-18 09:36:33.108551 UTC,2020-12-18 09:45:14.655175 UTC,8.68
2020-12-18,34613058.0872685,Canada,desktop,2020-12-18 13:04:57.209505 UTC,2020-12-18 13:13:30.431558 UTC,8.55
2020-12-18,78130429.4925267,Italy,desktop,2020-12-18 19:44:38.018061 UTC,2020-12-18 19:52:57.551527 UTC,8.32
2020-12-18,67638750.902149,United States,mobile,2020-12-18 15:59:17.135446 UTC,2020-12-18 16:07:15.261898 UTC,7.97
2020-12-18,97950097.5837353,India,desktop,2020-12-18 03:14:19.922060 UTC,2020-12-18 03:22:06.716589 UTC,7.77
2020-12-18,2486666.72420353,Ukraine,mobile,2020-12-18 23:01:43.902375 UTC,2020-12-18 23:09:13.520925 UTC,7.48
2020-12-18,7295755.28370478,United States,desktop,2020-12-18 02:27:24.040658 UTC,2020-12-18 02:33:39.712031 UTC,6.25
2020-12-18,5885098.54008047,United States,desktop,2020-12-18 08:14:23.180585 UTC,2020-12-18 08:20:14.491051 UTC,5.85
2020-12-18,19216505.598968,United States,desktop,2020-12-18 10:00:52.259297 UTC,2020-12-18 10:06:11.113865 UTC,5.3
2020-12-18,7794073.99169562,United States,desktop,2020-12-18 19:05:09.733889 UTC,2020-12-18 19:10:28.697350 UTC,5.3
2020-12-18,53418806.5482216,Singapore,desktop,2020-12-18 10:45:03.035936 UTC,2020-12-18 10:50:10.217570 UTC,5.12
2020-12-18,2467672454.93294,India,mobile,2020-12-18 10:49:33.744751 UTC,2020-12-18 10:54:33.397525 UTC,4.98
2020-12-18,8339212.24658933,United States,mobile,2020-12-18 13:12:57.324884 UTC,2020-12-18 13:17:56.303498 UTC,4.97
2020-12-18,4186237.22687015,Japan,desktop,2020-12-18 13:59:57.072358 UTC,2020-12-18 14:03:33.229847 UTC,3.6
2020-12-18,9271679.7821879,United States,mobile,2020-12-18 06:19:37.213103 UTC,2020-12-18 06:23:13.401848 UTC,3.6
2020-12-18,6099877.81066326,United States,desktop,2020-12-18 00:00:06.719343 UTC,2020-12-18 00:03:15.273970 UTC,3.13
2020-12-18,40581241.9763166,Germany,desktop,2020-12-18 08:15:11.046196 UTC,2020-12-18 08:17:53.085287 UTC,2.7
2020-12-18,52691175.7181665,Germany,desktop,2020-12-18 19:33:05.916224 UTC,2020-12-18 19:35:33.031449 UTC,2.45
2020-12-18,30919230.3331476,India,desktop,2020-12-18 00:03:09.189003 UTC,2020-12-18 00:03:54.769069 UTC,0.75
2020-12-19,3702643.59208224,India,desktop,2020-12-19 09:19:45.120363 UTC,2020-12-19 20:55:20.606705 UTC,695.58
2020-12-19,63336637.2279943,Portugal,mobile,2020-12-19 07:20:53.641670 UTC,2020-12-19 15:01:11.567440 UTC,460.28
2020-12-19,75634947.6789263,India,desktop,2020-12-19 03:55:52.036904 UTC,2020-12-19 08:19:55.206334 UTC,264.05
2020-12-19,7171332.8572143,Sweden,mobile,2020-12-19 02:40:10.939970 UTC,2020-12-19 05:58:08.704061 UTC,197.95
2020-12-19,68478330.4276176,Australia,desktop,2020-12-19 09:59:33.949734 UTC,2020-12-19 13:14:40.044167 UTC,195.1
2020-12-19,8687815.28550894,Bangladesh,desktop,2020-12-19 00:16:55.235428 UTC,2020-12-19 03:21:06.695838 UTC,184.18
2020-12-19,52073744.5585474,Canada,desktop,2020-12-19 19:24:41.109356 UTC,2020-12-19 22:02:47.793510 UTC,158.1
2020-12-19,7985640.7516718,United States,desktop,2020-12-19 02:41:31.076961 UTC,2020-12-19 03:48:13.033101 UTC,66.68
2020-12-19,11945447.0918586,United States,desktop,2020-12-19 20:30:19.448041 UTC,2020-12-19 21:22:27.185626 UTC,52.12
2020-12-19,8536857.09207896,Italy,desktop,2020-12-19 06:25:19.512434 UTC,2020-12-19 07:16:22.982655 UTC,51.05
2020-12-19,75571709.1157982,United States,mobile,2020-12-19 22:16:57.337350 UTC,2020-12-19 23:05:27.254584 UTC,48.48
2020-12-19,86253338.5702333,Czechia,desktop,2020-12-19 00:08:00.035448 UTC,2020-12-19 00:54:45.206488 UTC,46.75
2020-12-19,1874599.7824854,Canada,mobile,2020-12-19 03:17:30.331968 UTC,2020-12-19 03:57:27.958223 UTC,39.95
2020-12-19,37493575.037602,India,desktop,2020-12-19 05:22:19.505891 UTC,2020-12-19 05:58:15.522194 UTC,35.93
2020-12-19,628363132.973751,United Kingdom,desktop,2020-12-19 00:07:23.349161 UTC,2020-12-19 00:39:10.306439 UTC,31.77
2020-12-19,15894992.4328529,United States,desktop,2020-12-19 18:14:23.433795 UTC,2020-12-19 18:45:23.204688 UTC,30.98
2020-12-19,48856615.534243,Hong Kong,desktop,2020-12-19 14:47:04.980925 UTC,2020-12-19 15:15:44.885819 UTC,28.65
2020-12-19,1583669.46699023,United Kingdom,desktop,2020-12-19 09:52:56.495067 UTC,2020-12-19 10:20:57.812484 UTC,28.02
2020-12-19,80017305.4643797,United Kingdom,mobile,2020-12-19 02:13:23.589970 UTC,2020-12-19 02:39:00.662804 UTC,25.62
2020-12-19,41179206.8501474,India,desktop,2020-12-19 00:04:34.767397 UTC,2020-12-19 00:28:41.295404 UTC,24.1
2020-12-19,6280831.33949299,United States,desktop,2020-12-19 14:26:24.138622 UTC,2020-12-19 14:48:50.168536 UTC,22.43
2020-12-19,39049984.4198737,United States,mobile,2020-12-19 09:42:34.507310 UTC,2020-12-19 10:03:43.071125 UTC,21.13
2020-12-19,54818265.6577214,Spain,mobile,2020-12-19 03:06:08.861747 UTC,2020-12-19 03:26:44.364724 UTC,20.58
2020-12-19,7087497059.2441,United States,desktop,2020-12-19 04:50:17.909647 UTC,2020-12-19 05:09:51.081450 UTC,19.55
2020-12-19,4228397.95604793,India,mobile,2020-12-19 15:44:10.759869 UTC,2020-12-19 16:00:12.755922 UTC,16.02
2020-12-19,70273900.3717271,United States,mobile,2020-12-19 21:41:08.749385 UTC,2020-12-19 21:55:38.581947 UTC,14.48
2020-12-19,4958191.34840194,Japan,desktop,2020-12-19 19:52:09.369634 UTC,2020-12-19 20:05:03.814373 UTC,12.9
2020-12-19,1859363.58057037,United Kingdom,mobile,2020-12-19 01:25:49.128681 UTC,2020-12-19 01:38:40.649787 UTC,12.85
2020-12-19,22941144.016628,United States,mobile,2020-12-19 16:17:35.233206 UTC,2020-12-19 16:30:19.620849 UTC,12.73
2020-12-19,14490611.1661326,Taiwan,mobile,2020-12-19 03:32:26.121975 UTC,2020-12-19 03:43:32.790616 UTC,11.1
2020-12-19,4048182.4740766,Canada,mobile,2020-12-19 13:36:12.298222 UTC,2020-12-19 13:47:06.615115 UTC,10.9
2020-12-19,55931358.6296383,Canada,mobile,2020-12-19 14:14:05.869679 UTC,2020-12-19 14:24:43.023970 UTC,10.62
2020-12-19,47809082.2700865,Poland,desktop,2020-12-19 01:46:48.554415 UTC,2020-12-19 01:56:16.224833 UTC,9.45
2020-12-19,2402576.20756534,Brazil,desktop,2020-12-19 19:20:49.276208 UTC,2020-12-19 19:29:56.244206 UTC,9.1
2020-12-19,84534898.7989426,United States,desktop,2020-12-19 00:20:50.658513 UTC,2020-12-19 00:29:27.027164 UTC,8.6
2020-12-19,1972984.67074843,China,desktop,2020-12-19 02:04:54.390387 UTC,2020-12-19 02:13:22.216274 UTC,8.45
2020-12-19,90269155.5005493,Italy,desktop,2020-12-19 19:59:31.051058 UTC,2020-12-19 20:06:13.634427 UTC,6.7
2020-12-19,7418203637.95462,Australia,mobile,2020-12-19 11:11:35.207945 UTC,2020-12-19 11:17:18.765769 UTC,5.72
2020-12-19,5983009.71191365,United States,mobile,2020-12-19 03:13:18.497305 UTC,2020-12-19 03:18:25.113344 UTC,5.1
2020-12-19,5373799.6097004,China,mobile,2020-12-19 06:14:47.183321 UTC,2020-12-19 06:17:16.915903 UTC,2.48
2020-12-20,70890906.1784265,United Kingdom,mobile,2020-12-20 02:55:04.188632 UTC,2020-12-20 22:25:16.580400 UTC,1170.2
2020-12-20,42281226.0048478,United States,mobile,2020-12-20 12:39:53.434049 UTC,2020-12-20 13:59:21.167681 UTC,79.45
2020-12-20,5117578.46678117,Netherlands,desktop,2020-12-20 09:42:32.022798 UTC,2020-12-20 10:49:12.960344 UTC,66.67
2020-12-20,8563672023.44702,India,mobile,2020-12-20 09:23:40.763665 UTC,2020-12-20 10:24:05.335882 UTC,60.4
2020-12-20,73427198.75379,United States,desktop,2020-12-20 15:45:06.398030 UTC,2020-12-20 16:22:47.251863 UTC,37.67
2020-12-20,69259915.5506299,United States,mobile,2020-12-20 15:25:59.537569 UTC,2020-12-20 15:49:30.221605 UTC,23.5
2020-12-20,3359780.01517043,United States,desktop,2020-12-20 00:00:21.514475 UTC,2020-12-20 00:18:37.934222 UTC,18.27
2020-12-20,36259188.4271466,United States,mobile,2020-12-20 07:51:47.536209 UTC,2020-12-20 08:10:04.390192 UTC,18.27
2020-12-20,5079875.28141815,United States,desktop,2020-12-20 09:48:03.351713 UTC,2020-12-20 10:01:09.899341 UTC,13.1
2020-12-20,83122453.5394732,United States,desktop,2020-12-20 18:24:55.138759 UTC,2020-12-20 18:37:54.164694 UTC,12.98
2020-12-20,68075284.5240293,United States,desktop,2020-12-20 03:40:01.612914 UTC,2020-12-20 03:52:36.856885 UTC,12.58
2020-12-20,58454116.2497862,India,desktop,2020-12-20 05:15:49.311193 UTC,2020-12-20 05:26:33.614806 UTC,10.73
2020-12-20,1513222.15423922,Kuwait,desktop,2020-12-20 16:50:25.987474 UTC,2020-12-20 17:00:15.150015 UTC,9.82
2020-12-20,62921407.7385261,Germany,desktop,2020-12-20 18:07:41.517720 UTC,2020-12-20 18:15:15.302082 UTC,7.55
2020-12-20,57655144.7573784,United Kingdom,desktop,2020-12-20 04:53:27.750237 UTC,2020-12-20 05:00:35.461534 UTC,7.12
2020-12-20,3462101.13202457,Mexico,desktop,2020-12-20 06:38:09.515510 UTC,2020-12-20 06:44:14.715158 UTC,6.08
2020-12-20,4231129.59131646,Canada,mobile,2020-12-20 00:18:38.310992 UTC,2020-12-20 00:23:55.343259 UTC,5.28
2020-12-20,5736532689.12808,United States,mobile,2020-12-20 14:37:20.583145 UTC,2020-12-20 14:42:31.957326 UTC,5.18
2020-12-20,41668828.393459,United States,mobile,2020-12-20 10:48:28.832595 UTC,2020-12-20 10:52:34.965510 UTC,4.1
2020-12-21,6507726.89178939,United States,mobile,2020-12-21 01:38:38.843778 UTC,2020-12-21 21:32:18.997096 UTC,1193.67
2020-12-21,83712753.2730874,Austria,tablet,2020-12-21 07:52:10.189667 UTC,2020-12-21 16:23:06.011903 UTC,510.92
2020-12-21,67934362.7951436,United States,desktop,2020-12-21 13:19:06.455423 UTC,2020-12-21 18:11:41.508451 UTC,292.58
2020-12-21,1033085.69170881,Netherlands,desktop,2020-12-21 11:44:22.424718 UTC,2020-12-21 16:00:44.743693 UTC,256.37
2020-12-21,79174534.4918543,United States,desktop,2020-12-21 09:38:21.142554 UTC,2020-12-21 13:14:50.889783 UTC,216.48
2020-12-21,1016446.82378876,United States,tablet,2020-12-21 09:27:19.639574 UTC,2020-12-21 11:33:37.964725 UTC,126.3
2020-12-21,2994751.65801896,Iraq,desktop,2020-12-21 01:28:52.437502 UTC,2020-12-21 03:20:16.198630 UTC,111.38
2020-12-21,21904266.4182981,United States,desktop,2020-12-21 21:33:00.966978 UTC,2020-12-21 23:10:21.376176 UTC,97.33
2020-12-21,32439085.2055424,Netherlands,tablet,2020-12-21 16:38:04.418611 UTC,2020-12-21 18:00:08.484759 UTC,82.07
2020-12-21,26519562.2001786,Japan,desktop,2020-12-21 14:03:46.287492 UTC,2020-12-21 15:12:21.014670 UTC,68.57
2020-12-21,8452311.36817657,India,desktop,2020-12-21 21:09:01.446941 UTC,2020-12-21 22:11:26.605488 UTC,62.42
2020-12-21,43084392.6309586,United States,mobile,2020-12-21 10:03:13.307833 UTC,2020-12-21 11:04:07.622702 UTC,60.9
2020-12-21,7659570.59399908,China,desktop,2020-12-21 01:41:17.344385 UTC,2020-12-21 02:28:06.812431 UTC,46.82
2020-12-21,64740644.1898496,India,desktop,2020-12-21 19:02:49.731287 UTC,2020-12-21 19:48:56.163182 UTC,46.1
2020-12-21,77005687.4514013,Singapore,mobile,2020-12-21 22:21:50.513471 UTC,2020-12-21 22:52:47.050062 UTC,30.93
2020-12-21,85265536.4138277,United States,mobile,2020-12-21 07:09:45.784299 UTC,2020-12-21 07:39:49.894830 UTC,30.07
2020-12-21,27150223.0167628,Indonesia,mobile,2020-12-21 16:03:24.861723 UTC,2020-12-21 16:33:02.612814 UTC,29.62
2020-12-21,5298595.38243161,Algeria,desktop,2020-12-21 05:06:52.495968 UTC,2020-12-21 05:36:18.742354 UTC,29.43
2020-12-21,3398852635.94286,India,desktop,2020-12-21 22:09:47.897354 UTC,2020-12-21 22:34:51.575345 UTC,25.05
2020-12-21,31743724.0178994,France,mobile,2020-12-21 08:52:20.818883 UTC,2020-12-21 09:17:03.558510 UTC,24.7
2020-12-21,13846928.7700463,France,desktop,2020-12-21 10:10:04.637826 UTC,2020-12-21 10:34:30.572608 UTC,24.42
2020-12-21,9123305447.70236,Malaysia,mobile,2020-12-21 16:48:56.749065 UTC,2020-12-21 17:10:26.804837 UTC,21.5
2020-12-21,2357729.73378955,United States,desktop,2020-12-21 00:40:02.834057 UTC,2020-12-21 00:59:56.878869 UTC,19.9
2020-12-21,2167403.79064562,Germany,desktop,2020-12-21 06:30:01.995127 UTC,2020-12-21 06:47:52.703296 UTC,17.83
2020-12-21,2345933.94272235,United States,mobile,2020-12-21 16:40:25.120324 UTC,2020-12-21 16:58:04.616380 UTC,17.65
2020-12-21,88839607.3955437,Canada,desktop,2020-12-21 13:39:48.397636 UTC,2020-12-21 13:56:19.569169 UTC,16.52
2020-12-21,41170608.3749741,United States,mobile,2020-12-21 15:55:02.044382 UTC,2020-12-21 16:11:21.670177 UTC,16.32
2020-12-21,56136935.4839413,Germany,desktop,2020-12-21 23:31:53.547131 UTC,2020-12-21 23:46:49.380049 UTC,14.92
2020-12-21,7688722.67068298,United States,mobile,2020-12-21 08:33:46.430597 UTC,2020-12-21 08:48:05.131691 UTC,14.3
2020-12-21,59568325.073481,United States,desktop,2020-12-21 07:21:20.123298 UTC,2020-12-21 07:35:33.430669 UTC,14.22
2020-12-21,3041494.09083538,United States,desktop,2020-12-21 12:08:18.823070 UTC,2020-12-21 12:22:13.516698 UTC,13.9
2020-12-21,1431530072.29961,Japan,mobile,2020-12-21 06:42:32.932029 UTC,2020-12-21 06:54:35.138276 UTC,12.03
2020-12-21,66981107.6275848,United States,mobile,2020-12-21 05:39:05.670142 UTC,2020-12-21 05:50:30.149815 UTC,11.4
2020-12-21,5875619.58904949,United States,desktop,2020-12-21 17:08:49.960167 UTC,2020-12-21 17:20:06.828612 UTC,11.27
2020-12-21,43491287.804865,United Kingdom,mobile,2020-12-21 14:54:05.096573 UTC,2020-12-21 15:04:42.664026 UTC,10.62
2020-12-21,8032580.99924431,Portugal,desktop,2020-12-21 12:40:25.173224 UTC,2020-12-21 12:50:22.831257 UTC,9.95
2020-12-21,7070291.47759847,Australia,desktop,2020-12-21 23:27:41.154318 UTC,2020-12-21 23:36:18.928587 UTC,8.62
2020-12-21,3701512.79215038,Canada,desktop,2020-12-21 00:44:06.346809 UTC,2020-12-21 00:52:29.647399 UTC,8.38
2020-12-21,46714149.5501637,Turkey,desktop,2020-12-21 13:34:57.800389 UTC,2020-12-21 13:43:15.520093 UTC,8.28
2020-12-21,7634543.7021985,United States,desktop,2020-12-21 00:13:03.492347 UTC,2020-12-21 00:21:15.877450 UTC,8.2
2020-12-21,4186566475.60495,United States,desktop,2020-12-21 21:46:27.016034 UTC,2020-12-21 21:53:15.694767 UTC,6.8
2020-12-21,73111349.9152668,United States,desktop,2020-12-21 22:08:51.824260 UTC,2020-12-21 22:15:10.423581 UTC,6.3
2020-12-21,40499246.5701945,Canada,desktop,2020-12-21 16:18:17.478176 UTC,2020-12-21 16:23:46.294815 UTC,5.47
2020-12-21,65484697.9961257,Spain,mobile,2020-12-21 22:41:24.188116 UTC,2020-12-21 22:46:47.652540 UTC,5.38
2020-12-21,5044121.95709283,Canada,mobile,2020-12-21 21:33:14.500255 UTC,2020-12-21 21:38:26.424853 UTC,5.18
2020-12-21,6726337.66752675,Canada,tablet,2020-12-21 11:54:53.969203 UTC,2020-12-21 12:00:03.682815 UTC,5.15
2020-12-21,8074234.75701945,United States,mobile,2020-12-21 20:41:40.480652 UTC,2020-12-21 20:46:46.505751 UTC,5.1
2020-12-21,32154989.6806202,United States,desktop,2020-12-21 14:25:55.810918 UTC,2020-12-21 14:28:44.685636 UTC,2.8
2020-12-22,38940697.0285959,Canada,desktop,2020-12-22 06:22:37.828621 UTC,2020-12-22 23:36:50.988063 UTC,1034.22
2020-12-22,81182117.7869823,United States,mobile,2020-12-22 05:15:54.829543 UTC,2020-12-22 22:17:02.286679 UTC,1021.12
2020-12-22,26486289.7514037,United States,desktop,2020-12-22 05:27:02.744810 UTC,2020-12-22 10:58:01.129834 UTC,330.97
2020-12-22,5290414.17179035,Hong Kong,desktop,2020-12-22 11:28:26.362201 UTC,2020-12-22 16:26:05.942366 UTC,297.65
2020-12-22,1735740.03627286,Austria,desktop,2020-12-22 01:46:29.896467 UTC,2020-12-22 06:34:17.241557 UTC,287.78
2020-12-22,3232772.89000177,Italy,mobile,2020-12-22 03:25:37.299607 UTC,2020-12-22 05:22:56.548387 UTC,117.32
2020-12-22,4598956.20909068,United States,mobile,2020-12-22 09:36:42.297617 UTC,2020-12-22 10:55:27.522648 UTC,78.75
2020-12-22,78106766.0535705,United States,desktop,2020-12-22 04:58:40.014467 UTC,2020-12-22 06:08:19.108565 UTC,69.65
2020-12-22,36156512.6793363,Denmark,mobile,2020-12-22 12:21:55.515564 UTC,2020-12-22 13:20:14.304346 UTC,58.3
2020-12-22,31890386.5353531,Albania,mobile,2020-12-22 08:38:45.397821 UTC,2020-12-22 09:25:13.246624 UTC,46.45
2020-12-22,1056498.5939985,India,desktop,2020-12-22 09:08:34.622913 UTC,2020-12-22 09:52:06.692703 UTC,43.53
2020-12-22,66003152.629359,New Zealand,desktop,2020-12-22 01:32:20.115798 UTC,2020-12-22 02:12:03.286993 UTC,39.72
2020-12-22,5311007.56698934,United States,mobile,2020-12-22 03:17:58.552179 UTC,2020-12-22 03:55:11.220313 UTC,37.2
2020-12-22,6095713.45386267,Italy,mobile,2020-12-22 05:00:46.988039 UTC,2020-12-22 05:35:41.839569 UTC,34.9
2020-12-22,54901301.9847897,Canada,desktop,2020-12-22 07:50:49.203230 UTC,2020-12-22 08:25:27.794930 UTC,34.63
2020-12-22,44227277.9722264,Canada,desktop,2020-12-22 01:18:46.513098 UTC,2020-12-22 01:51:28.905830 UTC,32.7
2020-12-22,5240053.02560892,United Kingdom,desktop,2020-12-22 06:29:58.130697 UTC,2020-12-22 07:01:04.309491 UTC,31.1
2020-12-22,84232431.7456081,Canada,desktop,2020-12-22 01:54:49.108916 UTC,2020-12-22 02:23:57.235503 UTC,29.13
2020-12-22,7311472.76246927,United States,desktop,2020-12-22 04:31:35.135913 UTC,2020-12-22 04:58:47.040150 UTC,27.18
2020-12-22,9029010.80492849,United Kingdom,mobile,2020-12-22 06:35:52.809899 UTC,2020-12-22 07:00:28.544602 UTC,24.58
2020-12-22,7403204.32649578,United Kingdom,mobile,2020-12-22 14:26:00.314346 UTC,2020-12-22 14:49:46.779864 UTC,23.77
2020-12-22,61993137.26875,Dominican Republic,desktop,2020-12-22 16:02:54.364113 UTC,2020-12-22 16:26:17.229382 UTC,23.37
2020-12-22,3291666.21856979,India,desktop,2020-12-22 13:27:35.582773 UTC,2020-12-22 13:50:37.305070 UTC,23.02
2020-12-22,3414474.37394409,United Kingdom,desktop,2020-12-22 21:55:50.926653 UTC,2020-12-22 22:18:00.725022 UTC,22.15
2020-12-22,47832970.6690268,India,desktop,2020-12-22 19:09:59.902303 UTC,2020-12-22 19:31:55.774426 UTC,21.92
2020-12-22,6295459.53145111,Indonesia,mobile,2020-12-22 06:45:59.836143 UTC,2020-12-22 07:04:34.380314 UTC,18.57
2020-12-22,3096891.27533435,China,desktop,2020-12-22 14:34:45.674219 UTC,2020-12-22 14:53:09.245051 UTC,18.38
2020-12-22,55676797.5021268,United States,desktop,2020-12-22 02:27:27.950591 UTC,2020-12-22 02:44:18.057174 UTC,16.83
2020-12-22,20037471.8988089,Brazil,mobile,2020-12-22 07:10:50.846568 UTC,2020-12-22 07:27:33.463517 UTC,16.7
2020-12-22,65476879.2983809,United States,mobile,2020-12-22 08:00:44.925435 UTC,2020-12-22 08:15:59.284188 UTC,15.23
2020-12-22,8726025.77122892,United States,desktop,2020-12-22 00:30:58.653111 UTC,2020-12-22 00:44:59.479103 UTC,14.0
2020-12-22,7687174.77644547,United States,desktop,2020-12-22 04:02:00.675521 UTC,2020-12-22 04:15:51.515749 UTC,13.83
2020-12-22,28284205.9810024,Egypt,desktop,2020-12-22 06:36:43.248928 UTC,2020-12-22 06:50:15.881525 UTC,13.53
2020-12-22,81894085.3422774,United States,desktop,2020-12-22 11:12:06.818379 UTC,2020-12-22 11:25:15.212012 UTC,13.13
2020-12-22,7132358.6228292,Thailand,desktop,2020-12-22 08:06:07.020916 UTC,2020-12-22 08:18:57.875188 UTC,12.83
2020-12-22,17600486.2275967,China,tablet,2020-12-22 06:20:14.675350 UTC,2020-12-22 06:32:44.851843 UTC,12.5
2020-12-22,7625514.55685121,United States,desktop,2020-12-22 03:23:31.544791 UTC,2020-12-22 03:34:35.624056 UTC,11.07
2020-12-22,32150941.2960979,Portugal,mobile,2020-12-22 11:18:48.732491 UTC,2020-12-22 11:29:51.249702 UTC,11.03
2020-12-22,90389075.6135376,United States,mobile,2020-12-22 19:43:52.262745 UTC,2020-12-22 19:54:49.106764 UTC,10.93
2020-12-22,4730992.87224078,United States,mobile,2020-12-22 00:01:35.986477 UTC,2020-12-22 00:12:31.668239 UTC,10.92
2020-12-22,54416199.2185558,United Kingdom,desktop,2020-12-22 14:58:57.658540 UTC,2020-12-22 15:09:29.914076 UTC,10.53
2020-12-22,8269107.53128432,Singapore,desktop,2020-12-22 03:49:01.515159 UTC,2020-12-22 03:58:30.479398 UTC,9.47
2020-12-22,1605564.21717784,Italy,mobile,2020-12-22 18:57:47.043053 UTC,2020-12-22 19:06:47.753325 UTC,9.0
2020-12-22,49948590.1657747,Germany,mobile,2020-12-22 01:39:46.847702 UTC,2020-12-22 01:48:29.224249 UTC,8.7
2020-12-22,7351481.88730531,United States,mobile,2020-12-22 10:22:51.928578 UTC,2020-12-22 10:31:30.738926 UTC,8.63
2020-12-22,4396894.61127815,Serbia,desktop,2020-12-22 13:54:34.115892 UTC,2020-12-22 14:03:01.767974 UTC,8.45
2020-12-22,1532532525.02573,United States,desktop,2020-12-22 00:03:54.942232 UTC,2020-12-22 00:11:26.575093 UTC,7.52
2020-12-22,25558125.8475774,United States,mobile,2020-12-22 06:08:51.705313 UTC,2020-12-22 06:16:03.094175 UTC,7.18
2020-12-22,38693124.8629644,India,desktop,2020-12-22 19:01:24.405024 UTC,2020-12-22 19:08:33.384733 UTC,7.13
2020-12-22,12289461.3486454,United Kingdom,desktop,2020-12-22 12:12:47.924468 UTC,2020-12-22 12:19:17.549150 UTC,6.48
2020-12-22,6964077.22200931,United States,desktop,2020-12-22 07:20:12.762622 UTC,2020-12-22 07:26:07.207220 UTC,5.9
2020-12-22,86522586.9268325,United States,mobile,2020-12-22 18:56:29.456413 UTC,2020-12-22 19:01:48.654381 UTC,5.32
2020-12-22,81316650.3622535,United States,mobile,2020-12-22 06:35:39.189795 UTC,2020-12-22 06:39:33.175712 UTC,3.88
2020-12-22,44316604.1189096,United States,mobile,2020-12-22 05:37:37.482473 UTC,2020-12-22 05:40:39.319059 UTC,3.02
2020-12-22,9067917.44677374,Taiwan,desktop,2020-12-22 07:45:24.170884 UTC,2020-12-22 07:48:20.093514 UTC,2.92
2020-12-22,7774428.30178183,United States,mobile,2020-12-22 01:06:22.882370 UTC,2020-12-22 01:09:12.042468 UTC,2.82
2020-12-23,8822878673.49749,Poland,desktop,2020-12-23 10:22:20.204691 UTC,2020-12-23 22:16:39.989457 UTC,714.32
2020-12-23,34820749.5627527,India,mobile,2020-12-23 13:52:44.576086 UTC,2020-12-23 19:14:58.739824 UTC,322.23
2020-12-23,8094052.10033179,United States,desktop,2020-12-23 15:17:20.548190 UTC,2020-12-23 18:58:56.362996 UTC,221.58
2020-12-23,5590716.679191,Colombia,mobile,2020-12-23 00:21:32.835718 UTC,2020-12-23 03:36:27.683820 UTC,194.9
2020-12-23,58442179.071502,United States,desktop,2020-12-23 16:24:03.536092 UTC,2020-12-23 19:34:34.076451 UTC,190.5
2020-12-23,26171153.2712091,United States,mobile,2020-12-23 00:40:37.063252 UTC,2020-12-23 03:33:26.077237 UTC,172.82
2020-12-23,6690432.34452657,India,mobile,2020-12-23 20:24:13.491425 UTC,2020-12-23 22:54:55.096544 UTC,150.68
2020-12-23,62972640.181791,India,mobile,2020-12-23 10:46:11.489492 UTC,2020-12-23 12:12:29.435360 UTC,86.28
2020-12-23,5379051.42175968,Pakistan,mobile,2020-12-23 04:49:17.257754 UTC,2020-12-23 06:05:46.317592 UTC,76.48
2020-12-23,2304744.21187752,United States,mobile,2020-12-23 09:20:34.793403 UTC,2020-12-23 10:26:59.689652 UTC,66.4
2020-12-23,11276007.4623855,United States,mobile,2020-12-23 13:10:08.273271 UTC,2020-12-23 14:15:14.745142 UTC,65.1
2020-12-23,92228801.7371633,Colombia,mobile,2020-12-23 18:24:34.575994 UTC,2020-12-23 19:18:53.176915 UTC,54.3
2020-12-23,91266894.2688451,United States,mobile,2020-12-23 06:11:04.608607 UTC,2020-12-23 07:03:47.033405 UTC,52.7
2020-12-23,3430324.08370672,United States,desktop,2020-12-23 05:39:32.436156 UTC,2020-12-23 06:30:20.333512 UTC,50.78
2020-12-23,36423903.0766482,United States,mobile,2020-12-23 02:32:46.697618 UTC,2020-12-23 03:20:54.158911 UTC,48.12
2020-12-23,20718298.6808598,United States,desktop,2020-12-23 11:32:01.912090 UTC,2020-12-23 12:10:50.370140 UTC,38.8
2020-12-23,31430869.902896,Canada,mobile,2020-12-23 08:03:08.185120 UTC,2020-12-23 08:41:18.522011 UTC,38.17
2020-12-23,11903760.9274306,United States,mobile,2020-12-23 21:43:46.440934 UTC,2020-12-23 22:18:46.228357 UTC,34.98
2020-12-23,71773191.3267798,India,desktop,2020-12-23 10:27:17.448072 UTC,2020-12-23 10:58:43.181845 UTC,31.42
2020-12-23,3577806.25785876,United States,mobile,2020-12-23 09:15:01.311511 UTC,2020-12-23 09:45:30.179262 UTC,30.47
2020-12-23,7450806.92781399,Canada,mobile,2020-12-23 01:16:54.942881 UTC,2020-12-23 01:46:30.461532 UTC,29.58
2020-12-23,57481596.7184472,India,mobile,2020-12-23 12:32:16.143956 UTC,2020-12-23 13:01:26.047453 UTC,29.15
2020-12-23,65308915.4516936,Switzerland,desktop,2020-12-23 20:59:38.899027 UTC,2020-12-23 21:28:38.437236 UTC,28.98
2020-12-23,88356029.8584657,Canada,mobile,2020-12-23 01:59:12.789718 UTC,2020-12-23 02:25:47.780724 UTC,26.57
2020-12-23,31844096.5499743,Switzerland,desktop,2020-12-23 05:54:39.127175 UTC,2020-12-23 06:18:56.062802 UTC,24.27
2020-12-23,70008639.1042474,South Korea,mobile,2020-12-23 00:04:31.984565 UTC,2020-12-23 00:27:26.760017 UTC,22.9
2020-12-23,79568568.3792342,United States,mobile,2020-12-23 13:51:54.310543 UTC,2020-12-23 14:13:31.929388 UTC,21.62
2020-12-23,86349088.9137602,India,desktop,2020-12-23 22:04:41.701853 UTC,2020-12-23 22:24:25.430653 UTC,19.72
2020-12-23,7483078.10768586,Malaysia,desktop,2020-12-23 16:02:53.051380 UTC,2020-12-23 16:20:45.209989 UTC,17.87
2020-12-23,8848313.66907012,United States,desktop,2020-12-23 02:53:14.821912 UTC,2020-12-23 03:09:59.276914 UTC,16.73
2020-12-23,8321530.67822202,Spain,desktop,2020-12-23 21:59:40.198149 UTC,2020-12-23 22:16:16.991349 UTC,16.6
2020-12-23,29930506.5218532,United States,desktop,2020-12-23 19:54:48.954448 UTC,2020-12-23 20:11:18.415832 UTC,16.48
2020-12-23,28905204.2373409,United States,mobile,2020-12-23 04:32:28.736256 UTC,2020-12-23 04:48:08.845999 UTC,15.67
2020-12-23,52894872.0536016,United States,mobile,2020-12-23 00:21:41.909767 UTC,2020-12-23 00:36:25.998613 UTC,14.73
2020-12-23,5969626.22257729,India,mobile,2020-12-23 09:31:54.006982 UTC,2020-12-23 09:46:36.086761 UTC,14.7
2020-12-23,62166305.841428,United States,mobile,2020-12-23 21:53:35.461287 UTC,2020-12-23 22:07:09.410911 UTC,13.55
2020-12-23,2418457.62648054,United States,desktop,2020-12-23 05:50:10.858039 UTC,2020-12-23 06:02:37.187994 UTC,12.43
2020-12-23,13106788.7513677,United States,mobile,2020-12-23 19:29:41.258229 UTC,2020-12-23 19:41:11.823638 UTC,11.5
2020-12-23,6314967.87721733,Nigeria,desktop,2020-12-23 07:54:05.813338 UTC,2020-12-23 08:05:06.809000 UTC,11.0
2020-12-23,39900664.0026836,United States,desktop,2020-12-23 08:53:32.372170 UTC,2020-12-23 09:03:42.377039 UTC,10.17
2020-12-23,4997326.4756259,Spain,mobile,2020-12-23 00:33:22.434917 UTC,2020-12-23 00:43:11.575461 UTC,9.82
2020-12-23,1669048.734889,Japan,mobile,2020-12-23 11:44:39.624956 UTC,2020-12-23 11:53:13.429071 UTC,8.55
2020-12-23,45496216.9206092,United Kingdom,desktop,2020-12-23 07:13:09.891717 UTC,2020-12-23 07:20:59.690223 UTC,7.82
2020-12-23,34715004.0442654,Canada,desktop,2020-12-23 18:55:35.578567 UTC,2020-12-23 19:03:22.094213 UTC,7.77
2020-12-23,89509806.8702117,United States,mobile,2020-12-23 04:14:57.019773 UTC,2020-12-23 04:22:41.139164 UTC,7.73
2020-12-23,40810614.6993876,Canada,desktop,2020-12-23 12:29:24.219403 UTC,2020-12-23 12:36:35.986453 UTC,7.18
2020-12-23,77464034.6750925,Denmark,desktop,2020-12-23 16:23:39.113364 UTC,2020-12-23 16:30:47.600167 UTC,7.13
2020-12-23,1685178.06703361,United States,mobile,2020-12-23 17:22:18.069758 UTC,2020-12-23 17:28:24.909009 UTC,6.1
2020-12-23,4707239.10084321,Netherlands,desktop,2020-12-23 06:15:08.147333 UTC,2020-12-23 06:20:50.093714 UTC,5.68
2020-12-23,90591201.2047859,Brazil,desktop,2020-12-23 02:43:28.860682 UTC,2020-12-23 02:48:55.203230 UTC,5.43
2020-12-23,42140555.7829005,India,desktop,2020-12-23 04:45:07.648296 UTC,2020-12-23 04:50:25.395837 UTC,5.28
2020-12-23,1245203.12054107,India,desktop,2020-12-23 06:54:49.028050 UTC,2020-12-23 07:00:06.569294 UTC,5.28
2020-12-23,71563215.6886463,Japan,desktop,2020-12-23 04:46:34.910605 UTC,2020-12-23 04:50:52.183302 UTC,4.28
2020-12-24,8214299.20305216,United States,desktop,2020-12-24 02:53:44.592043 UTC,2020-12-24 17:38:21.452514 UTC,884.6
2020-12-24,4894078.61666735,Saudi Arabia,desktop,2020-12-24 11:26:49.758131 UTC,2020-12-24 16:54:54.211418 UTC,328.07
2020-12-24,12910142.0755638,(not set),desktop,2020-12-24 03:18:43.958212 UTC,2020-12-24 07:21:05.755196 UTC,242.35
2020-12-24,71887902.6884854,Canada,mobile,2020-12-24 05:07:04.132309 UTC,2020-12-24 08:39:32.779549 UTC,212.47
2020-12-24,1655781.01317173,United States,mobile,2020-12-24 19:38:21.780792 UTC,2020-12-24 21:00:07.069755 UTC,81.75
2020-12-24,1811862.95274009,United States,tablet,2020-12-24 03:37:51.639413 UTC,2020-12-24 04:28:26.944407 UTC,50.58
2020-12-24,5157888.7472869,United States,desktop,2020-12-24 16:28:55.550114 UTC,2020-12-24 17:12:01.183855 UTC,43.08
2020-12-24,61926936.5478907,North Macedonia,desktop,2020-12-24 17:18:06.318227 UTC,2020-12-24 17:51:36.442304 UTC,33.5
2020-12-24,18574166.5670947,Australia,desktop,2020-12-24 17:09:27.570064 UTC,2020-12-24 17:38:33.828725 UTC,29.1
2020-12-24,72350469.797454,United States,desktop,2020-12-24 19:14:26.919214 UTC,2020-12-24 19:37:55.914807 UTC,23.47
2020-12-24,2644910.8341124,United States,mobile,2020-12-24 14:17:50.775771 UTC,2020-12-24 14:40:53.831792 UTC,23.05
2020-12-24,7989341.00971916,Canada,desktop,2020-12-24 09:56:55.688048 UTC,2020-12-24 10:17:52.606130 UTC,20.93
2020-12-24,91179760.4838146,Colombia,mobile,2020-12-24 22:45:45.949039 UTC,2020-12-24 23:05:01.850054 UTC,19.25
2020-12-24,84505235.3811031,Canada,mobile,2020-12-24 05:44:03.721748 UTC,2020-12-24 06:01:25.968676 UTC,17.37
2020-12-24,9191614969.95866,Chile,desktop,2020-12-24 08:56:38.175874 UTC,2020-12-24 09:10:13.651676 UTC,13.58
2020-12-24,23329127.3308417,United States,desktop,2020-12-24 19:58:41.124921 UTC,2020-12-24 20:11:24.671385 UTC,12.72
2020-12-24,8729822.75268383,United States,mobile,2020-12-24 20:14:10.899383 UTC,2020-12-24 20:26:48.260902 UTC,12.62
2020-12-24,2232278.43005124,United States,tablet,2020-12-24 00:39:47.059231 UTC,2020-12-24 00:49:47.964665 UTC,10.0
2020-12-24,21683663.4440188,India,desktop,2020-12-24 02:26:13.162609 UTC,2020-12-24 02:34:12.260016 UTC,7.98
2020-12-24,59628020.4516096,India,mobile,2020-12-24 04:47:07.174755 UTC,2020-12-24 04:53:38.682034 UTC,6.52
2020-12-24,13756133.7762491,United States,mobile,2020-12-24 01:20:24.278762 UTC,2020-12-24 01:25:24.199558 UTC,4.98
2020-12-24,50168082.8967124,United States,mobile,2020-12-24 09:04:08.158422 UTC,2020-12-24 09:06:34.877596 UTC,2.43
2020-12-25,5706715.68521838,Brazil,mobile,2020-12-25 03:56:41.883871 UTC,2020-12-25 15:04:15.336170 UTC,667.55
2020-12-25,8992749.58679869,United States,mobile,2020-12-25 14:34:35.403565 UTC,2020-12-25 22:03:59.749560 UTC,449.4
2020-12-25,40059472.623145,Paraguay,mobile,2020-12-25 13:38:45.849379 UTC,2020-12-25 14:08:33.725567 UTC,29.78
2020-12-25,45048252.2420963,United States,desktop,2020-12-25 03:23:15.830133 UTC,2020-12-25 03:43:31.742420 UTC,20.25
2020-12-25,17494077.2658372,France,mobile,2020-12-25 17:13:36.761914 UTC,2020-12-25 17:32:58.316216 UTC,19.35
2020-12-25,3055730.79154387,United States,desktop,2020-12-25 13:16:55.691683 UTC,2020-12-25 13:34:50.799806 UTC,17.92
2020-12-25,2935483.48092965,India,mobile,2020-12-25 01:15:00.482710 UTC,2020-12-25 01:31:37.121393 UTC,16.6
2020-12-25,7989341.00971916,Canada,desktop,2020-12-25 11:38:58.814058 UTC,2020-12-25 11:54:30.210557 UTC,15.52
2020-12-25,19228473.0788389,United States,mobile,2020-12-25 15:31:22.479740 UTC,2020-12-25 15:45:53.978722 UTC,14.52
2020-12-25,3808964.88309189,United States,mobile,2020-12-25 13:08:21.913898 UTC,2020-12-25 13:20:44.628640 UTC,12.37
2020-12-25,12213703.3562085,United States,desktop,2020-12-25 02:53:27.880024 UTC,2020-12-25 03:05:23.881727 UTC,11.93
2020-12-25,40980474.3890528,Denmark,desktop,2020-12-25 12:51:39.139899 UTC,2020-12-25 13:03:31.464180 UTC,11.87
2020-12-25,87577432.8152098,United States,mobile,2020-12-25 05:25:31.235267 UTC,2020-12-25 05:37:08.306870 UTC,11.62
2020-12-25,6918448.41861802,Canada,mobile,2020-12-25 15:13:23.021830 UTC,2020-12-25 15:22:22.900932 UTC,8.98
2020-12-25,4977139.88043664,Turkey,desktop,2020-12-25 19:24:43.866155 UTC,2020-12-25 19:33:22.650517 UTC,8.63
2020-12-25,6959133.07965294,United States,mobile,2020-12-25 05:55:46.502205 UTC,2020-12-25 06:02:34.947385 UTC,6.8
2020-12-25,2876583.55684775,Taiwan,desktop,2020-12-25 09:26:03.106162 UTC,2020-12-25 09:32:46.442281 UTC,6.72
2020-12-26,6135662.08537378,Colombia,mobile,2020-12-26 08:45:20.767756 UTC,2020-12-26 11:43:20.260548 UTC,177.98
2020-12-26,87035146.0717707,India,mobile,2020-12-26 08:04:27.177531 UTC,2020-12-26 10:57:56.895643 UTC,173.48
2020-12-26,29759315.832098,Italy,mobile,2020-12-26 02:51:58.422009 UTC,2020-12-26 04:00:37.381653 UTC,68.63
2020-12-26,5798842.39226396,Netherlands,mobile,2020-12-26 00:30:27.576982 UTC,2020-12-26 01:25:59.116004 UTC,55.52
2020-12-26,2819497.05965674,France,mobile,2020-12-26 20:02:44.973042 UTC,2020-12-26 20:55:42.102727 UTC,52.95
2020-12-26,46146978.5100846,United States,mobile,2020-12-26 08:39:18.111287 UTC,2020-12-26 09:30:51.537280 UTC,51.55
2020-12-26,43627350.3807676,United States,desktop,2020-12-26 03:13:33.110291 UTC,2020-12-26 04:00:42.902332 UTC,47.15
2020-12-26,89390038.6968892,United Kingdom,desktop,2020-12-26 04:42:39.706934 UTC,2020-12-26 05:21:58.414595 UTC,39.3
2020-12-26,52926719.9136345,Canada,desktop,2020-12-26 07:51:47.390469 UTC,2020-12-26 08:18:57.225368 UTC,27.15
2020-12-26,79080724.0148001,Russia,desktop,2020-12-26 18:27:56.852333 UTC,2020-12-26 18:49:31.161214 UTC,21.57
2020-12-26,1382276.2000605,India,mobile,2020-12-26 19:30:13.178292 UTC,2020-12-26 19:49:29.720504 UTC,19.27
2020-12-26,30548868.9557051,India,mobile,2020-12-26 04:44:42.704510 UTC,2020-12-26 04:54:40.817773 UTC,9.97
2020-12-26,5573347986.26202,United States,mobile,2020-12-26 08:52:39.237745 UTC,2020-12-26 08:59:27.600010 UTC,6.8
2020-12-26,60389702.2086129,India,mobile,2020-12-26 19:47:27.356179 UTC,2020-12-26 19:53:55.082394 UTC,6.45
2020-12-26,1021887.11517883,United States,desktop,2020-12-26 20:53:20.938428 UTC,2020-12-26 20:59:30.027843 UTC,6.15
2020-12-26,3701512.79215038,Canada,mobile,2020-12-26 05:12:15.893503 UTC,2020-12-26 05:17:04.825625 UTC,4.8
2020-12-27,79083189.5507574,United States,desktop,2020-12-27 18:10:29.689895 UTC,2020-12-27 20:21:21.138326 UTC,130.85
2020-12-27,10489971.5323131,United States,desktop,2020-12-27 12:40:08.093444 UTC,2020-12-27 13:42:25.652371 UTC,62.28
2020-12-27,31396025.293151,Brazil,tablet,2020-12-27 14:28:12.827620 UTC,2020-12-27 15:25:08.532954 UTC,56.92
2020-12-27,3821554.93051049,India,mobile,2020-12-27 22:46:54.695302 UTC,2020-12-27 23:34:37.411728 UTC,47.7
2020-12-27,42345555.1307,Ireland,desktop,2020-12-27 22:57:18.788487 UTC,2020-12-27 23:42:28.532381 UTC,45.15
2020-12-27,73478648.4870101,Brazil,mobile,2020-12-27 19:32:12.625975 UTC,2020-12-27 20:06:07.161832 UTC,33.9
2020-12-27,57488087.0786303,Netherlands,desktop,2020-12-27 13:15:17.150156 UTC,2020-12-27 13:39:30.160235 UTC,24.22
2020-12-27,42372741.7725745,United States,desktop,2020-12-27 11:58:54.254922 UTC,2020-12-27 12:20:26.557113 UTC,21.53
2020-12-27,8816052.5192099,United States,desktop,2020-12-27 21:14:55.999924 UTC,2020-12-27 21:31:36.762278 UTC,16.67
2020-12-27,1279595.73483687,United States,mobile,2020-12-27 14:24:01.715322 UTC,2020-12-27 14:35:49.480065 UTC,11.78
2020-12-27,2364862.01083728,United States,mobile,2020-12-27 15:32:32.705401 UTC,2020-12-27 15:43:58.087732 UTC,11.42
2020-12-27,63530640.3666612,United States,desktop,2020-12-27 08:18:42.638192 UTC,2020-12-27 08:28:08.832124 UTC,9.43
2020-12-27,82844534.6436445,United Kingdom,mobile,2020-12-27 11:22:03.293160 UTC,2020-12-27 11:31:11.641358 UTC,9.13
2020-12-27,18954300.0486555,Germany,desktop,2020-12-27 05:32:57.552880 UTC,2020-12-27 05:40:43.658691 UTC,7.77
2020-12-27,50211779.9982683,Canada,desktop,2020-12-27 09:32:52.674984 UTC,2020-12-27 09:39:56.238278 UTC,7.05
2020-12-27,61963024.8202742,United States,mobile,2020-12-27 04:23:07.590332 UTC,2020-12-27 04:29:07.558241 UTC,5.98
2020-12-27,1803200.77778573,United States,mobile,2020-12-27 01:13:56.648945 UTC,2020-12-27 01:19:42.348844 UTC,5.75
2020-12-27,76104371.5906818,United States,mobile,2020-12-27 16:46:05.980658 UTC,2020-12-27 16:51:13.571917 UTC,5.12
2020-12-27,77029853.6267227,Canada,desktop,2020-12-27 00:21:50.960143 UTC,2020-12-27 00:26:26.803092 UTC,4.58
2020-12-27,4915314.75887072,Canada,desktop,2020-12-27 06:48:00.612628 UTC,2020-12-27 06:49:57.745622 UTC,1.95
2020-12-28,35910152.4891218,United States,desktop,2020-12-28 11:24:37.189904 UTC,2020-12-28 17:55:31.068665 UTC,390.88
2020-12-28,1298332.88057902,India,desktop,2020-12-28 00:10:01.610073 UTC,2020-12-28 04:09:30.401012 UTC,239.47
2020-12-28,26519562.2001786,Japan,mobile,2020-12-28 15:22:50.875514 UTC,2020-12-28 17:26:08.453675 UTC,123.28
2020-12-28,53644656.5102958,Spain,desktop,2020-12-28 08:38:26.221778 UTC,2020-12-28 10:05:14.880144 UTC,86.8
2020-12-28,1773468.63212883,United States,mobile,2020-12-28 14:39:27.320781 UTC,2020-12-28 15:48:00.771022 UTC,68.55
2020-12-28,40361521.9277379,United States,desktop,2020-12-28 17:23:49.287256 UTC,2020-12-28 18:18:13.459031 UTC,54.4
2020-12-28,25633378.1133836,United States,desktop,2020-12-28 09:55:47.748745 UTC,2020-12-28 10:38:59.843779 UTC,43.2
2020-12-28,30352177.4590717,United States,desktop,2020-12-28 18:02:13.880418 UTC,2020-12-28 18:38:41.482371 UTC,36.45
2020-12-28,35092297.7264644,Canada,mobile,2020-12-28 20:54:17.049812 UTC,2020-12-28 21:29:58.452715 UTC,35.68
2020-12-28,4141515.99852486,Netherlands,desktop,2020-12-28 09:41:42.718017 UTC,2020-12-28 10:13:12.509824 UTC,31.48
2020-12-28,7753114948.44212,United States,desktop,2020-12-28 11:49:43.251181 UTC,2020-12-28 12:16:38.962292 UTC,26.92
2020-12-28,60304773.1030019,United States,mobile,2020-12-28 08:40:02.294954 UTC,2020-12-28 09:05:03.940683 UTC,25.02
2020-12-28,5786172.15371269,United States,desktop,2020-12-28 04:54:45.336145 UTC,2020-12-28 05:19:32.144023 UTC,24.77
2020-12-28,55393762.652794,United States,tablet,2020-12-28 09:15:29.240492 UTC,2020-12-28 09:38:58.968295 UTC,23.48
2020-12-28,57985307.5936727,China,desktop,2020-12-28 19:48:23.555875 UTC,2020-12-28 20:09:35.372115 UTC,21.18
2020-12-28,58977276.9949987,India,desktop,2020-12-28 03:05:20.752651 UTC,2020-12-28 03:25:33.505259 UTC,20.2
2020-12-28,73762577.7816457,China,desktop,2020-12-28 21:45:17.626902 UTC,2020-12-28 22:05:17.844901 UTC,20.0
2020-12-28,83696453.8132729,Bangladesh,mobile,2020-12-28 02:25:13.324851 UTC,2020-12-28 02:43:59.372958 UTC,18.77
2020-12-28,81574425.5434958,Canada,desktop,2020-12-28 08:38:32.503819 UTC,2020-12-28 08:54:35.059966 UTC,16.03
2020-12-28,7054156.82099247,Netherlands,mobile,2020-12-28 01:51:22.047672 UTC,2020-12-28 02:06:50.743149 UTC,15.47
2020-12-28,20126758.6853719,United Kingdom,desktop,2020-12-28 15:07:00.648462 UTC,2020-12-28 15:22:26.301931 UTC,15.42
2020-12-28,48003223.4943874,United States,mobile,2020-12-28 15:54:16.151532 UTC,2020-12-28 16:09:12.281101 UTC,14.93
2020-12-28,76231143.0024341,United States,desktop,2020-12-28 20:06:24.722565 UTC,2020-12-28 20:20:13.810382 UTC,13.82
2020-12-28,4876835.92675827,United States,mobile,2020-12-28 10:14:56.269925 UTC,2020-12-28 10:27:12.117073 UTC,12.25
2020-12-28,55241319.9922727,Poland,mobile,2020-12-28 01:40:07.197954 UTC,2020-12-28 01:51:58.664643 UTC,11.85
2020-12-28,25581079.7578476,United States,desktop,2020-12-28 15:27:06.412484 UTC,2020-12-28 15:37:07.705997 UTC,10.02
2020-12-28,44519434.2674116,Singapore,desktop,2020-12-28 18:59:03.004548 UTC,2020-12-28 19:07:41.982455 UTC,8.63
2020-12-28,11963630.408196,United States,mobile,2020-12-28 07:52:41.261447 UTC,2020-12-28 07:59:26.976694 UTC,6.75
2020-12-28,38690208.7182176,Germany,desktop,2020-12-28 10:08:57.840891 UTC,2020-12-28 10:14:34.188138 UTC,5.6
2020-12-28,1818844.46179806,United States,mobile,2020-12-28 13:21:08.141045 UTC,2020-12-28 13:26:19.722339 UTC,5.18
2020-12-28,44279480.231379,Portugal,desktop,2020-12-28 20:04:11.751806 UTC,2020-12-28 20:08:48.719708 UTC,4.6
2020-12-28,55593768.5311544,Singapore,desktop,2020-12-28 02:21:33.407291 UTC,2020-12-28 02:23:12.580174 UTC,1.65
2020-12-29,9202289.99310062,United States,desktop,2020-12-29 02:55:04.288470 UTC,2020-12-29 04:34:00.646096 UTC,98.93
2020-12-29,1601634.74305633,United States,desktop,2020-12-29 15:40:56.084568 UTC,2020-12-29 16:52:26.240474 UTC,71.5
2020-12-29,28475030.0026516,United States,desktop,2020-12-29 07:25:20.966680 UTC,2020-12-29 07:53:49.566688 UTC,28.47
2020-12-29,6698829.2913246,United States,desktop,2020-12-29 03:01:01.656815 UTC,2020-12-29 03:28:26.753932 UTC,27.42
2020-12-29,3018471.21871543,India,desktop,2020-12-29 09:32:05.354910 UTC,2020-12-29 09:53:49.581590 UTC,21.73
2020-12-29,74273229.03043,Belgium,mobile,2020-12-29 16:43:27.159353 UTC,2020-12-29 17:03:38.416261 UTC,20.18
2020-12-29,2739425.04329898,Taiwan,mobile,2020-12-29 05:43:28.777635 UTC,2020-12-29 06:03:08.085564 UTC,19.65
2020-12-29,37567373.0394049,Italy,desktop,2020-12-29 05:47:50.961070 UTC,2020-12-29 06:05:24.800468 UTC,17.55
2020-12-29,8735747.53915137,United States,desktop,2020-12-29 09:01:42.367456 UTC,2020-12-29 09:14:50.704002 UTC,13.13
2020-12-29,7477637.2776014,United States,mobile,2020-12-29 06:28:37.766280 UTC,2020-12-29 06:41:36.897136 UTC,12.98
2020-12-29,4314095.2450093,Germany,tablet,2020-12-29 13:56:31.566686 UTC,2020-12-29 14:07:59.544969 UTC,11.45
2020-12-29,20968096.2144566,United States,mobile,2020-12-29 06:21:27.447527 UTC,2020-12-29 06:31:59.012446 UTC,10.52
2020-12-29,21101420.4449841,United States,desktop,2020-12-29 15:55:41.448880 UTC,2020-12-29 16:04:42.989080 UTC,9.02
2020-12-29,2251343.95520994,United Kingdom,desktop,2020-12-29 19:55:34.696383 UTC,2020-12-29 20:04:30.889290 UTC,8.93
2020-12-29,24957050.8596678,Canada,desktop,2020-12-29 10:44:18.748322 UTC,2020-12-29 10:52:42.777333 UTC,8.4
2020-12-29,7321267.66330821,India,mobile,2020-12-29 16:19:40.486534 UTC,2020-12-29 16:27:55.979813 UTC,8.25
2020-12-29,8859594.93086198,United States,desktop,2020-12-29 14:07:18.673674 UTC,2020-12-29 14:14:42.597526 UTC,7.38
2020-12-29,17014639.4683614,United States,mobile,2020-12-29 21:13:14.210660 UTC,2020-12-29 21:17:57.059346 UTC,4.7
2020-12-29,29388341.3019286,Poland,mobile,2020-12-29 00:00:04.328565 UTC,2020-12-29 00:04:23.715222 UTC,4.32
2020-12-29,61476220.5706681,Canada,desktop,2020-12-29 05:06:41.648320 UTC,2020-12-29 05:10:24.223360 UTC,3.7
2020-12-29,4228397.95604793,India,mobile,2020-12-29 14:26:44.010952 UTC,2020-12-29 14:29:19.511839 UTC,2.58
2020-12-29,1765514.39674592,Italy,desktop,2020-12-29 19:36:29.780336 UTC,2020-12-29 19:39:04.635814 UTC,2.57
2020-12-30,59277247.3483663,Mexico,desktop,2020-12-30 03:11:08.008915 UTC,2020-12-30 08:21:44.117114 UTC,310.6
2020-12-30,87037606.3003629,United States,mobile,2020-12-30 14:37:59.578743 UTC,2020-12-30 18:55:26.890161 UTC,257.45
2020-12-30,82552229.9514417,Brazil,desktop,2020-12-30 01:40:14.826363 UTC,2020-12-30 05:13:57.089500 UTC,213.7
2020-12-30,3491526.36402238,United States,mobile,2020-12-30 08:19:46.709203 UTC,2020-12-30 11:06:23.951751 UTC,166.62
2020-12-30,89140417.9002672,China,desktop,2020-12-30 22:34:18.708818 UTC,2020-12-30 23:08:01.078344 UTC,33.7
2020-12-30,3090773.16387631,India,mobile,2020-12-30 22:12:06.635319 UTC,2020-12-30 22:42:04.873037 UTC,29.97
2020-12-30,50361845.1840834,Indonesia,mobile,2020-12-30 05:17:17.750228 UTC,2020-12-30 05:45:16.155074 UTC,27.97
2020-12-30,69193300.1901961,United States,desktop,2020-12-30 02:16:36.561857 UTC,2020-12-30 02:39:11.830484 UTC,22.58
2020-12-30,5320068.38302237,United States,desktop,2020-12-30 19:57:16.911161 UTC,2020-12-30 20:18:47.503745 UTC,21.5
2020-12-30,1678004.90292506,France,desktop,2020-12-30 11:56:00.738775 UTC,2020-12-30 12:14:20.202083 UTC,18.32
2020-12-30,58350081.9428565,Chile,desktop,2020-12-30 09:13:18.240365 UTC,2020-12-30 09:31:22.459550 UTC,18.07
2020-12-30,48751682.0323834,India,mobile,2020-12-30 07:38:57.289337 UTC,2020-12-30 07:55:25.076326 UTC,16.45
2020-12-30,46713699.8088713,United States,desktop,2020-12-30 20:15:03.843083 UTC,2020-12-30 20:30:29.231513 UTC,15.42
2020-12-30,7630384.32463152,India,mobile,2020-12-30 20:27:07.064015 UTC,2020-12-30 20:42:11.754388 UTC,15.07
2020-12-30,6670122091.46227,United Kingdom,mobile,2020-12-30 05:51:04.971968 UTC,2020-12-30 06:05:57.986918 UTC,14.88
2020-12-30,78221431.2724111,Canada,desktop,2020-12-30 02:04:06.065803 UTC,2020-12-30 02:16:38.073740 UTC,12.53
2020-12-30,51359052.9832825,Canada,mobile,2020-12-30 12:39:40.365272 UTC,2020-12-30 12:49:42.378288 UTC,10.03
2020-12-30,61749419.0629177,Germany,tablet,2020-12-30 16:39:54.110938 UTC,2020-12-30 16:46:23.498855 UTC,6.48
2020-12-30,6027887.52110649,Taiwan,mobile,2020-12-30 04:40:21.055137 UTC,2020-12-30 04:46:41.485013 UTC,6.33
2020-12-30,5444054.02992065,United States,desktop,2020-12-30 13:48:28.111456 UTC,2020-12-30 13:54:38.248665 UTC,6.17
2020-12-30,55542931.7084954,United States,mobile,2020-12-30 23:15:43.791368 UTC,2020-12-30 23:20:20.200564 UTC,4.6
2020-12-31,1662132.77056784,United States,desktop,2020-12-31 03:46:59.486590 UTC,2020-12-31 06:04:44.504421 UTC,137.75
2020-12-31,7329327.29272303,Guatemala,mobile,2020-12-31 00:35:47.619321 UTC,2020-12-31 01:54:05.964712 UTC,78.3
2020-12-31,1181671929.72274,Canada,desktop,2020-12-31 15:13:06.884956 UTC,2020-12-31 16:18:28.397619 UTC,65.35
2020-12-31,7509303346.88214,United States,desktop,2020-12-31 17:47:59.369732 UTC,2020-12-31 18:48:58.607401 UTC,60.98
2020-12-31,3830673.47524341,United States,tablet,2020-12-31 13:54:02.924610 UTC,2020-12-31 14:33:40.509724 UTC,39.62
2020-12-31,87116489.5307133,Spain,mobile,2020-12-31 06:37:41.285673 UTC,2020-12-31 07:14:46.178718 UTC,37.07
2020-12-31,8316881.16398202,Spain,desktop,2020-12-31 08:59:53.646243 UTC,2020-12-31 09:29:17.382347 UTC,29.38
2020-12-31,18637647.0398129,India,desktop,2020-12-31 01:01:47.608058 UTC,2020-12-31 01:30:01.554406 UTC,28.22
2020-12-31,15046526.4562004,United States,desktop,2020-12-31 00:16:22.420092 UTC,2020-12-31 00:39:29.753703 UTC,23.12
2020-12-31,5550109.13709117,Spain,mobile,2020-12-31 00:55:08.509456 UTC,2020-12-31 01:08:40.462397 UTC,13.52
2020-12-31,5556391.01790809,United States,desktop,2020-12-31 05:05:23.602243 UTC,2020-12-31 05:17:19.936059 UTC,11.93
2020-12-31,5113443.53871522,United States,desktop,2020-12-31 18:52:42.936799 UTC,2020-12-31 19:03:16.425504 UTC,10.55
2020-12-31,73744073.082512,United Kingdom,desktop,2020-12-31 21:36:44.699098 UTC,2020-12-31 21:47:11.257935 UTC,10.43
2020-12-31,4874810.78501129,India,mobile,2020-12-31 13:59:25.466160 UTC,2020-12-31 14:06:20.556443 UTC,6.92
2020-12-31,4655775.40393454,Singapore,desktop,2020-12-31 07:31:58.465995 UTC,2020-12-31 07:38:23.207438 UTC,6.4
2020-12-31,5467717.94486032,(not set),desktop,2020-12-31 11:53:52.086170 UTC,2020-12-31 11:59:41.419546 UTC,5.82
2020-12-31,73317479.4306868,United States,mobile,2020-12-31 07:17:45.794086 UTC,2020-12-31 07:23:32.736877 UTC,5.77
2020-12-31,81766978.2033601,United States,desktop,2020-12-31 03:41:14.249633 UTC,2020-12-31 03:46:25.307707 UTC,5.18
2020-12-31,2418457.62648054,United States,desktop,2020-12-31 07:35:03.883892 UTC,2020-12-31 07:39:54.512573 UTC,4.83
2020-12-31,4792087.78757852,Japan,mobile,2020-12-31 20:02:49.778940 UTC,2020-12-31 20:07:15.560389 UTC,4.42
2020-12-31,6670122091.46227,United Kingdom,mobile,2020-12-31 07:14:03.013483 UTC,2020-12-31 07:18:04.143164 UTC,4.02
2020-12-31,1720255.45107014,Philippines,desktop,2020-12-31 15:04:45.785999 UTC,2020-12-31 15:08:13.584122 UTC,3.45
2021-01-01,2783014.38134797,Brazil,desktop,2021-01-01 03:47:39.308163 UTC,2021-01-01 04:35:19.173717 UTC,47.65
2021-01-01,1160488.23759231,Portugal,desktop,2021-01-01 15:59:00.350459 UTC,2021-01-01 16:44:06.263161 UTC,45.08
2021-01-01,53550354.6354713,United States,desktop,2021-01-01 13:16:19.300954 UTC,2021-01-01 13:48:48.176188 UTC,32.47
2021-01-01,6101467.47407454,Japan,mobile,2021-01-01 16:38:33.854624 UTC,2021-01-01 17:10:12.759781 UTC,31.63
2021-01-01,68546038.8820428,India,mobile,2021-01-01 05:22:45.884794 UTC,2021-01-01 05:53:02.021197 UTC,30.27
2021-01-01,53104811.8176614,Philippines,tablet,2021-01-01 13:42:59.401920 UTC,2021-01-01 14:10:49.233373 UTC,27.82
2021-01-01,87047667.1042912,United States,desktop,2021-01-01 04:23:05.638511 UTC,2021-01-01 04:49:56.446915 UTC,26.83
2021-01-01,15817556.8554808,United States,mobile,2021-01-01 09:21:36.828363 UTC,2021-01-01 09:40:25.761156 UTC,18.8
2021-01-01,3354006.42116512,United States,mobile,2021-01-01 10:53:26.214068 UTC,2021-01-01 11:11:55.905691 UTC,18.48
2021-01-01,50844046.9564028,United States,mobile,2021-01-01 19:05:53.086938 UTC,2021-01-01 19:17:36.886917 UTC,11.72
2021-01-01,40650638.8176789,Israel,mobile,2021-01-01 03:19:40.564291 UTC,2021-01-01 03:29:50.052499 UTC,10.15
2021-01-01,3351786.50830773,(not set),mobile,2021-01-01 18:44:37.964308 UTC,2021-01-01 18:47:04.715080 UTC,2.43
2021-01-02,1055969.58725123,United States,mobile,2021-01-02 02:09:31.057472 UTC,2021-01-02 20:17:19.079970 UTC,1087.8
2021-01-02,51954044.7234105,Ecuador,desktop,2021-01-02 00:11:49.201057 UTC,2021-01-02 01:16:01.453311 UTC,64.2
2021-01-02,77052125.079953,United States,desktop,2021-01-02 18:20:25.168460 UTC,2021-01-02 19:20:01.474806 UTC,59.6
2021-01-02,80435974.9462183,United States,desktop,2021-01-02 20:22:31.667682 UTC,2021-01-02 21:12:37.166570 UTC,50.08
2021-01-02,85305313.756133,United States,desktop,2021-01-02 20:01:03.689806 UTC,2021-01-02 20:25:56.551368 UTC,24.87
2021-01-02,22857919.0356368,India,mobile,2021-01-02 14:54:15.497629 UTC,2021-01-02 15:15:54.102132 UTC,21.63
2021-01-02,40569893.9835575,United States,desktop,2021-01-02 12:45:23.955488 UTC,2021-01-02 13:03:45.229172 UTC,18.35
2021-01-02,25040095.0670087,United States,desktop,2021-01-02 14:17:12.600445 UTC,2021-01-02 14:34:42.883872 UTC,17.5
2021-01-02,84647660.6681637,India,mobile,2021-01-02 19:35:05.805756 UTC,2021-01-02 19:52:02.153896 UTC,16.93
2021-01-02,3024189.61016701,United States,mobile,2021-01-02 03:13:46.402110 UTC,2021-01-02 03:25:06.030951 UTC,11.32
2021-01-02,42807215.0722008,Canada,mobile,2021-01-02 17:55:53.285468 UTC,2021-01-02 18:04:51.634113 UTC,8.97
2021-01-02,7296845.4997447,United States,mobile,2021-01-02 19:11:14.788285 UTC,2021-01-02 19:18:34.166890 UTC,7.32
2021-01-02,43382307.1290802,United States,tablet,2021-01-02 16:23:26.173259 UTC,2021-01-02 16:28:58.657567 UTC,5.53
2021-01-02,78839661.7033676,Egypt,mobile,2021-01-02 22:23:55.889639 UTC,2021-01-02 22:28:07.762957 UTC,4.18
2021-01-03,7634450.7489916,Russia,mobile,2021-01-03 06:36:53.537523 UTC,2021-01-03 18:42:54.086280 UTC,726.0
2021-01-03,2885429.01572355,(not set),desktop,2021-01-03 12:19:20.524783 UTC,2021-01-03 13:36:36.674091 UTC,77.27
2021-01-03,3048586.23733154,Mexico,desktop,2021-01-03 18:21:52.011087 UTC,2021-01-03 18:42:26.876201 UTC,20.57
2021-01-03,24207018.3974015,Germany,desktop,2021-01-03 22:02:32.712833 UTC,2021-01-03 22:22:31.465337 UTC,19.97
2021-01-03,18161607.9002799,United States,mobile,2021-01-03 04:57:48.341849 UTC,2021-01-03 05:16:42.109236 UTC,18.88
2021-01-03,22300841.9909876,United States,desktop,2021-01-03 00:45:50.519771 UTC,2021-01-03 01:02:23.823235 UTC,16.55
2021-01-03,17494077.2658372,France,mobile,2021-01-03 16:21:41.283354 UTC,2021-01-03 16:36:31.388034 UTC,14.83
2021-01-03,47439165.5147551,Colombia,desktop,2021-01-03 19:45:11.312049 UTC,2021-01-03 19:56:04.759363 UTC,10.88
2021-01-03,33280841.1628915,United States,mobile,2021-01-03 15:56:37.894271 UTC,2021-01-03 16:06:49.496852 UTC,10.18
2021-01-03,7828968.55320936,India,mobile,2021-01-03 01:51:00.641377 UTC,2021-01-03 01:59:58.443509 UTC,8.95
2021-01-03,49456942.0436829,United States,mobile,2021-01-03 05:29:06.679070 UTC,2021-01-03 05:36:33.822929 UTC,7.45
2021-01-03,5257023.21314245,Taiwan,desktop,2021-01-03 10:12:42.872214 UTC,2021-01-03 10:18:58.540657 UTC,6.25
2021-01-03,62524109.3161787,China,mobile,2021-01-03 03:48:57.455367 UTC,2021-01-03 03:53:45.145383 UTC,4.78
2021-01-03,8894775.5253595,Hong Kong,desktop,2021-01-03 13:44:34.503016 UTC,2021-01-03 13:47:22.541475 UTC,2.8
2021-01-04,78207562.9231433,Colombia,desktop,2021-01-04 05:40:42.429978 UTC,2021-01-04 15:02:48.659790 UTC,562.1
2021-01-04,46574324.968338,India,desktop,2021-01-04 02:49:55.504488 UTC,2021-01-04 04:29:07.319343 UTC,99.18
2021-01-04,6283343.21954497,United States,mobile,2021-01-04 09:17:17.716840 UTC,2021-01-04 09:52:08.762125 UTC,34.85
2021-01-04,74650484.1255761,United States,mobile,2021-01-04 05:23:27.781387 UTC,2021-01-04 05:54:17.621329 UTC,30.82
2021-01-04,68780200.6423809,Canada,desktop,2021-01-04 02:18:42.367526 UTC,2021-01-04 02:45:33.151707 UTC,26.83
2021-01-04,59487571.9263599,Spain,mobile,2021-01-04 09:18:47.131524 UTC,2021-01-04 09:37:39.549720 UTC,18.87
2021-01-04,77327261.9614153,United States,desktop,2021-01-04 13:07:39.329167 UTC,2021-01-04 13:23:03.658385 UTC,15.4
2021-01-04,1158637.0383647,United States,mobile,2021-01-04 13:01:00.023648 UTC,2021-01-04 13:15:45.980946 UTC,14.75
2021-01-04,72959035.2192369,United Arab Emirates,tablet,2021-01-04 22:27:03.232294 UTC,2021-01-04 22:41:10.222039 UTC,14.1
2021-01-04,88827381.9303945,Malaysia,desktop,2021-01-04 08:02:13.354049 UTC,2021-01-04 08:15:12.464780 UTC,12.98
2021-01-04,6097102.65163382,Australia,mobile,2021-01-04 18:30:28.924361 UTC,2021-01-04 18:43:09.106001 UTC,12.67
2021-01-04,71568861.8035326,Canada,desktop,2021-01-04 22:44:13.063947 UTC,2021-01-04 22:55:02.065864 UTC,10.82
2021-01-04,44810382.731173,United States,desktop,2021-01-04 13:08:01.832058 UTC,2021-01-04 13:18:42.707034 UTC,10.67
2021-01-04,75571709.1157982,United States,desktop,2021-01-04 00:06:21.300810 UTC,2021-01-04 00:13:27.205210 UTC,7.08
2021-01-04,6363623135.42701,United States,desktop,2021-01-04 16:45:46.437340 UTC,2021-01-04 16:52:35.985407 UTC,6.82
2021-01-04,59643921.1694992,Netherlands,mobile,2021-01-04 04:04:17.387799 UTC,2021-01-04 04:09:23.809505 UTC,5.1
2021-01-05,73370809.3757379,Canada,mobile,2021-01-05 01:01:36.046649 UTC,2021-01-05 04:17:56.086195 UTC,196.33
2021-01-05,45529743.2756914,United States,desktop,2021-01-05 20:03:03.104354 UTC,2021-01-05 21:57:58.486392 UTC,114.92
2021-01-05,32591508.2385963,Puerto Rico,desktop,2021-01-05 05:50:45.922610 UTC,2021-01-05 07:06:35.328248 UTC,75.82
2021-01-05,2637438.58956214,Italy,mobile,2021-01-05 09:06:22.718304 UTC,2021-01-05 10:18:03.481764 UTC,71.67
2021-01-05,74972717.120259,Japan,desktop,2021-01-05 20:23:04.379201 UTC,2021-01-05 21:33:32.927922 UTC,70.47
2021-01-05,3056927.8375951,United States,desktop,2021-01-05 10:17:43.166156 UTC,2021-01-05 10:48:53.727684 UTC,31.17
2021-01-05,7312667.02663951,Mexico,mobile,2021-01-05 19:16:52.359883 UTC,2021-01-05 19:47:04.456726 UTC,30.2
2021-01-05,39214432.1935349,India,desktop,2021-01-05 22:25:41.764308 UTC,2021-01-05 22:55:40.166633 UTC,29.97
2021-01-05,28988900.6959315,United States,desktop,2021-01-05 13:05:05.926258 UTC,2021-01-05 13:31:46.115024 UTC,26.67
2021-01-05,25712283.254858,Taiwan,mobile,2021-01-05 19:34:02.136756 UTC,2021-01-05 19:54:42.692776 UTC,20.67
2021-01-05,2838161.47817026,United States,mobile,2021-01-05 04:06:30.868772 UTC,2021-01-05 04:22:53.325753 UTC,16.37
2021-01-05,84389355.3658704,Canada,desktop,2021-01-05 18:15:30.555690 UTC,2021-01-05 18:30:22.802472 UTC,14.87
2021-01-05,19492128.7016911,United States,mobile,2021-01-05 06:16:26.404438 UTC,2021-01-05 06:31:16.130990 UTC,14.82
2021-01-05,24377658.7213551,Poland,mobile,2021-01-05 21:58:14.766583 UTC,2021-01-05 22:12:41.017072 UTC,14.43
2021-01-05,41803452.7850037,United States,desktop,2021-01-05 06:26:14.219571 UTC,2021-01-05 06:39:18.104050 UTC,13.05
2021-01-05,52461093.3056333,United States,desktop,2021-01-05 17:23:38.543150 UTC,2021-01-05 17:36:19.603900 UTC,12.68
2021-01-05,61389953.5535318,Costa Rica,mobile,2021-01-05 18:09:13.421943 UTC,2021-01-05 18:21:49.067917 UTC,12.58
2021-01-05,84496993.3019099,United Arab Emirates,desktop,2021-01-05 03:26:21.733799 UTC,2021-01-05 03:38:48.575185 UTC,12.43
2021-01-05,6115983.22418788,United States,desktop,2021-01-05 18:31:37.438345 UTC,2021-01-05 18:41:50.112996 UTC,10.2
2021-01-05,9220684.15533908,United States,desktop,2021-01-05 14:41:52.581151 UTC,2021-01-05 14:51:59.229786 UTC,10.1
2021-01-05,3593045.4474754,United States,mobile,2021-01-05 04:56:00.560912 UTC,2021-01-05 05:04:09.425331 UTC,8.13
2021-01-05,87431455.4720611,Poland,desktop,2021-01-05 04:54:31.060711 UTC,2021-01-05 05:02:27.663049 UTC,7.93
2021-01-05,2459937.23182063,Taiwan,desktop,2021-01-05 13:19:10.869353 UTC,2021-01-05 13:25:06.749632 UTC,5.92
2021-01-05,4181862.57100739,United States,mobile,2021-01-05 05:30:46.665312 UTC,2021-01-05 05:35:43.478128 UTC,4.93
2021-01-05,6282998.39337588,United States,desktop,2021-01-05 23:37:50.828371 UTC,2021-01-05 23:42:39.329169 UTC,4.8
2021-01-05,5963534.4700679,United States,desktop,2021-01-05 12:26:11.597757 UTC,2021-01-05 12:30:46.652371 UTC,4.58
2021-01-05,5155655.85595547,China,desktop,2021-01-05 17:07:37.973265 UTC,2021-01-05 17:11:35.687528 UTC,3.95
2021-01-06,70825378.7231985,Hong Kong,tablet,2021-01-06 01:30:26.617590 UTC,2021-01-06 08:22:28.061220 UTC,412.02
2021-01-06,40387173.9002245,United States,desktop,2021-01-06 00:48:28.135747 UTC,2021-01-06 05:45:28.684932 UTC,297.0
2021-01-06,3591907.44520819,United States,mobile,2021-01-06 07:28:13.181169 UTC,2021-01-06 09:19:24.705565 UTC,111.18
2021-01-06,20631378.7981176,Canada,mobile,2021-01-06 02:21:32.943736 UTC,2021-01-06 03:52:03.852196 UTC,90.5
2021-01-06,57065333.7001768,Spain,desktop,2021-01-06 06:44:07.515638 UTC,2021-01-06 08:01:35.031718 UTC,77.45
2021-01-06,4211935.88108574,United Kingdom,desktop,2021-01-06 05:15:01.258357 UTC,2021-01-06 06:02:07.495363 UTC,47.1
2021-01-06,88839956.1260646,United States,mobile,2021-01-06 18:39:15.548846 UTC,2021-01-06 19:23:12.902361 UTC,43.95
2021-01-06,7678145.64186659,United States,desktop,2021-01-06 00:22:23.337478 UTC,2021-01-06 01:03:06.602755 UTC,40.72
2021-01-06,48482961.7353796,Turkey,desktop,2021-01-06 09:53:12.099858 UTC,2021-01-06 10:12:26.484099 UTC,19.23
2021-01-06,68281659.9581386,Italy,desktop,2021-01-06 12:28:59.985176 UTC,2021-01-06 12:47:39.952275 UTC,18.65
2021-01-06,20754226.2589569,United States,desktop,2021-01-06 05:13:23.957034 UTC,2021-01-06 05:31:00.873845 UTC,17.6
2021-01-06,19646880.6083875,Germany,desktop,2021-01-06 06:29:08.693634 UTC,2021-01-06 06:46:11.218606 UTC,17.03
2021-01-06,45421650.6526651,Canada,desktop,2021-01-06 05:29:55.346548 UTC,2021-01-06 05:45:09.673520 UTC,15.23
2021-01-06,24390067.7154104,(not set),mobile,2021-01-06 12:44:34.858113 UTC,2021-01-06 12:58:22.295669 UTC,13.78
2021-01-06,3287379.74164763,United States,mobile,2021-01-06 09:04:45.228074 UTC,2021-01-06 09:17:32.721206 UTC,12.78
2021-01-06,1873577.72399467,Australia,desktop,2021-01-06 16:55:36.209971 UTC,2021-01-06 17:07:22.393012 UTC,11.77
2021-01-06,8676958.11545531,United States,mobile,2021-01-06 18:54:56.188944 UTC,2021-01-06 19:06:27.665021 UTC,11.52
2021-01-06,79944589.6932026,Finland,desktop,2021-01-06 22:17:39.295806 UTC,2021-01-06 22:29:09.517010 UTC,11.5
2021-01-06,83310359.0821475,United States,mobile,2021-01-06 16:52:28.112073 UTC,2021-01-06 17:01:45.686270 UTC,9.28
2021-01-06,38538077.3398709,Spain,desktop,2021-01-06 14:45:22.451195 UTC,2021-01-06 14:54:23.382907 UTC,9.0
2021-01-06,3953783.0019328,Puerto Rico,desktop,2021-01-06 07:55:31.139876 UTC,2021-01-06 08:03:00.000903 UTC,7.47
2021-01-06,2605468.71286961,Australia,desktop,2021-01-06 05:37:59.096052 UTC,2021-01-06 05:42:53.039851 UTC,4.88
2021-01-06,86272927.5845958,United Kingdom,mobile,2021-01-06 17:49:50.035441 UTC,2021-01-06 17:54:34.844952 UTC,4.73
2021-01-06,12509391.0991562,Indonesia,mobile,2021-01-06 15:52:00.653654 UTC,2021-01-06 15:56:44.934387 UTC,4.73
2021-01-06,2387737.84406545,India,desktop,2021-01-06 13:16:54.207621 UTC,2021-01-06 13:21:22.355823 UTC,4.47
2021-01-06,3434475.42325289,Netherlands,mobile,2021-01-06 03:34:48.294759 UTC,2021-01-06 03:39:13.890543 UTC,4.42
2021-01-06,3949544.21826431,India,mobile,2021-01-06 17:55:59.631425 UTC,2021-01-06 18:00:03.609479 UTC,4.05
2021-01-06,7946294.36827749,South Korea,desktop,2021-01-06 00:05:27.383177 UTC,2021-01-06 00:06:02.513097 UTC,0.58
2021-01-07,58749509.5865067,Brazil,mobile,2021-01-07 03:29:19.658515 UTC,2021-01-07 11:21:05.231088 UTC,471.75
2021-01-07,7687394.86080234,United States,desktop,2021-01-07 04:23:59.039338 UTC,2021-01-07 11:36:06.401594 UTC,432.12
2021-01-07,11677998.368515,United States,desktop,2021-01-07 13:03:30.351545 UTC,2021-01-07 15:31:55.861108 UTC,148.42
2021-01-07,26105678.1036002,United States,desktop,2021-01-07 14:17:32.875229 UTC,2021-01-07 15:19:51.057347 UTC,62.3
2021-01-07,2265878.05950595,France,desktop,2021-01-07 03:43:53.478101 UTC,2021-01-07 04:37:20.019263 UTC,53.43
2021-01-07,4115432.98491387,Australia,mobile,2021-01-07 05:47:37.859161 UTC,2021-01-07 06:30:38.353366 UTC,43.0
2021-01-07,10269098.5703813,United States,desktop,2021-01-07 15:52:59.163656 UTC,2021-01-07 16:35:11.310481 UTC,42.2
2021-01-07,3517925.32279704,Turkey,mobile,2021-01-07 16:19:38.105991 UTC,2021-01-07 16:54:03.875555 UTC,34.42
2021-01-07,86953811.9568548,United States,desktop,2021-01-07 19:39:55.168669 UTC,2021-01-07 20:09:36.033023 UTC,29.67
2021-01-07,9158325.49273608,United States,mobile,2021-01-07 21:03:30.178965 UTC,2021-01-07 21:29:46.337225 UTC,26.27
2021-01-07,29625533.6319169,Taiwan,mobile,2021-01-07 08:16:06.994938 UTC,2021-01-07 08:34:59.036775 UTC,18.87
2021-01-07,40957384.9471332,United States,desktop,2021-01-07 21:31:18.707176 UTC,2021-01-07 21:47:12.948464 UTC,15.9
2021-01-07,7742237.57941017,United States,desktop,2021-01-07 06:52:03.874651 UTC,2021-01-07 07:06:25.705456 UTC,14.35
2021-01-07,60952845.2415737,United States,desktop,2021-01-07 21:19:53.110538 UTC,2021-01-07 21:32:54.896433 UTC,13.02
2021-01-07,75336556.8734149,United States,desktop,2021-01-07 01:43:17.050057 UTC,2021-01-07 01:56:17.602706 UTC,13.0
2021-01-07,56460399.1194105,United States,mobile,2021-01-07 22:21:08.993875 UTC,2021-01-07 22:32:30.486264 UTC,11.35
2021-01-07,71510217.3315206,United Kingdom,mobile,2021-01-07 14:02:54.406024 UTC,2021-01-07 14:14:04.010698 UTC,11.15
2021-01-07,31450884.9129417,Canada,desktop,2021-01-07 03:12:44.987226 UTC,2021-01-07 03:20:49.281624 UTC,8.07
2021-01-07,77996608.4384679,United States,desktop,2021-01-07 02:12:42.553422 UTC,2021-01-07 02:20:19.511918 UTC,7.6
2021-01-07,5502422.37909874,India,desktop,2021-01-07 17:57:20.712048 UTC,2021-01-07 18:04:10.520555 UTC,6.82
2021-01-07,90945046.74049,Spain,desktop,2021-01-07 16:01:16.194862 UTC,2021-01-07 16:07:20.924489 UTC,6.07
2021-01-07,52669317.3821594,Guatemala,mobile,2021-01-07 05:57:00.403359 UTC,2021-01-07 06:02:31.650613 UTC,5.52
2021-01-07,6510522.70613136,United States,desktop,2021-01-07 12:01:45.540001 UTC,2021-01-07 12:06:56.116977 UTC,5.17
2021-01-07,2924215.03524378,India,desktop,2021-01-07 04:38:40.362362 UTC,2021-01-07 04:42:21.410501 UTC,3.68
2021-01-07,53406211.8724008,United States,desktop,2021-01-07 20:13:18.559173 UTC,2021-01-07 20:16:16.727559 UTC,2.97
2021-01-08,6457394.04672899,Spain,desktop,2021-01-08 05:13:26.848311 UTC,2021-01-08 14:17:23.909829 UTC,543.95
2021-01-08,42057885.7370556,Canada,desktop,2021-01-08 05:15:47.890772 UTC,2021-01-08 10:29:32.174920 UTC,313.73
2021-01-08,71260187.781988,United States,mobile,2021-01-08 05:16:35.794482 UTC,2021-01-08 10:21:02.895792 UTC,304.45
2021-01-08,40923418.8734148,United States,mobile,2021-01-08 14:13:24.011173 UTC,2021-01-08 18:27:32.404767 UTC,254.13
2021-01-08,57319697.6904534,United States,desktop,2021-01-08 10:41:16.527396 UTC,2021-01-08 13:42:38.004209 UTC,181.35
2021-01-08,54054788.5524342,United States,mobile,2021-01-08 14:58:30.230358 UTC,2021-01-08 16:56:29.427795 UTC,117.98
2021-01-08,2502435.35488352,United States,desktop,2021-01-08 15:35:40.434123 UTC,2021-01-08 16:39:39.674143 UTC,63.98
2021-01-08,57985307.5936727,China,desktop,2021-01-08 02:52:47.751490 UTC,2021-01-08 03:31:23.345968 UTC,38.58
2021-01-08,3491055.94575111,United States,desktop,2021-01-08 17:48:08.854016 UTC,2021-01-08 18:24:19.542105 UTC,36.17
2021-01-08,9195004.62129415,Japan,desktop,2021-01-08 15:54:44.232864 UTC,2021-01-08 16:30:37.136105 UTC,35.87
2021-01-08,87600401.0863764,Indonesia,desktop,2021-01-08 01:12:53.614074 UTC,2021-01-08 01:46:29.688061 UTC,33.6
2021-01-08,6103545.96686515,United States,mobile,2021-01-08 19:43:00.562808 UTC,2021-01-08 20:08:57.709237 UTC,25.95
2021-01-08,40815861.1638174,Taiwan,mobile,2021-01-08 21:50:49.499299 UTC,2021-01-08 22:16:16.601805 UTC,25.45
2021-01-08,1278360068.44651,United States,desktop,2021-01-08 18:56:21.353049 UTC,2021-01-08 19:19:56.901157 UTC,23.58
2021-01-08,2245395.13051781,United States,desktop,2021-01-08 04:17:27.328842 UTC,2021-01-08 04:40:39.943709 UTC,23.2
2021-01-08,13174020.7610093,United States,desktop,2021-01-08 02:21:53.668517 UTC,2021-01-08 02:42:07.774089 UTC,20.23
2021-01-08,90544735.0149811,France,desktop,2021-01-08 10:33:49.128182 UTC,2021-01-08 10:51:50.994749 UTC,18.02
2021-01-08,83031858.8235009,United States,tablet,2021-01-08 22:42:40.934243 UTC,2021-01-08 22:59:12.643461 UTC,16.52
2021-01-08,31016788.6587014,United States,mobile,2021-01-08 17:50:29.749693 UTC,2021-01-08 18:05:28.948422 UTC,14.98
2021-01-08,70726544.7957329,Canada,desktop,2021-01-08 03:00:13.420484 UTC,2021-01-08 03:14:14.620943 UTC,14.02
2021-01-08,2933565.95414301,United States,desktop,2021-01-08 09:29:00.722062 UTC,2021-01-08 09:41:44.486408 UTC,12.72
2021-01-08,8274843.79442982,Canada,desktop,2021-01-08 08:02:14.600715 UTC,2021-01-08 08:14:52.023796 UTC,12.62
2021-01-08,42583182.3977693,United Kingdom,mobile,2021-01-08 09:06:32.743826 UTC,2021-01-08 09:18:38.829349 UTC,12.1
2021-01-08,29271335.8588196,Australia,desktop,2021-01-08 17:07:24.569352 UTC,2021-01-08 17:19:03.188733 UTC,11.63
2021-01-08,89456710.6774616,United States,mobile,2021-01-08 18:28:28.950800 UTC,2021-01-08 18:38:13.846333 UTC,9.73
2021-01-08,84164695.9377083,United States,desktop,2021-01-08 16:14:06.900190 UTC,2021-01-08 16:23:35.593111 UTC,9.47
2021-01-08,6266299.12626424,United States,desktop,2021-01-08 04:08:00.366778 UTC,2021-01-08 04:16:37.409819 UTC,8.62
2021-01-08,30687601.7675908,Canada,desktop,2021-01-08 19:30:56.174563 UTC,2021-01-08 19:39:06.412861 UTC,8.17
2021-01-08,65189665.2053976,United States,desktop,2021-01-08 11:56:38.876816 UTC,2021-01-08 12:04:46.907145 UTC,8.13
2021-01-08,60361702.2534944,United Kingdom,mobile,2021-01-08 19:10:46.413353 UTC,2021-01-08 19:18:28.475630 UTC,7.7
2021-01-08,58535639.3555391,United States,desktop,2021-01-08 16:47:53.963807 UTC,2021-01-08 16:53:53.250456 UTC,5.98
2021-01-08,9472467.16569374,United Kingdom,desktop,2021-01-08 00:00:02.912302 UTC,2021-01-08 00:05:46.520052 UTC,5.72
2021-01-08,28147494.8320259,United Kingdom,mobile,2021-01-08 17:13:25.516849 UTC,2021-01-08 17:18:48.954145 UTC,5.38
2021-01-08,7792798.80120844,United States,mobile,2021-01-08 15:53:33.649094 UTC,2021-01-08 15:58:24.528952 UTC,4.83
2021-01-09,5491018.45326965,United States,mobile,2021-01-09 10:42:33.657078 UTC,2021-01-09 14:56:05.668525 UTC,253.53
2021-01-09,60843222.5171052,United States,mobile,2021-01-09 00:00:13.891817 UTC,2021-01-09 01:03:45.375402 UTC,63.52
2021-01-09,5049679269.28777,Greece,mobile,2021-01-09 12:38:10.059487 UTC,2021-01-09 13:25:16.092510 UTC,47.1
2021-01-09,4819495.84666683,United States,desktop,2021-01-09 18:46:39.197293 UTC,2021-01-09 19:25:51.223131 UTC,39.2
2021-01-09,1306542.31941607,Peru,desktop,2021-01-09 01:48:40.339704 UTC,2021-01-09 02:18:25.663956 UTC,29.75
2021-01-09,14302032.1404243,United States,mobile,2021-01-09 07:06:04.100874 UTC,2021-01-09 07:30:56.249446 UTC,24.87
2021-01-09,8857856483.8004,India,mobile,2021-01-09 16:48:38.279320 UTC,2021-01-09 17:12:58.615839 UTC,24.33
2021-01-09,2571967530.22217,United States,mobile,2021-01-09 21:11:57.211513 UTC,2021-01-09 21:34:13.343250 UTC,22.27
2021-01-09,31226161.5287682,United States,desktop,2021-01-09 18:07:34.279039 UTC,2021-01-09 18:25:36.419577 UTC,18.03
2021-01-09,4753564.81689197,United States,mobile,2021-01-09 10:56:32.840946 UTC,2021-01-09 11:10:54.784273 UTC,14.35
2021-01-09,8741663.05184661,Colombia,desktop,2021-01-09 07:27:54.536087 UTC,2021-01-09 07:41:02.325436 UTC,13.12
2021-01-09,50394923.2952435,Chile,desktop,2021-01-09 07:54:17.374665 UTC,2021-01-09 08:05:12.913012 UTC,10.92
2021-01-09,6436495.48311217,United Kingdom,mobile,2021-01-09 21:35:39.688824 UTC,2021-01-09 21:46:04.548064 UTC,10.4
2021-01-09,36081120.9781065,India,desktop,2021-01-09 15:30:39.429899 UTC,2021-01-09 15:40:06.785180 UTC,9.45
2021-01-09,90197407.6635841,Hong Kong,desktop,2021-01-09 09:40:33.108477 UTC,2021-01-09 09:49:22.361055 UTC,8.82
2021-01-09,3092972535.12527,United States,desktop,2021-01-09 00:35:36.743523 UTC,2021-01-09 00:43:28.328298 UTC,7.85
2021-01-09,1158637.0383647,United States,mobile,2021-01-09 10:32:40.872817 UTC,2021-01-09 10:38:41.299184 UTC,6.0
2021-01-09,3634722.5332335,Slovenia,desktop,2021-01-09 01:50:28.153127 UTC,2021-01-09 01:56:18.223688 UTC,5.83
2021-01-10,28884221.1994535,United States,mobile,2021-01-10 17:31:03.683500 UTC,2021-01-10 18:42:15.744909 UTC,71.2
2021-01-10,3308917.56450025,United Kingdom,mobile,2021-01-10 22:12:25.190779 UTC,2021-01-10 23:19:27.179163 UTC,67.02
2021-01-10,9162393.31392167,Philippines,desktop,2021-01-10 17:09:21.614887 UTC,2021-01-10 18:08:04.842160 UTC,58.72
2021-01-10,1853893.71533047,China,desktop,2021-01-10 03:56:03.677349 UTC,2021-01-10 04:50:10.527610 UTC,54.1
2021-01-10,66787047.1916957,United States,desktop,2021-01-10 12:18:36.097933 UTC,2021-01-10 13:01:34.170451 UTC,42.97
2021-01-10,2429571.6695145,United States,desktop,2021-01-10 00:21:01.142676 UTC,2021-01-10 01:01:11.760548 UTC,40.17
2021-01-10,5493040.34394254,United States,desktop,2021-01-10 07:25:12.396337 UTC,2021-01-10 08:04:11.401527 UTC,38.98
2021-01-10,45719839.0725596,Greece,mobile,2021-01-10 10:12:27.931097 UTC,2021-01-10 10:47:41.421447 UTC,35.22
2021-01-10,47410209.463153,United States,mobile,2021-01-10 22:49:43.803241 UTC,2021-01-10 23:09:37.983387 UTC,19.9
2021-01-10,3630058.70761107,United States,desktop,2021-01-10 04:09:15.147504 UTC,2021-01-10 04:25:48.958354 UTC,16.55
2021-01-10,50805440.8488066,Poland,desktop,2021-01-10 10:59:26.164715 UTC,2021-01-10 11:11:14.870077 UTC,11.8
2021-01-10,58847820.9882992,United States,mobile,2021-01-10 09:19:40.209571 UTC,2021-01-10 09:30:50.936474 UTC,11.17
2021-01-10,6315084.46803049,Canada,desktop,2021-01-10 07:09:29.169315 UTC,2021-01-10 07:17:18.297546 UTC,7.82
2021-01-10,56420768.6036947,Taiwan,desktop,2021-01-10 08:00:41.612940 UTC,2021-01-10 08:05:36.679252 UTC,4.92
2021-01-11,71796570.8728856,Australia,desktop,2021-01-11 13:27:02.312445 UTC,2021-01-11 23:28:50.555384 UTC,601.8
2021-01-11,83806353.902586,United States,mobile,2021-01-11 13:02:26.998159 UTC,2021-01-11 20:39:40.269581 UTC,457.22
2021-01-11,5430975.75236874,Canada,mobile,2021-01-11 14:16:19.142852 UTC,2021-01-11 19:52:57.682986 UTC,336.63
2021-01-11,91719952.343036,United Kingdom,desktop,2021-01-11 16:28:49.339369 UTC,2021-01-11 17:42:24.863081 UTC,73.58
2021-01-11,4602945.93664207,Peru,mobile,2021-01-11 23:16:22.723713 UTC,2021-01-11 23:50:34.447871 UTC,34.18
2021-01-11,91174078.7673253,Canada,desktop,2021-01-11 20:03:08.968893 UTC,2021-01-11 20:24:59.357619 UTC,21.83
2021-01-11,2671708.85659788,France,desktop,2021-01-11 02:24:19.029958 UTC,2021-01-11 02:44:57.119947 UTC,20.63
2021-01-11,43204139.2810719,India,desktop,2021-01-11 20:12:13.925794 UTC,2021-01-11 20:32:04.944244 UTC,19.85
2021-01-11,86939274.9526508,United States,mobile,2021-01-11 05:23:09.154380 UTC,2021-01-11 05:41:47.802004 UTC,18.63
2021-01-11,83598464.4899967,United States,desktop,2021-01-11 21:53:10.488738 UTC,2021-01-11 22:08:35.172507 UTC,15.4
2021-01-11,64698662.8088634,United States,desktop,2021-01-11 15:20:47.033309 UTC,2021-01-11 15:35:13.718313 UTC,14.43
2021-01-11,77640762.1622931,Canada,desktop,2021-01-11 14:13:25.706059 UTC,2021-01-11 14:26:50.373110 UTC,13.4
2021-01-11,73497675.9720954,United Kingdom,mobile,2021-01-11 16:02:42.811468 UTC,2021-01-11 16:15:30.895735 UTC,12.8
2021-01-11,1541006.61684632,United States,desktop,2021-01-11 12:09:10.622842 UTC,2021-01-11 12:21:40.605187 UTC,12.48
2021-01-11,6365977.5020097,France,desktop,2021-01-11 19:09:22.490123 UTC,2021-01-11 19:21:42.194286 UTC,12.32
2021-01-11,4690383.21847895,United States,desktop,2021-01-11 20:23:37.212727 UTC,2021-01-11 20:34:57.956209 UTC,11.33
2021-01-11,23674832.5390192,Canada,desktop,2021-01-11 20:09:01.270687 UTC,2021-01-11 20:18:57.089260 UTC,9.92
2021-01-11,2298178.89631331,United States,desktop,2021-01-11 06:12:52.629055 UTC,2021-01-11 06:20:56.809081 UTC,8.07
2021-01-11,7228563.77998697,United States,desktop,2021-01-11 12:59:12.635839 UTC,2021-01-11 13:06:34.550294 UTC,7.35
2021-01-11,4115631247.97687,United States,desktop,2021-01-11 10:31:16.014934 UTC,2021-01-11 10:36:41.064696 UTC,5.42
2021-01-11,8085870.42667668,United States,mobile,2021-01-11 06:12:53.262935 UTC,2021-01-11 06:18:01.109696 UTC,5.12
2021-01-11,6081323.06223168,Netherlands,tablet,2021-01-11 03:24:35.193542 UTC,2021-01-11 03:28:49.314529 UTC,4.23
2021-01-11,7687394.86080234,United States,desktop,2021-01-11 12:59:12.702795 UTC,2021-01-11 13:03:26.512762 UTC,4.22
2021-01-11,73986057.204128,Germany,desktop,2021-01-11 07:20:36.328349 UTC,2021-01-11 07:22:55.122635 UTC,2.3
2021-01-11,45465207.4943375,Indonesia,desktop,2021-01-11 18:39:59.345527 UTC,2021-01-11 18:41:57.674072 UTC,1.97
2021-01-11,52442763.310202,Thailand,mobile,2021-01-11 00:00:06.803046 UTC,2021-01-11 00:00:27.330538 UTC,0.33
2021-01-12,1421856.0079266,United States,desktop,2021-01-12 04:04:50.885872 UTC,2021-01-12 15:41:32.362067 UTC,696.68
2021-01-12,77894164.126683,Philippines,desktop,2021-01-12 05:57:24.562764 UTC,2021-01-12 14:17:28.015406 UTC,500.05
2021-01-12,70285128.0156104,China,desktop,2021-01-12 15:34:35.876418 UTC,2021-01-12 23:23:04.087585 UTC,468.47
2021-01-12,7733438.23837512,United States,mobile,2021-01-12 13:28:18.651315 UTC,2021-01-12 19:48:24.278994 UTC,380.08
2021-01-12,56979703.0000095,United States,mobile,2021-01-12 09:23:55.089864 UTC,2021-01-12 12:59:23.103385 UTC,215.47
2021-01-12,8331967.35364478,United States,mobile,2021-01-12 07:55:49.482436 UTC,2021-01-12 09:22:07.911068 UTC,86.3
2021-01-12,87978859.5425554,United States,mobile,2021-01-12 05:51:54.140924 UTC,2021-01-12 06:46:04.030766 UTC,54.15
2021-01-12,9928812608.50271,United States,desktop,2021-01-12 08:21:24.675308 UTC,2021-01-12 09:13:59.993990 UTC,52.58
2021-01-12,5818334.29882194,Austria,desktop,2021-01-12 10:31:32.839171 UTC,2021-01-12 11:23:19.949054 UTC,51.78
2021-01-12,91838502.5897605,Canada,mobile,2021-01-12 02:54:54.667573 UTC,2021-01-12 03:42:19.150485 UTC,47.4
2021-01-12,8026619.22962234,United States,mobile,2021-01-12 07:57:02.780595 UTC,2021-01-12 08:32:52.864615 UTC,35.83
2021-01-12,4064825.94532435,United States,desktop,2021-01-12 17:31:46.297044 UTC,2021-01-12 18:03:25.434668 UTC,31.65
2021-01-12,6658580.28260421,Austria,desktop,2021-01-12 20:50:23.359168 UTC,2021-01-12 21:21:42.496858 UTC,31.32
2021-01-12,50246082.1575523,United States,mobile,2021-01-12 06:03:41.479657 UTC,2021-01-12 06:34:58.081009 UTC,31.27
2021-01-12,5921104.77670594,Palestine,tablet,2021-01-12 10:58:04.254197 UTC,2021-01-12 11:29:09.351685 UTC,31.08
2021-01-12,9164025.93989134,Canada,mobile,2021-01-12 19:58:41.353334 UTC,2021-01-12 20:21:18.858982 UTC,22.62
2021-01-12,61617905.2566081,United States,desktop,2021-01-12 11:29:57.010603 UTC,2021-01-12 11:51:42.119624 UTC,21.75
2021-01-12,36256712.132664,South Africa,desktop,2021-01-12 04:53:27.870388 UTC,2021-01-12 05:14:55.007775 UTC,21.45
2021-01-12,27333015.4039048,Venezuela,desktop,2021-01-12 21:44:03.427114 UTC,2021-01-12 22:05:09.957351 UTC,21.1
2021-01-12,28506686.6755042,United States,mobile,2021-01-12 06:09:18.060547 UTC,2021-01-12 06:30:12.623739 UTC,20.9
2021-01-12,5372320.90339886,United States,desktop,2021-01-12 22:25:47.855261 UTC,2021-01-12 22:45:23.264387 UTC,19.58
2021-01-12,26519562.2001786,Japan,mobile,2021-01-12 11:36:49.778368 UTC,2021-01-12 11:56:02.912482 UTC,19.22
2021-01-12,6139519660.05428,United Kingdom,desktop,2021-01-12 16:11:36.727370 UTC,2021-01-12 16:28:51.585167 UTC,17.23
2021-01-12,38579036.9404376,United States,mobile,2021-01-12 13:42:33.540902 UTC,2021-01-12 13:59:40.801613 UTC,17.12
2021-01-12,31182624.5907876,Canada,desktop,2021-01-12 13:06:16.675783 UTC,2021-01-12 13:22:38.627145 UTC,16.35
2021-01-12,7477637.2776014,United States,mobile,2021-01-12 03:31:57.252854 UTC,2021-01-12 03:45:58.165975 UTC,14.0
2021-01-12,9234069.4874293,United States,mobile,2021-01-12 20:09:37.243280 UTC,2021-01-12 20:20:38.010582 UTC,11.0
2021-01-12,28054315.0309622,United States,desktop,2021-01-12 21:46:29.523539 UTC,2021-01-12 21:57:04.973720 UTC,10.58
2021-01-12,21819616.7879365,India,tablet,2021-01-12 04:34:32.820441 UTC,2021-01-12 04:44:52.353570 UTC,10.32
2021-01-12,3654745.32973666,India,desktop,2021-01-12 07:17:29.412626 UTC,2021-01-12 07:27:22.723578 UTC,9.88
2021-01-12,68642235.5457535,United States,desktop,2021-01-12 16:42:12.994616 UTC,2021-01-12 16:51:41.714118 UTC,9.47
2021-01-12,66110580.391549,United States,desktop,2021-01-12 13:52:14.578315 UTC,2021-01-12 14:01:42.126162 UTC,9.45
2021-01-12,67504810.2599834,Brazil,mobile,2021-01-12 23:03:17.840865 UTC,2021-01-12 23:12:35.238114 UTC,9.28
2021-01-12,59672683.7376655,United States,desktop,2021-01-12 09:37:59.342443 UTC,2021-01-12 09:47:09.530937 UTC,9.17
2021-01-12,46273316.9937478,United States,desktop,2021-01-12 11:13:26.374260 UTC,2021-01-12 11:22:23.564580 UTC,8.95
2021-01-12,19646880.6083875,Germany,desktop,2021-01-12 22:57:30.331189 UTC,2021-01-12 23:05:23.495678 UTC,7.88
2021-01-12,58280513.2382319,United States,desktop,2021-01-12 23:39:44.227061 UTC,2021-01-12 23:47:22.856866 UTC,7.63
2021-01-12,64559895.4607833,Peru,desktop,2021-01-12 19:57:47.778613 UTC,2021-01-12 20:05:08.254600 UTC,7.33
2021-01-12,1907946.08388109,Canada,mobile,2021-01-12 21:45:57.121973 UTC,2021-01-12 21:53:00.880059 UTC,7.05
2021-01-12,39652472.1809478,United States,desktop,2021-01-12 04:04:44.291014 UTC,2021-01-12 04:09:49.026658 UTC,5.07
2021-01-12,7912653.23703738,India,desktop,2021-01-12 20:15:46.488693 UTC,2021-01-12 20:20:01.108196 UTC,4.23
2021-01-12,1157377.25788599,United States,mobile,2021-01-12 17:59:38.542738 UTC,2021-01-12 18:03:24.581737 UTC,3.77
2021-01-12,1063363.89229412,United States,desktop,2021-01-12 00:24:29.506802 UTC,2021-01-12 00:27:19.276277 UTC,2.82
2021-01-13,45479032.7200143,Italy,mobile,2021-01-13 09:19:09.298305 UTC,2021-01-13 15:43:58.057495 UTC,384.8
2021-01-13,46391489.2740731,United States,mobile,2021-01-13 18:45:40.241843 UTC,2021-01-13 21:56:47.229763 UTC,191.1
2021-01-13,59728514.679439,United States,mobile,2021-01-13 18:29:30.527623 UTC,2021-01-13 20:56:53.308866 UTC,147.37
2021-01-13,11810836.6933173,United States,desktop,2021-01-13 17:34:10.250212 UTC,2021-01-13 18:38:04.366845 UTC,63.9
2021-01-13,46104581.7287269,Taiwan,desktop,2021-01-13 12:52:58.250613 UTC,2021-01-13 13:52:46.706517 UTC,59.8
2021-01-13,29570964.3192916,United States,desktop,2021-01-13 15:52:53.581489 UTC,2021-01-13 16:47:36.492408 UTC,54.7
2021-01-13,8733061.54151559,United States,mobile,2021-01-13 14:36:07.610459 UTC,2021-01-13 15:23:50.215542 UTC,47.7
2021-01-13,1597302.44328524,Canada,mobile,2021-01-13 13:40:39.504536 UTC,2021-01-13 14:27:51.244558 UTC,47.18
2021-01-13,93208681.4784997,United States,desktop,2021-01-13 08:04:25.939779 UTC,2021-01-13 08:43:58.806537 UTC,39.53
2021-01-13,35711520.4643729,United States,mobile,2021-01-13 00:06:10.301289 UTC,2021-01-13 00:45:06.994776 UTC,38.93
2021-01-13,3452874.73648326,United States,desktop,2021-01-13 21:46:19.566414 UTC,2021-01-13 22:16:12.214383 UTC,29.87
2021-01-13,16678335.8235637,Canada,desktop,2021-01-13 22:14:50.899054 UTC,2021-01-13 22:42:31.194538 UTC,27.67
2021-01-13,1565944.24035315,Canada,desktop,2021-01-13 17:55:34.057255 UTC,2021-01-13 18:22:57.070380 UTC,27.38
2021-01-13,2221352.07729997,United Kingdom,mobile,2021-01-13 07:50:26.795598 UTC,2021-01-13 08:14:14.036213 UTC,23.78
2021-01-13,55313333.8413369,Hong Kong,desktop,2021-01-13 17:16:57.631920 UTC,2021-01-13 17:39:56.293822 UTC,22.97
2021-01-13,90787481.6558887,United States,mobile,2021-01-13 03:49:06.359902 UTC,2021-01-13 04:09:14.922109 UTC,20.13
2021-01-13,2989708.37246591,Italy,mobile,2021-01-13 08:52:52.991297 UTC,2021-01-13 09:10:30.125718 UTC,17.62
2021-01-13,12421089.9072096,United States,mobile,2021-01-13 16:49:53.071713 UTC,2021-01-13 17:03:54.714853 UTC,14.02
2021-01-13,33973499.7660446,Netherlands,mobile,2021-01-13 10:40:11.840161 UTC,2021-01-13 10:53:52.621527 UTC,13.67
2021-01-13,2242838.19908504,Germany,desktop,2021-01-13 04:07:58.150481 UTC,2021-01-13 04:21:33.302597 UTC,13.58
2021-01-13,3125944.34953345,United States,mobile,2021-01-13 05:22:45.908913 UTC,2021-01-13 05:36:17.813505 UTC,13.52
2021-01-13,34601914.8335175,United States,desktop,2021-01-13 17:17:37.269175 UTC,2021-01-13 17:31:00.289719 UTC,13.38
2021-01-13,8735747.53915137,United States,desktop,2021-01-13 05:46:49.940169 UTC,2021-01-13 05:58:32.038744 UTC,11.7
2021-01-13,6476704.89574188,United States,desktop,2021-01-13 04:52:58.416220 UTC,2021-01-13 05:04:23.927139 UTC,11.42
2021-01-13,1263510.23469034,United States,desktop,2021-01-13 01:35:38.086476 UTC,2021-01-13 01:45:16.914335 UTC,9.63
2021-01-13,18999141.8287009,Singapore,desktop,2021-01-13 14:07:23.131658 UTC,2021-01-13 14:15:55.270747 UTC,8.53
2021-01-13,4553520.45812075,United States,mobile,2021-01-13 08:20:05.255868 UTC,2021-01-13 08:27:59.100625 UTC,7.88
2021-01-13,8822878673.49749,Poland,desktop,2021-01-13 03:43:58.875478 UTC,2021-01-13 03:51:37.194930 UTC,7.63
2021-01-13,2818855.28196106,United States,desktop,2021-01-13 19:59:07.815021 UTC,2021-01-13 20:05:56.285884 UTC,6.8
2021-01-13,2989628.14630943,United States,mobile,2021-01-13 13:01:48.132406 UTC,2021-01-13 13:08:29.436070 UTC,6.68
2021-01-13,74206339.1857618,Malaysia,desktop,2021-01-13 05:37:41.692833 UTC,2021-01-13 05:44:07.869904 UTC,6.43
2021-01-13,7989341.00971916,Canada,desktop,2021-01-13 17:41:10.719674 UTC,2021-01-13 17:47:20.828248 UTC,6.17
2021-01-13,16376869.9874342,Japan,desktop,2021-01-13 08:22:18.858951 UTC,2021-01-13 08:28:26.696980 UTC,6.12
2021-01-13,1827796.69330097,United States,mobile,2021-01-13 00:49:14.938587 UTC,2021-01-13 00:51:42.889122 UTC,2.45
2021-01-14,2566418.55355188,United States,mobile,2021-01-14 05:28:46.302543 UTC,2021-01-14 15:31:46.589580 UTC,603.0
2021-01-14,2743599.51422281,Canada,desktop,2021-01-14 01:31:07.830328 UTC,2021-01-14 06:17:39.670207 UTC,286.52
2021-01-14,22646362.7872198,Spain,desktop,2021-01-14 19:11:35.242704 UTC,2021-01-14 22:16:18.118827 UTC,184.7
2021-01-14,4272875163.16103,France,desktop,2021-01-14 17:51:23.067298 UTC,2021-01-14 20:01:58.351985 UTC,130.58
2021-01-14,3313947.56354209,United States,desktop,2021-01-14 09:32:16.875073 UTC,2021-01-14 11:39:37.355651 UTC,127.33
2021-01-14,51069406.8561317,Turkey,mobile,2021-01-14 11:14:35.536136 UTC,2021-01-14 13:17:14.312037 UTC,122.63
2021-01-14,6359627.3798772,Canada,mobile,2021-01-14 07:53:51.398400 UTC,2021-01-14 09:46:18.922320 UTC,112.45
2021-01-14,6596652961.16772,United States,mobile,2021-01-14 14:21:39.081903 UTC,2021-01-14 16:10:16.567397 UTC,108.62
2021-01-14,3577740.60995093,United States,desktop,2021-01-14 00:00:37.525656 UTC,2021-01-14 01:31:33.938179 UTC,90.93
2021-01-14,5913077.96766274,United States,desktop,2021-01-14 13:39:30.492872 UTC,2021-01-14 14:55:27.134088 UTC,75.93
2021-01-14,9222870.9095775,United States,desktop,2021-01-14 04:20:41.757004 UTC,2021-01-14 05:31:33.113914 UTC,70.85
2021-01-14,30994156.8515094,Chile,desktop,2021-01-14 08:01:39.694422 UTC,2021-01-14 09:08:08.132231 UTC,66.47
2021-01-14,88260882.4631526,United States,desktop,2021-01-14 09:29:27.904196 UTC,2021-01-14 10:19:11.226662 UTC,49.72
2021-01-14,3091736.02733085,United Kingdom,mobile,2021-01-14 18:32:08.154009 UTC,2021-01-14 19:17:25.450648 UTC,45.28
2021-01-14,78767229.787355,United States,mobile,2021-01-14 05:46:14.882430 UTC,2021-01-14 06:25:07.844960 UTC,38.87
2021-01-14,47392694.7102797,India,desktop,2021-01-14 21:06:45.800676 UTC,2021-01-14 21:41:29.525603 UTC,34.72
2021-01-14,2996087395.16615,Canada,desktop,2021-01-14 05:48:59.958862 UTC,2021-01-14 06:20:51.437375 UTC,31.85
2021-01-14,7616416.34424364,Austria,mobile,2021-01-14 22:27:18.401373 UTC,2021-01-14 22:59:02.360152 UTC,31.72
2021-01-14,54696845.1905811,Poland,desktop,2021-01-14 02:38:14.476010 UTC,2021-01-14 03:08:05.695255 UTC,29.85
2021-01-14,3138351.10800687,South Korea,desktop,2021-01-14 12:05:03.247030 UTC,2021-01-14 12:34:37.615645 UTC,29.57
2021-01-14,7209172.20392087,Italy,mobile,2021-01-14 11:45:33.527363 UTC,2021-01-14 12:14:51.905747 UTC,29.3
2021-01-14,86199726.3214867,Canada,mobile,2021-01-14 19:47:36.736794 UTC,2021-01-14 20:16:14.945528 UTC,28.63
2021-01-14,2449114.27630438,France,desktop,2021-01-14 22:28:03.320786 UTC,2021-01-14 22:55:25.320348 UTC,27.35
2021-01-14,1955996.64961608,Bulgaria,mobile,2021-01-14 22:40:03.524665 UTC,2021-01-14 23:06:48.743891 UTC,26.75
2021-01-14,5671461926.85327,United States,mobile,2021-01-14 07:58:46.099370 UTC,2021-01-14 08:21:05.724617 UTC,22.32
2021-01-14,81446984.1609942,India,mobile,2021-01-14 16:32:25.830916 UTC,2021-01-14 16:47:20.527857 UTC,14.9
2021-01-14,2327591.83832389,Taiwan,desktop,2021-01-14 03:41:06.681496 UTC,2021-01-14 03:55:25.986665 UTC,14.32
2021-01-14,1056498.5939985,India,mobile,2021-01-14 14:10:49.231520 UTC,2021-01-14 14:23:36.710364 UTC,12.78
2021-01-14,10469704.347238,United States,desktop,2021-01-14 15:46:59.306187 UTC,2021-01-14 15:59:14.885854 UTC,12.25
2021-01-14,1610487.40358686,Canada,mobile,2021-01-14 11:58:22.537090 UTC,2021-01-14 12:10:26.131686 UTC,12.05
2021-01-14,6070906.88173569,Thailand,desktop,2021-01-14 13:21:13.923233 UTC,2021-01-14 13:33:04.024164 UTC,11.83
2021-01-14,58107154.5830605,India,desktop,2021-01-14 18:16:24.063170 UTC,2021-01-14 18:27:39.787256 UTC,11.25
2021-01-14,52873910.383782,Germany,desktop,2021-01-14 20:55:42.608963 UTC,2021-01-14 21:05:31.138469 UTC,9.8
2021-01-14,39845693.8115714,United States,desktop,2021-01-14 14:47:12.570792 UTC,2021-01-14 14:56:49.374133 UTC,9.6
2021-01-14,2011898130.93548,United States,mobile,2021-01-14 14:44:36.119180 UTC,2021-01-14 14:54:10.268727 UTC,9.57
2021-01-14,80399793.1335226,Thailand,mobile,2021-01-14 06:41:09.158679 UTC,2021-01-14 06:50:17.597400 UTC,9.13
2021-01-14,1760327.11262662,Greece,desktop,2021-01-14 12:37:55.211661 UTC,2021-01-14 12:46:58.706805 UTC,9.05
2021-01-14,4571300.14306874,Canada,desktop,2021-01-14 01:10:02.423501 UTC,2021-01-14 01:19:02.209522 UTC,8.98
2021-01-14,7203299.07382128,Canada,desktop,2021-01-14 04:18:36.872058 UTC,2021-01-14 04:27:21.164969 UTC,8.73
2021-01-14,45275825.1846507,Brazil,desktop,2021-01-14 13:28:52.785193 UTC,2021-01-14 13:36:54.410829 UTC,8.02
2021-01-14,3741233.80331507,United States,mobile,2021-01-14 10:44:39.506096 UTC,2021-01-14 10:50:53.976438 UTC,6.23
2021-01-14,2651197.15325528,Canada,mobile,2021-01-14 00:08:44.622688 UTC,2021-01-14 00:14:36.973872 UTC,5.87
2021-01-14,4939841.76911965,United States,mobile,2021-01-14 05:19:58.587543 UTC,2021-01-14 05:24:49.329745 UTC,4.83
2021-01-14,2288007.4516543,Canada,mobile,2021-01-14 15:52:23.875194 UTC,2021-01-14 15:57:13.666236 UTC,4.82
2021-01-14,3098302.00627737,Canada,desktop,2021-01-14 22:35:07.659603 UTC,2021-01-14 22:39:23.635624 UTC,4.25
2021-01-14,81822575.7298912,France,desktop,2021-01-14 19:50:56.531998 UTC,2021-01-14 19:55:05.351068 UTC,4.13
2021-01-14,26101027.9336397,United States,mobile,2021-01-14 23:10:16.413083 UTC,2021-01-14 23:13:44.612032 UTC,3.47
2021-01-15,2095299.84048623,Spain,desktop,2021-01-15 00:00:53.608911 UTC,2021-01-15 13:39:30.531208 UTC,818.6
2021-01-15,77637054.0215352,United States,mobile,2021-01-15 13:17:11.209444 UTC,2021-01-15 17:46:20.490253 UTC,269.15
2021-01-15,6008274.66816728,United States,mobile,2021-01-15 14:22:08.752738 UTC,2021-01-15 18:15:20.592488 UTC,233.18
2021-01-15,57342905.1174047,United States,desktop,2021-01-15 15:27:58.028401 UTC,2021-01-15 18:15:11.526969 UTC,167.22
2021-01-15,2221352.07729997,United Kingdom,mobile,2021-01-15 05:16:46.851558 UTC,2021-01-15 07:38:04.225537 UTC,141.28
2021-01-15,2118084278.6088,India,desktop,2021-01-15 18:14:13.959873 UTC,2021-01-15 20:12:15.482061 UTC,118.02
2021-01-15,46220931.9485309,Spain,desktop,2021-01-15 17:55:17.713828 UTC,2021-01-15 19:41:53.509011 UTC,106.58
2021-01-15,1052855.9145777,United Kingdom,desktop,2021-01-15 02:34:19.373556 UTC,2021-01-15 03:43:02.563580 UTC,68.72
2021-01-15,41509908.742366,United Kingdom,mobile,2021-01-15 05:07:56.300262 UTC,2021-01-15 06:06:57.571322 UTC,59.02
2021-01-15,30682974.8537804,Russia,mobile,2021-01-15 12:49:28.603287 UTC,2021-01-15 13:39:50.164573 UTC,50.35
2021-01-15,7385163302.42744,Belgium,desktop,2021-01-15 06:41:36.182190 UTC,2021-01-15 07:26:59.106145 UTC,45.37
2021-01-15,73574974.1950894,Canada,mobile,2021-01-15 11:21:47.972760 UTC,2021-01-15 12:06:50.355180 UTC,45.03
2021-01-15,19173235.3605594,United States,mobile,2021-01-15 16:03:27.838343 UTC,2021-01-15 16:34:41.295094 UTC,31.22
2021-01-15,40037626.5183269,United States,desktop,2021-01-15 01:07:02.585553 UTC,2021-01-15 01:37:00.856074 UTC,29.97
2021-01-15,4362150.87086183,United States,mobile,2021-01-15 21:34:14.703195 UTC,2021-01-15 22:01:50.649264 UTC,27.58
2021-01-15,4787327.56968132,United States,desktop,2021-01-15 02:14:41.135023 UTC,2021-01-15 02:41:15.758557 UTC,26.57
2021-01-15,6853761656.01312,Malaysia,mobile,2021-01-15 22:24:18.617798 UTC,2021-01-15 22:47:57.185719 UTC,23.63
2021-01-15,49824355.4882118,Colombia,mobile,2021-01-15 09:47:17.497896 UTC,2021-01-15 10:09:38.129210 UTC,22.33
2021-01-15,59487571.9263599,Spain,mobile,2021-01-15 18:45:34.825201 UTC,2021-01-15 19:04:29.625765 UTC,18.9
2021-01-15,7487576.13183011,United States,desktop,2021-01-15 09:11:23.509210 UTC,2021-01-15 09:29:42.233144 UTC,18.3
2021-01-15,59199504.6442886,Pakistan,desktop,2021-01-15 09:28:00.121108 UTC,2021-01-15 09:43:47.484685 UTC,15.78
2021-01-15,84080911.7958476,United States,mobile,2021-01-15 08:46:17.646202 UTC,2021-01-15 09:00:59.918030 UTC,14.7
2021-01-15,1835311.39553491,United States,desktop,2021-01-15 14:47:03.330704 UTC,2021-01-15 15:01:43.938050 UTC,14.67
2021-01-15,39843505.6953825,United States,mobile,2021-01-15 13:51:42.341112 UTC,2021-01-15 14:05:59.081469 UTC,14.27
2021-01-15,22753922.9124622,United Kingdom,tablet,2021-01-15 14:00:53.108646 UTC,2021-01-15 14:12:02.671496 UTC,11.15
2021-01-15,5762277.11155006,United States,desktop,2021-01-15 10:59:20.807944 UTC,2021-01-15 11:10:04.387127 UTC,10.72
2021-01-15,9081882.07973884,Romania,mobile,2021-01-15 02:55:05.272473 UTC,2021-01-15 03:05:41.939851 UTC,10.6
2021-01-15,91973717.6924755,Canada,mobile,2021-01-15 02:38:44.780140 UTC,2021-01-15 02:49:15.291912 UTC,10.5
2021-01-15,74338699.5616778,Ireland,desktop,2021-01-15 20:09:16.229341 UTC,2021-01-15 20:18:58.492118 UTC,9.7
2021-01-15,22909370.2921134,Canada,desktop,2021-01-15 22:40:33.786950 UTC,2021-01-15 22:50:11.747725 UTC,9.62
2021-01-15,68720586.9636644,Singapore,desktop,2021-01-15 02:45:34.314631 UTC,2021-01-15 02:54:10.352106 UTC,8.6
2021-01-15,33411958.7357803,Pakistan,tablet,2021-01-15 08:18:54.701679 UTC,2021-01-15 08:26:02.957481 UTC,7.13
2021-01-15,7309138.50837865,India,desktop,2021-01-15 11:58:10.447410 UTC,2021-01-15 12:04:38.077207 UTC,6.45
2021-01-15,8327781.0896379,Peru,desktop,2021-01-15 15:13:53.448388 UTC,2021-01-15 15:19:47.247163 UTC,5.88
2021-01-15,56892325.6022498,Portugal,desktop,2021-01-15 06:40:50.670208 UTC,2021-01-15 06:46:33.840500 UTC,5.72
2021-01-15,59409935.1803617,United States,mobile,2021-01-15 03:52:11.746358 UTC,2021-01-15 03:57:37.928809 UTC,5.43
2021-01-15,79553059.4531556,(not set),desktop,2021-01-15 20:41:47.988623 UTC,2021-01-15 20:45:37.384515 UTC,3.82
2021-01-15,5310673.58937881,United States,mobile,2021-01-15 22:51:56.079271 UTC,2021-01-15 22:54:50.491215 UTC,2.9
2021-01-16,6653444.22727714,Mexico,desktop,2021-01-16 08:32:14.862842 UTC,2021-01-16 10:00:04.771646 UTC,87.82
2021-01-16,9507289116.76852,Canada,desktop,2021-01-16 06:32:47.406495 UTC,2021-01-16 07:56:26.818409 UTC,83.65
2021-01-16,7360520.46989291,Canada,mobile,2021-01-16 05:58:05.922513 UTC,2021-01-16 07:01:22.729093 UTC,63.27
2021-01-16,8852686.23205154,India,desktop,2021-01-16 03:26:41.991285 UTC,2021-01-16 04:18:30.276179 UTC,51.8
2021-01-16,2248754.77831737,India,desktop,2021-01-16 05:26:17.777439 UTC,2021-01-16 06:17:04.326291 UTC,50.77
2021-01-16,4182254.43949551,China,mobile,2021-01-16 00:11:57.337965 UTC,2021-01-16 00:43:18.186858 UTC,31.33
2021-01-16,6253211.38850545,United States,mobile,2021-01-16 05:41:15.298850 UTC,2021-01-16 06:09:48.398165 UTC,28.55
2021-01-16,8615072.6619063,India,mobile,2021-01-16 01:52:38.075920 UTC,2021-01-16 02:20:42.525387 UTC,28.07
2021-01-16,12910025.9027187,South Korea,mobile,2021-01-16 14:24:38.633883 UTC,2021-01-16 14:49:03.165748 UTC,24.4
2021-01-16,6578204.16144697,United States,mobile,2021-01-16 20:13:37.348466 UTC,2021-01-16 20:35:34.357126 UTC,21.95
2021-01-16,88416652.0838323,Netherlands,mobile,2021-01-16 05:37:25.267595 UTC,2021-01-16 05:55:58.443313 UTC,18.55
2021-01-16,34009416.7866578,France,mobile,2021-01-16 00:42:04.544699 UTC,2021-01-16 00:59:50.076730 UTC,17.75
2021-01-16,2065226.27126317,United States,desktop,2021-01-16 02:51:35.632742 UTC,2021-01-16 03:08:45.533784 UTC,17.15
2021-01-16,73713109.3868001,Spain,desktop,2021-01-16 09:23:46.741581 UTC,2021-01-16 09:40:55.099261 UTC,17.13
2021-01-16,8643281.55096575,United States,mobile,2021-01-16 13:54:05.142331 UTC,2021-01-16 14:10:22.577671 UTC,16.28
2021-01-16,2552499.29679928,India,mobile,2021-01-16 03:55:36.775351 UTC,2021-01-16 04:10:57.886863 UTC,15.35
2021-01-16,8579773.80254689,Canada,desktop,2021-01-16 04:58:24.101003 UTC,2021-01-16 05:12:53.224586 UTC,14.48
2021-01-16,4821487.9933529,United States,mobile,2021-01-16 05:18:13.804813 UTC,2021-01-16 05:30:42.905413 UTC,12.48
2021-01-16,1120390.54811598,United Arab Emirates,mobile,2021-01-16 16:05:24.952843 UTC,2021-01-16 16:17:04.560962 UTC,11.65
2021-01-16,84183079.9532567,United States,desktop,2021-01-16 09:56:40.003716 UTC,2021-01-16 10:05:13.873635 UTC,8.55
2021-01-16,91133314.4607314,Italy,desktop,2021-01-16 08:38:59.198870 UTC,2021-01-16 08:46:14.898993 UTC,7.25
2021-01-16,63170790.9743904,United States,mobile,2021-01-16 03:41:08.500418 UTC,2021-01-16 03:46:41.497033 UTC,5.53
2021-01-16,12024949.0365738,Canada,desktop,2021-01-16 15:27:25.168952 UTC,2021-01-16 15:30:54.669985 UTC,3.48
2021-01-17,4670841.66604694,India,mobile,2021-01-17 10:09:13.317289 UTC,2021-01-17 23:35:07.240500 UTC,805.88
2021-01-17,4245089.13785453,United States,desktop,2021-01-17 03:11:32.212048 UTC,2021-01-17 03:48:24.855449 UTC,36.87
2021-01-17,42447971.3619447,Taiwan,desktop,2021-01-17 05:31:58.049955 UTC,2021-01-17 05:57:27.592243 UTC,25.48
2021-01-17,5593077.55858241,Vietnam,desktop,2021-01-17 21:12:57.507722 UTC,2021-01-17 21:28:23.632071 UTC,15.43
2021-01-17,65073430.5364943,United States,mobile,2021-01-17 12:05:12.360175 UTC,2021-01-17 12:19:09.431046 UTC,13.95
2021-01-17,32766754.5230428,United States,mobile,2021-01-17 21:52:41.407967 UTC,2021-01-17 22:05:36.319447 UTC,12.9
2021-01-17,7672681.69975562,Colombia,desktop,2021-01-17 13:16:54.974178 UTC,2021-01-17 13:28:20.697807 UTC,11.42
2021-01-17,28899899.4015353,United States,desktop,2021-01-17 05:11:20.579809 UTC,2021-01-17 05:21:06.385126 UTC,9.75
2021-01-17,34598529.4237983,United States,mobile,2021-01-17 20:11:04.969143 UTC,2021-01-17 20:19:40.978470 UTC,8.6
2021-01-17,5222739.29060737,United States,desktop,2021-01-17 07:28:30.089765 UTC,2021-01-17 07:35:28.750409 UTC,6.97
2021-01-17,85958053.1882781,Canada,desktop,2021-01-17 22:23:16.232212 UTC,2021-01-17 22:30:12.111629 UTC,6.92
2021-01-17,61118967.805673,United States,desktop,2021-01-17 06:34:24.992155 UTC,2021-01-17 06:41:00.471627 UTC,6.58
2021-01-17,4588111.76289982,Japan,desktop,2021-01-17 09:15:59.506997 UTC,2021-01-17 09:20:51.016623 UTC,4.85
2021-01-17,75939083.3310904,Germany,desktop,2021-01-17 23:16:56.402095 UTC,2021-01-17 23:20:25.553616 UTC,3.48
2021-01-18,8879858.9670506,United States,desktop,2021-01-18 00:13:20.597682 UTC,2021-01-18 07:21:53.960206 UTC,428.55
2021-01-18,70663679.7784057,Colombia,mobile,2021-01-18 12:47:36.453340 UTC,2021-01-18 15:33:13.773523 UTC,165.62
2021-01-18,80133734.9366717,Turkey,mobile,2021-01-18 00:35:29.365730 UTC,2021-01-18 01:46:28.428814 UTC,70.98
2021-01-18,67694191.0095135,Australia,mobile,2021-01-18 05:44:37.690274 UTC,2021-01-18 06:14:31.941575 UTC,29.9
2021-01-18,7012652.48823885,India,desktop,2021-01-18 11:18:32.286935 UTC,2021-01-18 11:44:21.966392 UTC,25.82
2021-01-18,38139183.374716,United States,desktop,2021-01-18 22:48:36.658321 UTC,2021-01-18 23:11:41.486394 UTC,23.07
2021-01-18,46914181.420401,Ireland,desktop,2021-01-18 16:44:20.190195 UTC,2021-01-18 17:05:57.034630 UTC,21.6
2021-01-18,2385181.02934937,United States,mobile,2021-01-18 19:51:34.149852 UTC,2021-01-18 20:09:27.264140 UTC,17.88
2021-01-18,34971587.2279395,United States,desktop,2021-01-18 20:10:02.279692 UTC,2021-01-18 20:25:14.587471 UTC,15.2
2021-01-18,86162767.5474345,Greece,desktop,2021-01-18 16:02:06.471141 UTC,2021-01-18 16:16:40.814156 UTC,14.57
2021-01-18,7194222.84646459,United States,mobile,2021-01-18 05:09:53.837378 UTC,2021-01-18 05:22:54.069204 UTC,13.0
2021-01-18,8753831.50838124,Canada,desktop,2021-01-18 16:01:22.057265 UTC,2021-01-18 16:13:16.710716 UTC,11.9
2021-01-18,1279595.73483687,United States,mobile,2021-01-18 11:48:53.630709 UTC,2021-01-18 11:59:42.422657 UTC,10.8
2021-01-18,8802884547.00211,United States,mobile,2021-01-18 01:01:32.509649 UTC,2021-01-18 01:10:20.764838 UTC,8.8
2021-01-18,3281707.10092546,(not set),mobile,2021-01-18 13:58:16.953970 UTC,2021-01-18 14:05:14.542683 UTC,6.95
2021-01-18,27837683.7442937,United States,mobile,2021-01-18 21:40:08.585178 UTC,2021-01-18 21:45:40.340454 UTC,5.52
2021-01-18,55551865.7737301,United States,mobile,2021-01-18 07:44:42.208624 UTC,2021-01-18 07:47:28.761312 UTC,2.77
2021-01-18,1461470.17969171,Philippines,desktop,2021-01-18 01:27:00.934775 UTC,2021-01-18 01:29:12.778244 UTC,2.18
2021-01-19,67633752.1426304,United States,mobile,2021-01-19 00:01:15.148144 UTC,2021-01-19 23:27:26.531384 UTC,1406.18
2021-01-19,30859745.1125051,Taiwan,mobile,2021-01-19 03:01:41.426777 UTC,2021-01-19 15:05:33.904539 UTC,723.87
2021-01-19,19635531.2112455,United States,desktop,2021-01-19 15:24:15.666856 UTC,2021-01-19 22:22:53.864568 UTC,418.63
2021-01-19,82626182.5580281,United States,tablet,2021-01-19 14:23:25.346811 UTC,2021-01-19 19:31:58.239168 UTC,308.53
2021-01-19,85629786.1702442,United States,desktop,2021-01-19 04:51:48.872419 UTC,2021-01-19 09:54:07.057552 UTC,302.3
2021-01-19,7411487.60361193,Canada,mobile,2021-01-19 11:49:43.231198 UTC,2021-01-19 16:12:13.535346 UTC,262.5
2021-01-19,80295776.0612534,Indonesia,desktop,2021-01-19 15:59:02.555546 UTC,2021-01-19 19:46:52.873269 UTC,227.83
2021-01-19,26216251.4730699,India,desktop,2021-01-19 19:22:50.227023 UTC,2021-01-19 23:05:48.034770 UTC,222.95
2021-01-19,55607257.5767935,Brazil,desktop,2021-01-19 06:07:04.758966 UTC,2021-01-19 09:39:08.166089 UTC,212.05
2021-01-19,85925370.4835043,France,desktop,2021-01-19 01:15:08.226045 UTC,2021-01-19 04:25:44.963071 UTC,190.6
2021-01-19,25093846.1157408,United States,desktop,2021-01-19 08:57:01.834652 UTC,2021-01-19 11:35:44.546857 UTC,158.7
2021-01-19,20642408.10067,Hong Kong,mobile,2021-01-19 17:11:30.980870 UTC,2021-01-19 19:30:18.263576 UTC,138.78
2021-01-19,77052125.079953,United States,desktop,2021-01-19 11:51:11.884782 UTC,2021-01-19 13:43:20.692235 UTC,112.13
2021-01-19,7702417.51102816,United States,desktop,2021-01-19 20:08:36.821818 UTC,2021-01-19 21:41:26.933468 UTC,92.83
2021-01-19,26725725.4543798,Cyprus,mobile,2021-01-19 15:09:49.251055 UTC,2021-01-19 16:14:05.731076 UTC,64.27
2021-01-19,64274477.5905102,United States,desktop,2021-01-19 17:27:47.247007 UTC,2021-01-19 18:22:11.073660 UTC,54.38
2021-01-19,68123533.2163387,Netherlands,tablet,2021-01-19 18:55:23.538730 UTC,2021-01-19 19:37:38.160448 UTC,42.23
2021-01-19,3191154706.82634,Hong Kong,mobile,2021-01-19 18:44:04.381325 UTC,2021-01-19 19:19:14.924267 UTC,35.17
2021-01-19,63719715.5964715,Greece,desktop,2021-01-19 21:07:24.444110 UTC,2021-01-19 21:42:16.134031 UTC,34.85
2021-01-19,67199937.0839483,Colombia,mobile,2021-01-19 19:22:44.860570 UTC,2021-01-19 19:53:28.267046 UTC,30.72
2021-01-19,2072888.9498118,United States,desktop,2021-01-19 12:59:22.048714 UTC,2021-01-19 13:27:43.704597 UTC,28.35
2021-01-19,7804688.93902381,Poland,desktop,2021-01-19 18:32:46.224497 UTC,2021-01-19 18:59:23.549850 UTC,26.62
2021-01-19,4185649.95415052,United States,tablet,2021-01-19 19:00:46.260783 UTC,2021-01-19 19:26:20.975827 UTC,25.57
2021-01-19,27488559.426717,Canada,desktop,2021-01-19 04:41:02.981895 UTC,2021-01-19 05:05:55.078996 UTC,24.87
2021-01-19,65154462.1769822,United States,desktop,2021-01-19 13:42:35.090820 UTC,2021-01-19 14:02:51.732303 UTC,20.27
2021-01-19,34884118.9026294,United States,mobile,2021-01-19 06:28:05.357496 UTC,2021-01-19 06:46:58.119163 UTC,18.87
2021-01-19,65868001.1285724,Japan,desktop,2021-01-19 23:35:56.405998 UTC,2021-01-19 23:54:47.603255 UTC,18.85
2021-01-19,40303235.2410831,United States,mobile,2021-01-19 12:55:23.923916 UTC,2021-01-19 13:14:03.867919 UTC,18.65
2021-01-19,683326924.133301,Malaysia,desktop,2021-01-19 22:24:52.812432 UTC,2021-01-19 22:41:44.590306 UTC,16.85
2021-01-19,19173235.3605594,United States,mobile,2021-01-19 11:56:22.434100 UTC,2021-01-19 12:11:37.813492 UTC,15.25
2021-01-19,51790647.1433313,Japan,mobile,2021-01-19 03:51:25.801905 UTC,2021-01-19 04:06:26.205621 UTC,15.0
2021-01-19,21590807.9258004,Ukraine,mobile,2021-01-19 23:08:01.119381 UTC,2021-01-19 23:22:04.413846 UTC,14.05
2021-01-19,7688722.67068298,United States,mobile,2021-01-19 04:49:24.132747 UTC,2021-01-19 05:02:57.019258 UTC,13.53
2021-01-19,47628074.9193506,United States,desktop,2021-01-19 20:48:57.963362 UTC,2021-01-19 21:01:57.017230 UTC,12.98
2021-01-19,83240333.37052,New Zealand,desktop,2021-01-19 20:29:30.955673 UTC,2021-01-19 20:42:09.845615 UTC,12.63
2021-01-19,75172123.3799021,Israel,desktop,2021-01-19 01:14:01.145531 UTC,2021-01-19 01:26:12.191059 UTC,12.18
2021-01-19,5178872.13337042,United States,mobile,2021-01-19 07:27:00.489442 UTC,2021-01-19 07:37:45.050013 UTC,10.73
2021-01-19,6147283.52873392,United States,tablet,2021-01-19 18:41:22.394728 UTC,2021-01-19 18:51:46.742020 UTC,10.4
2021-01-19,26275601.6544751,United States,mobile,2021-01-19 16:56:31.701819 UTC,2021-01-19 17:05:35.775829 UTC,9.07
2021-01-19,85787365.3279428,Taiwan,desktop,2021-01-19 17:05:26.075709 UTC,2021-01-19 17:14:05.419881 UTC,8.65
2021-01-19,8643281.55096575,United States,mobile,2021-01-19 17:24:02.904495 UTC,2021-01-19 17:32:38.282803 UTC,8.58
2021-01-19,7239310.45101707,United States,desktop,2021-01-19 09:20:00.435024 UTC,2021-01-19 09:28:16.380880 UTC,8.25
2021-01-19,41838139.7242475,United States,desktop,2021-01-19 11:06:21.679695 UTC,2021-01-19 11:14:32.003434 UTC,8.17
2021-01-19,77327517.560308,United States,mobile,2021-01-19 21:16:24.361001 UTC,2021-01-19 21:22:58.415528 UTC,6.57
2021-01-19,3344699.5675826,Vietnam,desktop,2021-01-19 22:09:33.779260 UTC,2021-01-19 22:15:55.476481 UTC,6.35
2021-01-19,2515516062.25398,Taiwan,mobile,2021-01-19 02:14:36.511907 UTC,2021-01-19 02:18:43.516459 UTC,4.12
2021-01-19,7134559299.4601,Canada,mobile,2021-01-19 01:10:07.093388 UTC,2021-01-19 01:13:12.172903 UTC,3.08
2021-01-20,28683334.6180641,United States,desktop,2021-01-20 00:18:21.740024 UTC,2021-01-20 23:53:32.741834 UTC,1415.18
2021-01-20,39124975.6115059,Indonesia,desktop,2021-01-20 00:03:16.317374 UTC,2021-01-20 21:51:09.033494 UTC,1307.87
2021-01-20,64212254.244519,United Kingdom,mobile,2021-01-20 01:03:23.537606 UTC,2021-01-20 22:29:16.472422 UTC,1285.87
2021-01-20,82858250.0760247,United States,desktop,2021-01-20 00:26:54.889898 UTC,2021-01-20 20:25:26.235236 UTC,1198.52
2021-01-20,14361638.5543305,Australia,desktop,2021-01-20 03:49:11.817757 UTC,2021-01-20 22:37:35.052734 UTC,1128.38
2021-01-20,4314741588.8945,Ireland,mobile,2021-01-20 04:48:50.944340 UTC,2021-01-20 22:39:10.387182 UTC,1070.32
2021-01-20,6596516.56235134,United States,desktop,2021-01-20 00:00:04.002194 UTC,2021-01-20 17:47:43.782439 UTC,1067.65
2021-01-20,3508378.07989345,United States,desktop,2021-01-20 09:53:54.986261 UTC,2021-01-20 21:05:21.577639 UTC,671.43
2021-01-20,8376952.21806382,Canada,mobile,2021-01-20 08:11:25.415341 UTC,2021-01-20 17:16:46.317059 UTC,545.33
2021-01-20,30072670.759034,Canada,desktop,2021-01-20 12:19:42.947449 UTC,2021-01-20 18:50:17.553144 UTC,390.57
2021-01-20,8079006.66501821,United States,mobile,2021-01-20 01:22:34.489394 UTC,2021-01-20 07:08:03.918886 UTC,345.48
2021-01-20,47875006.0956034,United States,mobile,2021-01-20 03:28:50.568732 UTC,2021-01-20 08:33:07.009556 UTC,304.27
2021-01-20,3545895.36775503,Ecuador,desktop,2021-01-20 02:32:21.816417 UTC,2021-01-20 07:33:26.922668 UTC,301.08
2021-01-20,1542029.21791129,Canada,mobile,2021-01-20 15:38:48.865846 UTC,2021-01-20 20:20:29.557995 UTC,281.67
2021-01-20,1641119.57588614,Panama,desktop,2021-01-20 01:06:05.629433 UTC,2021-01-20 05:23:25.742410 UTC,257.33
2021-01-20,6914129.20540377,United States,desktop,2021-01-20 20:08:58.747993 UTC,2021-01-20 23:39:15.225989 UTC,210.27
2021-01-20,57237375.770834,United States,mobile,2021-01-20 09:44:01.601866 UTC,2021-01-20 13:11:03.163563 UTC,207.02
2021-01-20,4312288.19109409,United States,desktop,2021-01-20 07:34:05.782934 UTC,2021-01-20 10:15:24.611060 UTC,161.3
2021-01-20,78119366.4954012,Turkey,mobile,2021-01-20 14:33:38.320996 UTC,2021-01-20 17:08:14.103896 UTC,154.58
2021-01-20,8350624.0488361,Italy,mobile,2021-01-20 13:21:54.738723 UTC,2021-01-20 15:44:47.140130 UTC,142.87
2021-01-20,6584802.2768783,United States,mobile,2021-01-20 19:41:55.769209 UTC,2021-01-20 21:58:15.811543 UTC,136.33
2021-01-20,4296769.03508987,United Arab Emirates,mobile,2021-01-20 14:21:07.845230 UTC,2021-01-20 16:24:01.942308 UTC,122.9
2021-01-20,22301850.7055592,United States,desktop,2021-01-20 00:00:12.815386 UTC,2021-01-20 02:00:25.918539 UTC,120.22
2021-01-20,28155107.4937647,United States,mobile,2021-01-20 00:19:02.422970 UTC,2021-01-20 02:17:56.789632 UTC,118.9
2021-01-20,1980255.13505924,Germany,desktop,2021-01-20 16:25:11.717214 UTC,2021-01-20 18:20:31.169838 UTC,115.32
2021-01-20,17092913.6445812,Spain,mobile,2021-01-20 12:58:17.197682 UTC,2021-01-20 14:48:25.879922 UTC,110.13
2021-01-20,61090488.9613703,United States,desktop,2021-01-20 05:20:40.092941 UTC,2021-01-20 06:56:50.898333 UTC,96.17
2021-01-20,14670836.5443476,United States,mobile,2021-01-20 00:56:48.654960 UTC,2021-01-20 02:27:54.524306 UTC,91.08
2021-01-20,3672912.98509066,India,desktop,2021-01-20 20:03:30.551314 UTC,2021-01-20 21:22:46.847088 UTC,79.27
2021-01-20,3124316.30008106,India,tablet,2021-01-20 21:41:58.523304 UTC,2021-01-20 22:59:31.274679 UTC,77.53
2021-01-20,88461236.7556243,Canada,desktop,2021-01-20 06:40:51.348262 UTC,2021-01-20 07:57:33.902659 UTC,76.7
2021-01-20,78091932.1682067,Italy,desktop,2021-01-20 10:20:02.720955 UTC,2021-01-20 11:36:16.398777 UTC,76.22
2021-01-20,4602632.86409457,United States,desktop,2021-01-20 05:16:43.170203 UTC,2021-01-20 06:27:26.536216 UTC,70.72
2021-01-20,60067158.975415,United States,desktop,2021-01-20 01:05:22.647226 UTC,2021-01-20 02:15:19.388475 UTC,69.93
2021-01-20,6956769.07613175,Sri Lanka,mobile,2021-01-20 03:24:49.496139 UTC,2021-01-20 04:26:30.040418 UTC,61.67
2021-01-20,63078466.0698615,Denmark,mobile,2021-01-20 09:07:53.350639 UTC,2021-01-20 10:04:23.310833 UTC,56.48
2021-01-20,4147940.46067237,India,desktop,2021-01-20 12:44:30.702381 UTC,2021-01-20 13:39:01.837392 UTC,54.52
2021-01-20,5516326.84446879,Australia,desktop,2021-01-20 02:40:56.447407 UTC,2021-01-20 03:35:17.446540 UTC,54.33
2021-01-20,8362017.24273766,Malaysia,desktop,2021-01-20 19:07:44.793833 UTC,2021-01-20 20:01:32.440828 UTC,53.78
2021-01-20,86074018.9561167,Netherlands,desktop,2021-01-20 09:22:46.856616 UTC,2021-01-20 10:10:29.704597 UTC,47.7
2021-01-20,80093970.4310926,United States,desktop,2021-01-20 23:17:54.624835 UTC,2021-01-20 23:59:47.727852 UTC,41.88
2021-01-20,42832162.1664847,Algeria,desktop,2021-01-20 05:42:00.924360 UTC,2021-01-20 06:20:48.043420 UTC,38.78
2021-01-20,88556371.7879566,Spain,mobile,2021-01-20 05:33:17.938605 UTC,2021-01-20 06:08:22.423808 UTC,35.07
2021-01-20,91838502.5897605,Canada,desktop,2021-01-20 21:17:53.633418 UTC,2021-01-20 21:50:08.036214 UTC,32.23
2021-01-20,44364780.4705811,Brazil,desktop,2021-01-20 11:51:30.077462 UTC,2021-01-20 12:23:13.626478 UTC,31.72
2021-01-20,25335884.4954821,United States,mobile,2021-01-20 04:58:29.990989 UTC,2021-01-20 05:29:05.415368 UTC,30.58
2021-01-20,1667033.41378157,United States,desktop,2021-01-20 02:39:14.517199 UTC,2021-01-20 03:08:12.327276 UTC,28.95
2021-01-20,26336473.419149,United States,desktop,2021-01-20 17:33:53.921242 UTC,2021-01-20 18:02:42.882352 UTC,28.8
2021-01-20,1477673.16829732,Malaysia,mobile,2021-01-20 02:48:30.341371 UTC,2021-01-20 03:16:41.764987 UTC,28.18
2021-01-20,36361527.2151608,Canada,mobile,2021-01-20 13:45:02.211963 UTC,2021-01-20 14:12:41.573432 UTC,27.65
2021-01-20,71809229.6889565,Romania,mobile,2021-01-20 12:22:21.601639 UTC,2021-01-20 12:49:28.596830 UTC,27.1
2021-01-20,33441899.6129787,Turkey,mobile,2021-01-20 04:31:24.801822 UTC,2021-01-20 04:56:58.452193 UTC,25.55
2021-01-20,84389355.3658704,Canada,desktop,2021-01-20 13:31:18.614963 UTC,2021-01-20 13:56:39.650751 UTC,25.35
2021-01-20,63215058.9209523,Austria,mobile,2021-01-20 19:13:56.828917 UTC,2021-01-20 19:37:31.136805 UTC,23.57
2021-01-20,12616947.5651073,United States,desktop,2021-01-20 19:28:42.339634 UTC,2021-01-20 19:51:28.349756 UTC,22.77
2021-01-20,2422991177.90113,Canada,desktop,2021-01-20 00:35:40.464127 UTC,2021-01-20 00:56:41.552023 UTC,21.02
2021-01-20,8602528.7218802,United States,desktop,2021-01-20 04:44:55.566349 UTC,2021-01-20 05:05:23.608318 UTC,20.47
2021-01-20,46637206.8022807,United States,desktop,2021-01-20 06:18:15.223064 UTC,2021-01-20 06:37:19.986513 UTC,19.07
2021-01-20,4397356.71849302,Spain,desktop,2021-01-20 00:52:16.167374 UTC,2021-01-20 01:10:46.308370 UTC,18.5
2021-01-20,44200284.5307032,United States,desktop,2021-01-20 09:00:53.575885 UTC,2021-01-20 09:19:14.286236 UTC,18.33
2021-01-20,55610405.696891,India,mobile,2021-01-20 08:59:17.833014 UTC,2021-01-20 09:16:44.922040 UTC,17.45
2021-01-20,35347718.5076451,United Kingdom,desktop,2021-01-20 08:56:51.895682 UTC,2021-01-20 09:12:42.434508 UTC,15.83
2021-01-20,21509530.5446744,United States,desktop,2021-01-20 10:25:35.009935 UTC,2021-01-20 10:41:13.342119 UTC,15.63
2021-01-20,7260075.88261977,Singapore,desktop,2021-01-20 09:14:59.027287 UTC,2021-01-20 09:30:11.083096 UTC,15.2
2021-01-20,8014383.67618705,India,mobile,2021-01-20 07:56:30.646441 UTC,2021-01-20 08:11:33.349252 UTC,15.03
2021-01-20,1939811.69489746,Canada,desktop,2021-01-20 22:25:03.928647 UTC,2021-01-20 22:39:58.502075 UTC,14.9
2021-01-20,2963858.68461716,Mexico,mobile,2021-01-20 08:36:54.849321 UTC,2021-01-20 08:51:40.298043 UTC,14.75
2021-01-20,24169354.1033931,Spain,mobile,2021-01-20 04:35:08.398894 UTC,2021-01-20 04:48:46.506709 UTC,13.63
2021-01-20,9205226.11414278,China,mobile,2021-01-20 16:58:01.484972 UTC,2021-01-20 17:10:57.440623 UTC,12.92
2021-01-20,94023659.9782845,United States,desktop,2021-01-20 08:37:28.448716 UTC,2021-01-20 08:50:16.729126 UTC,12.8
2021-01-20,68709941.9241203,Mexico,mobile,2021-01-20 11:17:49.927895 UTC,2021-01-20 11:30:33.042998 UTC,12.72
2021-01-20,16936939.1851914,India,desktop,2021-01-20 01:19:35.357855 UTC,2021-01-20 01:32:03.868731 UTC,12.47
2021-01-20,1647443.26678289,Canada,mobile,2021-01-20 05:30:09.255078 UTC,2021-01-20 05:42:20.025024 UTC,12.17
2021-01-20,38990438.104076,United States,desktop,2021-01-20 00:45:19.574244 UTC,2021-01-20 00:57:26.286508 UTC,12.1
2021-01-20,1676350.12897576,United States,mobile,2021-01-20 22:26:19.064587 UTC,2021-01-20 22:37:05.458346 UTC,10.77
2021-01-20,72288121.2421957,Canada,mobile,2021-01-20 03:40:16.852291 UTC,2021-01-20 03:51:02.311640 UTC,10.75
2021-01-20,8562748.12925285,United States,mobile,2021-01-20 05:25:09.992991 UTC,2021-01-20 05:34:51.366710 UTC,9.68
2021-01-20,4285173.05660583,Israel,desktop,2021-01-20 04:10:24.427596 UTC,2021-01-20 04:19:55.058311 UTC,9.5
2021-01-20,55002300.9025496,United States,desktop,2021-01-20 15:53:18.782777 UTC,2021-01-20 16:01:54.590235 UTC,8.58
2021-01-20,35763731.0874717,Japan,desktop,2021-01-20 08:28:41.800645 UTC,2021-01-20 08:35:52.599903 UTC,7.17
2021-01-20,3691687.91260201,Finland,mobile,2021-01-20 04:02:15.302269 UTC,2021-01-20 04:08:49.927289 UTC,6.57
2021-01-20,7459046621.12453,United States,mobile,2021-01-20 18:13:45.736654 UTC,2021-01-20 18:19:57.840109 UTC,6.2
2021-01-20,7064082.78600414,United States,mobile,2021-01-20 19:28:54.402662 UTC,2021-01-20 19:35:03.754010 UTC,6.15
2021-01-20,3962172.01334826,United States,desktop,2021-01-20 03:08:40.068584 UTC,2021-01-20 03:14:43.493344 UTC,6.05
2021-01-20,20292998.6728029,India,desktop,2021-01-20 00:00:30.200958 UTC,2021-01-20 00:06:19.190187 UTC,5.8
2021-01-20,70483620.3788783,United Kingdom,desktop,2021-01-20 23:50:17.022777 UTC,2021-01-20 23:55:53.770274 UTC,5.6
2021-01-20,70133129.7678205,Sri Lanka,desktop,2021-01-20 23:52:59.710383 UTC,2021-01-20 23:58:25.289577 UTC,5.42
2021-01-20,11651833.7671554,Netherlands,desktop,2021-01-20 03:05:46.526349 UTC,2021-01-20 03:11:02.086683 UTC,5.25
2021-01-20,37639821.8285333,Taiwan,mobile,2021-01-20 23:34:32.110158 UTC,2021-01-20 23:39:43.772433 UTC,5.18
2021-01-20,21242720.7094333,United States,desktop,2021-01-20 09:07:53.889672 UTC,2021-01-20 09:12:47.811251 UTC,4.88
2021-01-20,42349620.0357124,India,desktop,2021-01-20 14:45:55.603402 UTC,2021-01-20 14:50:11.779121 UTC,4.27
2021-01-20,8921633.61941407,United States,desktop,2021-01-20 09:23:47.667389 UTC,2021-01-20 09:27:07.209779 UTC,3.32
2021-01-20,64149999.5594434,United States,desktop,2021-01-20 14:34:54.677334 UTC,2021-01-20 14:37:46.430418 UTC,2.85
2021-01-20,15302055.497849,India,desktop,2021-01-20 18:42:56.859653 UTC,2021-01-20 18:44:31.682218 UTC,1.57
2021-01-21,4565585.6143138,United States,desktop,2021-01-21 06:03:12.709405 UTC,2021-01-21 22:45:16.701600 UTC,1002.05
2021-01-21,66999027.0229648,United States,desktop,2021-01-21 01:59:48.185456 UTC,2021-01-21 13:01:40.254956 UTC,661.87
2021-01-21,6354182.0340556,Italy,desktop,2021-01-21 15:39:58.681694 UTC,2021-01-21 19:42:00.663662 UTC,242.02
2021-01-21,69515603.8086432,Canada,desktop,2021-01-21 01:04:53.341558 UTC,2021-01-21 04:20:38.941510 UTC,195.75
2021-01-21,8391087.6580778,United States,desktop,2021-01-21 02:20:07.554797 UTC,2021-01-21 05:04:00.158287 UTC,163.87
2021-01-21,1182904.18783545,United States,desktop,2021-01-21 08:00:02.008589 UTC,2021-01-21 10:25:52.042516 UTC,145.83
2021-01-21,73497675.9720954,United Kingdom,mobile,2021-01-21 12:06:34.202365 UTC,2021-01-21 14:09:06.364824 UTC,122.53
2021-01-21,8076546.38140788,India,mobile,2021-01-21 16:18:42.881021 UTC,2021-01-21 18:17:13.232781 UTC,118.5
2021-01-21,37657350.9876173,Japan,mobile,2021-01-21 11:14:18.704807 UTC,2021-01-21 12:58:27.110927 UTC,104.13
2021-01-21,3453405.59867756,Portugal,desktop,2021-01-21 04:39:12.098966 UTC,2021-01-21 05:58:26.693994 UTC,79.23
2021-01-21,72957336.1004222,South Korea,desktop,2021-01-21 06:07:11.338341 UTC,2021-01-21 07:10:58.355260 UTC,63.78
2021-01-21,56116181.3729633,United States,desktop,2021-01-21 05:44:01.400143 UTC,2021-01-21 06:44:45.585371 UTC,60.73
2021-01-21,5184896.77739348,Slovakia,desktop,2021-01-21 22:20:52.024014 UTC,2021-01-21 23:13:15.915518 UTC,52.38
2021-01-21,86121936.2933288,United States,mobile,2021-01-21 05:55:24.698540 UTC,2021-01-21 06:45:01.958540 UTC,49.62
2021-01-21,7525051.34319229,Turkey,desktop,2021-01-21 12:28:55.000290 UTC,2021-01-21 13:17:27.473202 UTC,48.53
2021-01-21,16781365.5167027,France,desktop,2021-01-21 01:28:54.561563 UTC,2021-01-21 02:15:34.524180 UTC,46.65
2021-01-21,40901811.117129,Brazil,mobile,2021-01-21 11:40:51.461282 UTC,2021-01-21 12:26:07.443203 UTC,45.25
2021-01-21,40322346.7762887,Germany,desktop,2021-01-21 13:10:50.091462 UTC,2021-01-21 13:51:28.779884 UTC,40.63
2021-01-21,18826010.1177085,United Kingdom,desktop,2021-01-21 14:26:53.623829 UTC,2021-01-21 15:07:07.030851 UTC,40.22
2021-01-21,8905000.71397764,Canada,desktop,2021-01-21 09:26:37.682890 UTC,2021-01-21 10:04:00.233433 UTC,37.37
2021-01-21,7479349.19494806,Canada,desktop,2021-01-21 14:55:28.071672 UTC,2021-01-21 15:24:39.426543 UTC,29.18
2021-01-21,52768784.2327124,Switzerland,mobile,2021-01-21 18:10:54.733059 UTC,2021-01-21 18:38:50.860868 UTC,27.93
2021-01-21,85164885.2090345,United States,mobile,2021-01-21 09:02:46.758576 UTC,2021-01-21 09:30:37.127461 UTC,27.83
2021-01-21,2127367.44419352,Sweden,desktop,2021-01-21 12:40:08.679081 UTC,2021-01-21 13:06:08.003178 UTC,25.98
2021-01-21,6596516.56235134,United States,desktop,2021-01-21 16:50:45.775219 UTC,2021-01-21 17:15:55.370815 UTC,25.15
2021-01-21,89204999.811059,United States,desktop,2021-01-21 08:38:13.698831 UTC,2021-01-21 09:02:58.430856 UTC,24.73
2021-01-21,6789255.8149326,United States,mobile,2021-01-21 08:17:40.059210 UTC,2021-01-21 08:42:11.690874 UTC,24.52
2021-01-21,66744288.9282795,Brazil,mobile,2021-01-21 15:10:12.181751 UTC,2021-01-21 15:34:22.348207 UTC,24.17
2021-01-21,83072571.2219987,Canada,desktop,2021-01-21 15:47:06.625642 UTC,2021-01-21 16:07:15.346869 UTC,20.13
2021-01-21,27815556.2090097,United States,mobile,2021-01-21 18:27:21.964140 UTC,2021-01-21 18:43:49.769368 UTC,16.45
2021-01-21,5250455.67267753,Australia,mobile,2021-01-21 01:57:49.636591 UTC,2021-01-21 02:14:12.128884 UTC,16.37
2021-01-21,4571790.47163677,United States,desktop,2021-01-21 20:42:16.098361 UTC,2021-01-21 20:57:51.232239 UTC,15.58
2021-01-21,18959111.1595509,Taiwan,desktop,2021-01-21 01:45:09.729844 UTC,2021-01-21 01:59:37.346431 UTC,14.45
2021-01-21,6456054.71400868,Brazil,desktop,2021-01-21 04:27:03.883034 UTC,2021-01-21 04:40:19.448283 UTC,13.25
2021-01-21,52862856.2554999,United Arab Emirates,desktop,2021-01-21 07:54:14.587398 UTC,2021-01-21 08:07:02.043041 UTC,12.78
2021-01-21,72275845.1755516,India,mobile,2021-01-21 05:38:17.254508 UTC,2021-01-21 05:49:36.165144 UTC,11.3
2021-01-21,7933980.00733822,Japan,desktop,2021-01-21 01:38:10.916868 UTC,2021-01-21 01:49:10.932184 UTC,11.0
2021-01-21,79173479.1654218,United States,mobile,2021-01-21 02:17:02.492614 UTC,2021-01-21 02:26:19.704012 UTC,9.28
2021-01-21,3297728.5602497,Malaysia,mobile,2021-01-21 13:02:34.803941 UTC,2021-01-21 13:11:03.789075 UTC,8.47
2021-01-21,21879794.5087489,United States,tablet,2021-01-21 01:45:05.252862 UTC,2021-01-21 01:53:30.737220 UTC,8.42
2021-01-21,77589527.0276705,Slovenia,desktop,2021-01-21 07:35:26.432347 UTC,2021-01-21 07:43:34.877103 UTC,8.13
2021-01-21,71187662.8657925,United Kingdom,mobile,2021-01-21 00:08:09.924602 UTC,2021-01-21 00:16:04.706936 UTC,7.9
2021-01-21,3361034.45073768,Colombia,desktop,2021-01-21 13:57:17.254126 UTC,2021-01-21 14:04:52.982110 UTC,7.58
2021-01-21,7333732.41622227,United States,desktop,2021-01-21 11:47:07.300564 UTC,2021-01-21 11:54:10.907212 UTC,7.05
2021-01-21,8321172.74937802,United States,desktop,2021-01-21 01:11:17.219978 UTC,2021-01-21 01:18:01.010213 UTC,6.72
2021-01-21,8586642.36941379,United States,desktop,2021-01-21 21:25:17.291815 UTC,2021-01-21 21:31:59.121183 UTC,6.68
2021-01-21,1594874.6106636,Singapore,mobile,2021-01-21 17:01:41.309776 UTC,2021-01-21 17:07:32.024394 UTC,5.83
2021-01-21,5114182.56852132,Colombia,desktop,2021-01-21 21:15:58.022294 UTC,2021-01-21 21:21:31.790752 UTC,5.55
2021-01-21,2095299.84048623,Spain,desktop,2021-01-21 19:42:20.758074 UTC,2021-01-21 19:46:00.273627 UTC,3.65
2021-01-22,3284425.12469923,Egypt,desktop,2021-01-22 00:08:51.434572 UTC,2021-01-22 22:41:42.830738 UTC,1352.85
2021-01-22,32537323.1786293,Armenia,mobile,2021-01-22 03:05:38.649628 UTC,2021-01-22 20:37:08.460728 UTC,1051.48
2021-01-22,76814224.5351128,India,desktop,2021-01-22 00:56:27.815375 UTC,2021-01-22 16:23:57.284846 UTC,927.48
2021-01-22,2079337.452146,United States,desktop,2021-01-22 05:01:11.212166 UTC,2021-01-22 15:29:20.774307 UTC,628.15
2021-01-22,77358157.4999153,Israel,mobile,2021-01-22 02:27:22.606546 UTC,2021-01-22 10:41:08.766598 UTC,493.77
2021-01-22,4537895.55433325,United States,desktop,2021-01-22 08:47:19.246276 UTC,2021-01-22 15:58:21.816185 UTC,431.03
2021-01-22,53386672.0195873,United Kingdom,desktop,2021-01-22 12:30:44.697017 UTC,2021-01-22 18:55:07.991633 UTC,384.38
2021-01-22,13500156.3163927,United States,mobile,2021-01-22 17:50:20.194929 UTC,2021-01-22 23:31:51.959762 UTC,341.52
2021-01-22,33022310.8291424,India,desktop,2021-01-22 04:03:54.469364 UTC,2021-01-22 08:04:39.761055 UTC,240.75
2021-01-22,76213920.5448983,South Korea,desktop,2021-01-22 18:50:55.269514 UTC,2021-01-22 22:38:31.208238 UTC,227.58
2021-01-22,3518681.55718223,Japan,desktop,2021-01-22 13:07:06.072031 UTC,2021-01-22 16:49:40.288555 UTC,222.57
2021-01-22,8897760.40485145,Uruguay,desktop,2021-01-22 16:39:51.057889 UTC,2021-01-22 19:44:18.323048 UTC,184.45
2021-01-22,7228563.77998697,United States,desktop,2021-01-22 13:11:24.206783 UTC,2021-01-22 16:08:32.409204 UTC,177.13
2021-01-22,71698975.4988844,Spain,mobile,2021-01-22 19:43:45.314472 UTC,2021-01-22 22:26:35.497191 UTC,162.83
2021-01-22,91937968.1617199,United States,mobile,2021-01-22 17:00:20.586356 UTC,2021-01-22 19:40:25.375153 UTC,160.07
2021-01-22,4178087.70329111,United States,desktop,2021-01-22 00:18:31.598965 UTC,2021-01-22 02:31:08.526496 UTC,132.6
2021-01-22,5183343.70585474,Czechia,mobile,2021-01-22 18:14:43.069759 UTC,2021-01-22 20:26:21.657920 UTC,131.63
2021-01-22,52963408.8320264,United States,mobile,2021-01-22 05:07:35.553748 UTC,2021-01-22 07:14:26.512113 UTC,126.83
2021-01-22,5206744.711746,United States,mobile,2021-01-22 09:02:32.489914 UTC,2021-01-22 11:04:52.387573 UTC,122.32
2021-01-22,6494158.41677008,Poland,desktop,2021-01-22 05:26:40.680560 UTC,2021-01-22 07:19:06.885735 UTC,112.43
2021-01-22,4776388.17694632,Germany,desktop,2021-01-22 04:23:07.642504 UTC,2021-01-22 06:13:24.652737 UTC,110.28
2021-01-22,6912309.87305959,United States,desktop,2021-01-22 00:32:46.515525 UTC,2021-01-22 02:18:21.059314 UTC,105.57
2021-01-22,4151776.68768922,Canada,desktop,2021-01-22 16:02:38.795473 UTC,2021-01-22 17:11:41.742078 UTC,69.03
2021-01-22,7200301.23348271,United States,mobile,2021-01-22 00:23:57.726062 UTC,2021-01-22 01:31:44.692594 UTC,67.77
2021-01-22,8771490.83371939,France,desktop,2021-01-22 09:32:51.854539 UTC,2021-01-22 10:37:56.977871 UTC,65.08
2021-01-22,57586498.6941778,India,desktop,2021-01-22 10:19:12.451748 UTC,2021-01-22 11:21:38.952559 UTC,62.43
2021-01-22,9086711895.71067,United States,desktop,2021-01-22 21:10:34.949870 UTC,2021-01-22 22:10:10.317817 UTC,59.58
2021-01-22,1857672.49624388,United States,desktop,2021-01-22 10:41:10.935616 UTC,2021-01-22 11:34:49.917348 UTC,53.63
2021-01-22,2420798.44927312,South Korea,mobile,2021-01-22 18:09:45.172507 UTC,2021-01-22 18:58:45.041759 UTC,48.98
2021-01-22,89580065.9315532,Canada,tablet,2021-01-22 14:08:28.519506 UTC,2021-01-22 14:55:11.096505 UTC,46.7
2021-01-22,40812828.6666611,United States,mobile,2021-01-22 09:39:19.017546 UTC,2021-01-22 10:25:44.992976 UTC,46.42
2021-01-22,5501418.94332009,India,mobile,2021-01-22 04:17:01.565926 UTC,2021-01-22 04:58:02.885181 UTC,41.02
2021-01-22,4681297.38578673,United States,mobile,2021-01-22 17:16:53.734481 UTC,2021-01-22 17:53:31.233432 UTC,36.62
2021-01-22,8294350.93385564,United States,desktop,2021-01-22 02:27:46.556347 UTC,2021-01-22 02:58:28.793572 UTC,30.7
2021-01-22,74723909.7241078,United Kingdom,desktop,2021-01-22 02:59:10.734480 UTC,2021-01-22 03:27:31.074668 UTC,28.33
2021-01-22,6088376299.3777,United States,desktop,2021-01-22 00:54:57.792007 UTC,2021-01-22 01:18:37.076057 UTC,23.65
2021-01-22,6149654.37576076,China,mobile,2021-01-22 08:36:59.886505 UTC,2021-01-22 09:00:20.529021 UTC,23.33
2021-01-22,3759465.86225593,United States,desktop,2021-01-22 01:40:17.582357 UTC,2021-01-22 02:03:25.139905 UTC,23.12
2021-01-22,2329522.91835811,Czechia,desktop,2021-01-22 01:01:27.043750 UTC,2021-01-22 01:23:27.650816 UTC,22.0
2021-01-22,7522467.82025318,Hong Kong,desktop,2021-01-22 05:17:21.379292 UTC,2021-01-22 05:39:16.583166 UTC,21.92
2021-01-22,14077297.6378721,Bangladesh,mobile,2021-01-22 14:48:29.528639 UTC,2021-01-22 15:10:21.948972 UTC,21.87
2021-01-22,25974912.9608293,Russia,mobile,2021-01-22 14:39:43.654444 UTC,2021-01-22 15:01:12.296582 UTC,21.47
2021-01-22,2335262.12502134,United States,desktop,2021-01-22 18:28:11.392100 UTC,2021-01-22 18:48:57.938756 UTC,20.77
2021-01-22,80536550.4410904,United States,mobile,2021-01-22 09:31:31.832349 UTC,2021-01-22 09:48:47.869450 UTC,17.27
2021-01-22,3762574.25881793,United States,mobile,2021-01-22 20:17:56.580616 UTC,2021-01-22 20:34:58.201065 UTC,17.02
2021-01-22,83387184.5649814,France,mobile,2021-01-22 13:13:15.157117 UTC,2021-01-22 13:29:19.087100 UTC,16.05
2021-01-22,62148781.8412472,Turkey,mobile,2021-01-22 16:46:11.502769 UTC,2021-01-22 17:01:59.978026 UTC,15.8
2021-01-22,54227281.3443007,United States,desktop,2021-01-22 04:21:53.101498 UTC,2021-01-22 04:37:26.582687 UTC,15.55
2021-01-22,1153010.6286227,Pakistan,mobile,2021-01-22 04:17:54.724423 UTC,2021-01-22 04:33:08.682926 UTC,15.22
2021-01-22,5492322788.79933,United States,desktop,2021-01-22 18:56:16.394204 UTC,2021-01-22 19:11:30.264523 UTC,15.22
2021-01-22,757260624.26387,France,desktop,2021-01-22 06:20:50.638586 UTC,2021-01-22 06:35:33.258037 UTC,14.7
2021-01-22,10092926.3786306,United States,desktop,2021-01-22 05:23:36.291786 UTC,2021-01-22 05:37:36.871176 UTC,14.0
2021-01-22,6124369.21185846,Poland,mobile,2021-01-22 00:58:14.860858 UTC,2021-01-22 01:11:57.858005 UTC,13.7
2021-01-22,69351842.3886353,Japan,desktop,2021-01-22 12:56:45.914064 UTC,2021-01-22 13:10:14.310463 UTC,13.47
2021-01-22,28635254.0781084,United States,desktop,2021-01-22 07:12:50.704423 UTC,2021-01-22 07:26:05.702955 UTC,13.23
2021-01-22,50497945.7749506,Netherlands,mobile,2021-01-22 11:13:09.370945 UTC,2021-01-22 11:26:01.283943 UTC,12.85
2021-01-22,3257974.8575346,United States,desktop,2021-01-22 13:37:43.194861 UTC,2021-01-22 13:50:31.211063 UTC,12.8
2021-01-22,6990021.3233589,United States,desktop,2021-01-22 00:00:03.393173 UTC,2021-01-22 00:12:09.775938 UTC,12.1
2021-01-22,57331972.5170829,United States,desktop,2021-01-22 00:01:00.614852 UTC,2021-01-22 00:12:49.122072 UTC,11.8
2021-01-22,3730938.2489234,Jordan,mobile,2021-01-22 01:49:27.298685 UTC,2021-01-22 02:00:40.811111 UTC,11.22
2021-01-22,4575404.12671726,Sweden,mobile,2021-01-22 13:56:40.792740 UTC,2021-01-22 14:07:52.900736 UTC,11.2
2021-01-22,7008909.02967937,United States,mobile,2021-01-22 05:31:29.675919 UTC,2021-01-22 05:42:41.659206 UTC,11.18
2021-01-22,49272657.0374753,United States,desktop,2021-01-22 22:43:42.704693 UTC,2021-01-22 22:54:44.759324 UTC,11.03
2021-01-22,43134343.6477848,Saudi Arabia,desktop,2021-01-22 00:06:53.649165 UTC,2021-01-22 00:17:24.453251 UTC,10.5
2021-01-22,6150769.81347336,Germany,mobile,2021-01-22 16:37:42.537998 UTC,2021-01-22 16:48:02.726530 UTC,10.33
2021-01-22,4291080.48112548,United States,desktop,2021-01-22 18:17:06.807310 UTC,2021-01-22 18:27:19.409452 UTC,10.2
2021-01-22,75867292.5873201,Australia,mobile,2021-01-22 03:18:49.894130 UTC,2021-01-22 03:29:01.830396 UTC,10.18
2021-01-22,6257810.19837537,China,desktop,2021-01-22 22:39:49.084219 UTC,2021-01-22 22:49:33.449184 UTC,9.73
2021-01-22,3825667.2959178,United States,mobile,2021-01-22 07:57:47.207225 UTC,2021-01-22 08:07:29.564713 UTC,9.7
2021-01-22,37250294.4002346,United States,desktop,2021-01-22 20:51:43.858109 UTC,2021-01-22 21:01:17.622325 UTC,9.55
2021-01-22,9102715.40218858,France,mobile,2021-01-22 09:11:48.277272 UTC,2021-01-22 09:21:12.308634 UTC,9.4
2021-01-22,57746381.0758593,Netherlands,mobile,2021-01-22 13:35:30.733291 UTC,2021-01-22 13:44:54.215414 UTC,9.38
2021-01-22,12545442.9053678,China,desktop,2021-01-22 22:12:41.566902 UTC,2021-01-22 22:21:41.052001 UTC,8.98
2021-01-22,1962634.49289965,Netherlands,mobile,2021-01-22 15:20:46.941740 UTC,2021-01-22 15:29:06.805728 UTC,8.32
2021-01-22,83825447.2353676,United States,desktop,2021-01-22 04:45:25.912759 UTC,2021-01-22 04:53:00.694138 UTC,7.57
2021-01-22,5989927.04242468,United Kingdom,mobile,2021-01-22 12:07:37.744560 UTC,2021-01-22 12:14:04.037938 UTC,6.43
2021-01-22,66021745.1784185,United States,desktop,2021-01-22 00:28:55.993705 UTC,2021-01-22 00:34:59.973588 UTC,6.05
2021-01-22,6080470.47429719,Croatia,desktop,2021-01-22 17:59:29.790301 UTC,2021-01-22 18:05:15.577540 UTC,5.75
2021-01-22,59566070.4632667,India,desktop,2021-01-22 22:42:07.874706 UTC,2021-01-22 22:47:31.365871 UTC,5.38
2021-01-22,47946831.10669,Mexico,desktop,2021-01-22 15:52:48.279775 UTC,2021-01-22 15:57:35.914881 UTC,4.78
2021-01-22,51473797.3600857,South Korea,mobile,2021-01-22 21:59:23.829166 UTC,2021-01-22 22:04:02.455045 UTC,4.63
2021-01-22,33597428.6373883,Argentina,desktop,2021-01-22 13:44:34.955341 UTC,2021-01-22 13:49:06.423556 UTC,4.52
2021-01-22,37616300.9841989,North Macedonia,desktop,2021-01-22 20:14:08.285164 UTC,2021-01-22 20:18:33.664917 UTC,4.42
2021-01-22,3448681.12334572,United States,desktop,2021-01-22 04:43:31.590551 UTC,2021-01-22 04:47:50.766646 UTC,4.32
2021-01-22,48332896.7948919,United States,desktop,2021-01-22 08:19:16.859177 UTC,2021-01-22 08:21:41.291012 UTC,2.4
2021-01-22,29339544.5051604,Taiwan,mobile,2021-01-22 14:10:08.315879 UTC,2021-01-22 14:12:17.464640 UTC,2.15
2021-01-23,49358925.476331,United States,mobile,2021-01-23 09:35:50.753979 UTC,2021-01-23 21:13:24.705814 UTC,697.55
2021-01-23,7146886.85395578,China,desktop,2021-01-23 09:06:03.819266 UTC,2021-01-23 18:27:13.124448 UTC,561.15
2021-01-23,8905528.15109347,United States,desktop,2021-01-23 08:16:04.001803 UTC,2021-01-23 14:38:57.416828 UTC,382.88
2021-01-23,24202040.2600884,Pakistan,desktop,2021-01-23 00:12:52.400677 UTC,2021-01-23 05:08:49.803336 UTC,295.95
2021-01-23,38807944.2775419,India,desktop,2021-01-23 01:22:39.070692 UTC,2021-01-23 05:28:42.595136 UTC,246.05
2021-01-23,8280779440.99961,India,mobile,2021-01-23 09:15:21.237327 UTC,2021-01-23 12:29:40.513152 UTC,194.32
2021-01-23,6449198.25265222,India,desktop,2021-01-23 08:39:56.928237 UTC,2021-01-23 11:06:53.745230 UTC,146.93
2021-01-23,7427799618.04128,Spain,desktop,2021-01-23 04:32:40.088989 UTC,2021-01-23 06:00:30.875274 UTC,87.83
2021-01-23,16530829.9078909,United States,mobile,2021-01-23 11:14:10.736745 UTC,2021-01-23 12:41:57.782142 UTC,87.78
2021-01-23,58494000.3106433,Netherlands,desktop,2021-01-23 02:52:21.487917 UTC,2021-01-23 04:06:59.859548 UTC,74.63
2021-01-23,16488643.153284,United States,tablet,2021-01-23 18:02:37.129857 UTC,2021-01-23 19:16:37.023428 UTC,73.98
2021-01-23,50683324.7270306,Netherlands,mobile,2021-01-23 06:13:59.444337 UTC,2021-01-23 07:18:09.976105 UTC,64.17
2021-01-23,55689084.7063063,Taiwan,mobile,2021-01-23 06:29:11.267538 UTC,2021-01-23 07:32:00.549566 UTC,62.82
2021-01-23,1852882.28124168,United States,mobile,2021-01-23 07:36:03.864892 UTC,2021-01-23 08:30:50.589122 UTC,54.77
2021-01-23,33636503.5000871,United States,desktop,2021-01-23 08:51:00.578943 UTC,2021-01-23 09:44:49.935584 UTC,53.82
2021-01-23,7842652.96376472,United States,mobile,2021-01-23 13:43:36.842464 UTC,2021-01-23 14:26:57.212105 UTC,43.33
2021-01-23,5106767.95632433,United States,desktop,2021-01-23 01:07:28.987876 UTC,2021-01-23 01:41:46.679312 UTC,34.28
2021-01-23,16040805.0993914,United States,desktop,2021-01-23 00:07:10.274909 UTC,2021-01-23 00:33:03.125795 UTC,25.87
2021-01-23,12545442.9053678,China,desktop,2021-01-23 00:13:38.068301 UTC,2021-01-23 00:38:49.036496 UTC,25.17
2021-01-23,2563148.08522154,India,desktop,2021-01-23 02:10:02.058431 UTC,2021-01-23 02:33:13.081580 UTC,23.18
2021-01-23,6959572.67847097,Brazil,desktop,2021-01-23 03:18:44.846756 UTC,2021-01-23 03:41:14.292880 UTC,22.48
2021-01-23,28916400.9213822,Indonesia,desktop,2021-01-23 12:03:58.445666 UTC,2021-01-23 12:22:55.958454 UTC,18.95
2021-01-23,16239791.9542908,United States,mobile,2021-01-23 11:34:36.159686 UTC,2021-01-23 11:53:29.782354 UTC,18.88
2021-01-23,11352452.9423487,Ireland,mobile,2021-01-23 12:44:21.759710 UTC,2021-01-23 13:03:04.560219 UTC,18.7
2021-01-23,2380209.77769032,United States,tablet,2021-01-23 00:15:00.788915 UTC,2021-01-23 00:32:24.642007 UTC,17.38
2021-01-23,9039571.94544363,United States,mobile,2021-01-23 00:24:01.205089 UTC,2021-01-23 00:37:41.776854 UTC,13.67
2021-01-23,3777881.81973298,Canada,mobile,2021-01-23 00:15:51.670871 UTC,2021-01-23 00:29:04.919059 UTC,13.22
2021-01-23,17092913.6445812,Spain,mobile,2021-01-23 12:47:30.197518 UTC,2021-01-23 13:00:36.645813 UTC,13.1
2021-01-23,97146775.1973953,India,desktop,2021-01-23 10:50:33.473647 UTC,2021-01-23 11:02:43.905586 UTC,12.17
2021-01-23,89951518.2076537,United States,mobile,2021-01-23 03:14:13.516157 UTC,2021-01-23 03:24:32.834188 UTC,10.32
2021-01-23,5184896.77739348,Slovakia,desktop,2021-01-23 00:23:16.262111 UTC,2021-01-23 00:33:25.894735 UTC,10.15
2021-01-23,6724688.10203871,United States,desktop,2021-01-23 04:06:00.724434 UTC,2021-01-23 04:15:51.457052 UTC,9.83
2021-01-23,58413993.0257976,United States,desktop,2021-01-23 16:59:22.253883 UTC,2021-01-23 17:08:28.961552 UTC,9.1
2021-01-23,44546067.0576823,Greece,mobile,2021-01-23 09:47:40.547579 UTC,2021-01-23 09:56:01.023291 UTC,8.33
2021-01-23,5712045.30254543,United States,desktop,2021-01-23 00:07:08.893751 UTC,2021-01-23 00:15:19.369190 UTC,8.17
2021-01-23,43988972.6002488,Canada,desktop,2021-01-23 12:54:04.081896 UTC,2021-01-23 13:02:06.856727 UTC,8.03
2021-01-23,4135762.69066685,United States,desktop,2021-01-23 03:49:53.121488 UTC,2021-01-23 03:55:38.843411 UTC,5.75
2021-01-23,34116301.2167862,United Kingdom,desktop,2021-01-23 05:23:25.373506 UTC,2021-01-23 05:28:55.207802 UTC,5.48
2021-01-23,4205366.27046589,Indonesia,desktop,2021-01-23 00:00:59.374146 UTC,2021-01-23 00:06:13.200689 UTC,5.22
2021-01-23,3903259.64209828,United States,desktop,2021-01-23 00:00:39.828527 UTC,2021-01-23 00:03:22.461696 UTC,2.7
2021-01-23,48568013.6801171,United States,mobile,2021-01-23 01:22:06.170282 UTC,2021-01-23 01:24:37.508718 UTC,2.52
2021-01-23,9133428.25388905,Philippines,desktop,2021-01-23 00:00:17.980925 UTC,2021-01-23 00:01:47.447808 UTC,1.48
2021-01-24,8635951.71553325,Canada,desktop,2021-01-24 04:39:56.724920 UTC,2021-01-24 23:46:48.827539 UTC,1146.87
2021-01-24,4229717.4815659,Vietnam,desktop,2021-01-24 10:03:57.744556 UTC,2021-01-24 23:31:43.853919 UTC,807.77
2021-01-24,6907870.68167855,United States,desktop,2021-01-24 03:01:13.664251 UTC,2021-01-24 08:17:49.087263 UTC,316.58
2021-01-24,7581292.63762013,France,desktop,2021-01-24 18:00:53.751085 UTC,2021-01-24 22:55:16.656326 UTC,294.37
2021-01-24,7134697.06738032,Canada,desktop,2021-01-24 16:36:52.820351 UTC,2021-01-24 19:51:23.751277 UTC,194.5
2021-01-24,5249976.9267752,India,mobile,2021-01-24 18:17:21.975282 UTC,2021-01-24 20:55:35.660033 UTC,158.22
2021-01-24,4568620.3650859,Poland,desktop,2021-01-24 08:00:24.326408 UTC,2021-01-24 09:01:44.572684 UTC,61.33
2021-01-24,6486077.94663523,South Korea,desktop,2021-01-24 02:43:38.826870 UTC,2021-01-24 03:43:19.319861 UTC,59.67
2021-01-24,23023007.796334,United States,mobile,2021-01-24 07:44:15.788581 UTC,2021-01-24 08:28:48.358594 UTC,44.53
2021-01-24,40652857.6013892,France,desktop,2021-01-24 00:45:54.036920 UTC,2021-01-24 01:18:54.221772 UTC,33.0
2021-01-24,3934622.26446619,Canada,desktop,2021-01-24 16:27:04.131791 UTC,2021-01-24 16:55:46.663034 UTC,28.7
2021-01-24,5023092.71889788,United Kingdom,mobile,2021-01-24 01:02:41.827379 UTC,2021-01-24 01:25:29.491283 UTC,22.78
2021-01-24,4244063.57462298,United States,mobile,2021-01-24 17:21:41.627423 UTC,2021-01-24 17:44:20.005754 UTC,22.63
2021-01-24,15783578.7353536,Canada,desktop,2021-01-24 05:20:57.537382 UTC,2021-01-24 05:42:15.923033 UTC,21.3
2021-01-24,4040287.72265086,Netherlands,mobile,2021-01-24 15:48:04.980385 UTC,2021-01-24 16:06:57.089925 UTC,18.87
2021-01-24,78331614.570289,United States,mobile,2021-01-24 22:29:51.668471 UTC,2021-01-24 22:45:32.703902 UTC,15.68
2021-01-24,8857034.73284712,United States,desktop,2021-01-24 15:19:07.751181 UTC,2021-01-24 15:33:50.820796 UTC,14.72
2021-01-24,68948805.5649073,India,desktop,2021-01-24 02:32:39.012528 UTC,2021-01-24 02:47:18.177254 UTC,14.65
2021-01-24,6529983.55675628,Canada,mobile,2021-01-24 16:54:21.229979 UTC,2021-01-24 17:08:14.659076 UTC,13.88
2021-01-24,8874942.80453853,Canada,mobile,2021-01-24 18:11:29.325009 UTC,2021-01-24 18:25:20.528301 UTC,13.85
2021-01-24,94722330.137012,United States,desktop,2021-01-24 00:29:28.114927 UTC,2021-01-24 00:41:26.600363 UTC,11.97
2021-01-24,8994558.95161864,United States,desktop,2021-01-24 15:56:31.987337 UTC,2021-01-24 16:07:34.176901 UTC,11.03
2021-01-24,59995715.3236223,Germany,desktop,2021-01-24 10:43:08.538668 UTC,2021-01-24 10:53:36.183431 UTC,10.45
2021-01-24,3519862.55009553,Canada,mobile,2021-01-24 16:17:01.483283 UTC,2021-01-24 16:27:03.521063 UTC,10.03
2021-01-24,2884152188.98484,United States,mobile,2021-01-24 00:13:06.952342 UTC,2021-01-24 00:22:15.372798 UTC,9.13
2021-01-24,11383596.2291019,United States,desktop,2021-01-24 06:21:52.019516 UTC,2021-01-24 06:30:08.878157 UTC,8.27
2021-01-24,50131723.8552639,Malaysia,mobile,2021-01-24 14:48:01.629836 UTC,2021-01-24 14:55:01.070981 UTC,6.98
2021-01-24,18222174.8869767,United States,mobile,2021-01-24 14:43:41.961388 UTC,2021-01-24 14:50:20.151348 UTC,6.63
2021-01-24,5817047.83506693,United States,mobile,2021-01-24 03:43:17.304339 UTC,2021-01-24 03:48:44.963829 UTC,5.45
2021-01-24,44550490.2728862,United States,mobile,2021-01-24 17:54:59.177491 UTC,2021-01-24 18:00:03.495419 UTC,5.07
2021-01-24,6071043.77186087,United States,desktop,2021-01-24 22:43:35.375541 UTC,2021-01-24 22:48:25.696164 UTC,4.83
2021-01-24,7528571.78133608,Philippines,mobile,2021-01-24 21:13:44.970860 UTC,2021-01-24 21:17:27.628782 UTC,3.7
2021-01-24,72883375.0508388,Canada,mobile,2021-01-24 17:53:08.754449 UTC,2021-01-24 17:56:13.032306 UTC,3.07
2021-01-24,4059472.83893135,United States,mobile,2021-01-24 00:00:01.416643 UTC,2021-01-24 00:02:29.325162 UTC,2.45
2021-01-24,8272346.3449861,India,desktop,2021-01-24 22:48:41.935440 UTC,2021-01-24 22:51:02.674777 UTC,2.33
2021-01-25,62257296.4539268,United States,mobile,2021-01-25 00:28:14.918012 UTC,2021-01-25 17:18:44.545886 UTC,1010.48
2021-01-25,3656062.71723766,United States,mobile,2021-01-25 17:11:19.793091 UTC,2021-01-25 21:09:44.673468 UTC,238.4
2021-01-25,5416604749.08589,Spain,desktop,2021-01-25 03:02:20.629204 UTC,2021-01-25 06:03:26.161514 UTC,181.08
2021-01-25,6994218673.77347,United States,desktop,2021-01-25 21:16:46.656878 UTC,2021-01-25 23:07:04.758217 UTC,110.3
2021-01-25,2766869.11505035,United States,mobile,2021-01-25 20:40:44.988395 UTC,2021-01-25 22:28:49.116674 UTC,108.07
2021-01-25,53782595.8677191,United States,mobile,2021-01-25 17:45:34.598570 UTC,2021-01-25 19:31:55.534523 UTC,106.33
2021-01-25,5555029.17801523,United States,desktop,2021-01-25 11:44:38.459402 UTC,2021-01-25 13:17:11.084165 UTC,92.53
2021-01-25,5928479.27911708,Belgium,desktop,2021-01-25 19:24:22.610858 UTC,2021-01-25 20:44:11.454743 UTC,79.8
2021-01-25,2393244.22452743,United States,desktop,2021-01-25 20:29:59.596668 UTC,2021-01-25 21:48:07.895238 UTC,78.13
2021-01-25,90281510.6560674,Canada,mobile,2021-01-25 17:58:29.281932 UTC,2021-01-25 19:09:54.278540 UTC,71.4
2021-01-25,41930655.1128174,United States,desktop,2021-01-25 06:34:01.942045 UTC,2021-01-25 07:41:28.430420 UTC,67.43
2021-01-25,99826321.7020196,South Korea,desktop,2021-01-25 19:14:51.080128 UTC,2021-01-25 20:01:26.997635 UTC,46.58
2021-01-25,5395593.73974467,United States,desktop,2021-01-25 04:47:17.215910 UTC,2021-01-25 05:31:20.383390 UTC,44.05
2021-01-25,8626279.34192389,United States,desktop,2021-01-25 00:00:05.277446 UTC,2021-01-25 00:42:13.918826 UTC,42.13
2021-01-25,72935275.0852612,(not set),mobile,2021-01-25 09:50:29.454804 UTC,2021-01-25 10:30:58.046783 UTC,40.47
2021-01-25,8319735.24310282,United States,mobile,2021-01-25 01:04:25.938956 UTC,2021-01-25 01:44:10.120674 UTC,39.73
2021-01-25,65858286.2730201,United States,desktop,2021-01-25 21:56:30.901925 UTC,2021-01-25 22:31:27.855601 UTC,34.93
2021-01-25,1394102.78690332,Sweden,desktop,2021-01-25 11:39:02.190998 UTC,2021-01-25 12:11:29.321428 UTC,32.45
2021-01-25,1282829.2912367,United States,desktop,2021-01-25 19:13:25.269067 UTC,2021-01-25 19:44:01.586147 UTC,30.6
2021-01-25,65074529.5184314,Australia,desktop,2021-01-25 04:02:58.972996 UTC,2021-01-25 04:33:23.169930 UTC,30.4
2021-01-25,7191442.10074391,United States,desktop,2021-01-25 21:07:29.344715 UTC,2021-01-25 21:33:52.987823 UTC,26.38
2021-01-25,4003292.18412573,Thailand,mobile,2021-01-25 22:53:22.929314 UTC,2021-01-25 23:18:19.784421 UTC,24.93
2021-01-25,82769036.0910249,France,desktop,2021-01-25 20:34:05.155789 UTC,2021-01-25 20:55:50.213124 UTC,21.75
2021-01-25,10543466.9758583,United States,tablet,2021-01-25 02:20:20.553933 UTC,2021-01-25 02:40:32.656490 UTC,20.2
2021-01-25,4532388276.80304,United States,desktop,2021-01-25 08:45:59.561774 UTC,2021-01-25 09:06:12.461964 UTC,20.2
2021-01-25,31417474.8321346,United States,mobile,2021-01-25 20:26:15.562319 UTC,2021-01-25 20:44:54.129122 UTC,18.63
2021-01-25,3064545.20194673,France,desktop,2021-01-25 16:57:03.001544 UTC,2021-01-25 17:13:24.767994 UTC,16.35
2021-01-25,29537351.9278056,United Arab Emirates,mobile,2021-01-25 18:38:14.035016 UTC,2021-01-25 18:54:24.410058 UTC,16.17
2021-01-25,18436463.4630313,Kosovo,mobile,2021-01-25 08:11:24.310132 UTC,2021-01-25 08:27:10.707281 UTC,15.77
2021-01-25,1806399.4725727,Taiwan,mobile,2021-01-25 21:42:18.840916 UTC,2021-01-25 21:58:02.632760 UTC,15.72
2021-01-25,2569739.81010318,Canada,desktop,2021-01-25 19:03:11.592870 UTC,2021-01-25 19:18:54.094381 UTC,15.7
2021-01-25,85716296.2746032,Japan,desktop,2021-01-25 19:45:24.147066 UTC,2021-01-25 19:59:35.624859 UTC,14.18
2021-01-25,6685051.13456037,United States,desktop,2021-01-25 19:12:06.931005 UTC,2021-01-25 19:26:04.171949 UTC,13.95
2021-01-25,83964223.5390116,Japan,mobile,2021-01-25 12:58:56.338442 UTC,2021-01-25 13:12:37.464490 UTC,13.68
2021-01-25,59728514.679439,United States,desktop,2021-01-25 00:06:39.343416 UTC,2021-01-25 00:20:18.895571 UTC,13.65
2021-01-25,88676986.2845052,India,mobile,2021-01-25 01:32:05.926068 UTC,2021-01-25 01:45:24.196019 UTC,13.3
2021-01-25,1521415006.85478,United States,desktop,2021-01-25 01:44:48.788921 UTC,2021-01-25 01:57:38.305585 UTC,12.82
2021-01-25,18999567.7932809,United States,desktop,2021-01-25 21:04:19.117336 UTC,2021-01-25 21:17:01.830729 UTC,12.7
2021-01-25,84172914.5775541,United States,desktop,2021-01-25 15:44:08.174163 UTC,2021-01-25 15:56:44.407996 UTC,12.6
2021-01-25,4164125.02950101,Italy,desktop,2021-01-25 10:27:43.565958 UTC,2021-01-25 10:39:58.498453 UTC,12.23
2021-01-25,68008847.1017469,Iceland,mobile,2021-01-25 21:51:52.380231 UTC,2021-01-25 22:03:41.406114 UTC,11.82
2021-01-25,13947818.2704676,United States,desktop,2021-01-25 10:24:07.041447 UTC,2021-01-25 10:35:41.696604 UTC,11.57
2021-01-25,67504810.2599834,Brazil,mobile,2021-01-25 22:47:07.055682 UTC,2021-01-25 22:58:28.401581 UTC,11.35
2021-01-25,4551273.90263954,India,desktop,2021-01-25 03:57:33.674560 UTC,2021-01-25 04:06:59.727680 UTC,9.43
2021-01-25,2798934.16691901,United States,mobile,2021-01-25 03:35:04.541002 UTC,2021-01-25 03:44:26.103539 UTC,9.35
2021-01-25,80818976.3243168,United States,mobile,2021-01-25 06:14:55.761019 UTC,2021-01-25 06:24:11.757028 UTC,9.25
2021-01-25,2190489673.92075,United States,desktop,2021-01-25 21:34:47.777163 UTC,2021-01-25 21:43:35.612255 UTC,8.78
2021-01-25,2588693.45922721,India,mobile,2021-01-25 18:23:08.735059 UTC,2021-01-25 18:31:47.744948 UTC,8.65
2021-01-25,8822878673.49749,Poland,desktop,2021-01-25 23:41:36.197396 UTC,2021-01-25 23:48:52.332936 UTC,7.27
2021-01-25,29339544.5051604,Taiwan,mobile,2021-01-25 18:42:13.973887 UTC,2021-01-25 18:48:27.796146 UTC,6.22
2021-01-25,5857016.56218615,Taiwan,tablet,2021-01-25 09:02:05.794812 UTC,2021-01-25 09:07:59.958419 UTC,5.9
2021-01-25,5820769.21268303,Portugal,mobile,2021-01-25 07:11:44.463516 UTC,2021-01-25 07:17:07.919285 UTC,5.38
2021-01-25,4318527027.1396,United States,mobile,2021-01-25 07:55:10.441451 UTC,2021-01-25 07:59:42.465329 UTC,4.53
2021-01-25,4537895.55433325,United States,desktop,2021-01-25 16:49:12.763176 UTC,2021-01-25 16:53:06.020709 UTC,3.88
2021-01-25,24730584.3649999,Chile,desktop,2021-01-25 12:06:03.340756 UTC,2021-01-25 12:09:45.025135 UTC,3.68
2021-01-25,6408056.96684358,United States,mobile,2021-01-25 22:03:08.485480 UTC,2021-01-25 22:05:49.445793 UTC,2.67
2021-01-25,12545442.9053678,China,desktop,2021-01-25 13:53:52.519310 UTC,2021-01-25 13:56:29.001998 UTC,2.6
2021-01-25,8635951.71553325,Canada,desktop,2021-01-25 00:00:48.489221 UTC,2021-01-25 00:02:57.595959 UTC,2.15
2021-01-26,2042831.72865373,Pakistan,mobile,2021-01-26 07:03:59.596862 UTC,2021-01-26 15:46:53.758271 UTC,522.9
2021-01-26,3612440628.18961,United States,mobile,2021-01-26 00:54:32.537274 UTC,2021-01-26 07:35:52.936021 UTC,401.33
2021-01-26,8571843.90583203,United States,desktop,2021-01-26 09:13:04.209124 UTC,2021-01-26 13:15:34.305520 UTC,242.5
2021-01-26,42546302.3184448,South Africa,tablet,2021-01-26 15:50:45.667726 UTC,2021-01-26 19:22:45.307274 UTC,211.98
2021-01-26,3599399.66866941,United States,desktop,2021-01-26 15:02:05.119728 UTC,2021-01-26 18:10:07.981474 UTC,188.03
2021-01-26,50884028.1034896,Luxembourg,mobile,2021-01-26 03:23:58.397614 UTC,2021-01-26 06:02:19.683695 UTC,158.35
2021-01-26,88929019.3402896,Canada,desktop,2021-01-26 16:49:06.945335 UTC,2021-01-26 19:13:36.175204 UTC,144.48
2021-01-26,16093880.9382962,Poland,mobile,2021-01-26 13:50:13.107307 UTC,2021-01-26 16:06:57.064058 UTC,136.72
2021-01-26,7291397.60910749,Russia,mobile,2021-01-26 02:19:05.002855 UTC,2021-01-26 04:23:26.007208 UTC,124.35
2021-01-26,15883357.2519845,United States,mobile,2021-01-26 03:35:36.322687 UTC,2021-01-26 04:49:44.009707 UTC,74.12
2021-01-26,3877486.77616495,United States,desktop,2021-01-26 00:29:49.906465 UTC,2021-01-26 01:33:46.393097 UTC,63.93
2021-01-26,64920042.7172093,Japan,desktop,2021-01-26 00:38:29.798126 UTC,2021-01-26 01:13:22.149258 UTC,34.87
2021-01-26,14058582.9385029,United States,desktop,2021-01-26 20:57:00.340765 UTC,2021-01-26 21:31:05.908298 UTC,34.08
2021-01-26,54509774.5004364,United States,mobile,2021-01-26 08:23:33.600473 UTC,2021-01-26 08:55:28.045653 UTC,31.9
2021-01-26,25559255.0473451,Taiwan,mobile,2021-01-26 07:01:58.080875 UTC,2021-01-26 07:31:10.023547 UTC,29.18
2021-01-26,64153722.8541983,United States,mobile,2021-01-26 20:40:49.519992 UTC,2021-01-26 21:09:40.833029 UTC,28.85
2021-01-26,7646522.03962924,Algeria,mobile,2021-01-26 13:11:04.775320 UTC,2021-01-26 13:37:54.542117 UTC,26.82
2021-01-26,2298844.69584694,United States,mobile,2021-01-26 21:10:31.021952 UTC,2021-01-26 21:35:40.231090 UTC,25.15
2021-01-26,5746969.21374835,Peru,desktop,2021-01-26 12:19:11.699428 UTC,2021-01-26 12:39:23.004728 UTC,20.18
2021-01-26,83275012.7274119,United States,desktop,2021-01-26 17:57:05.433652 UTC,2021-01-26 18:17:07.561809 UTC,20.03
2021-01-26,45237746.5667441,United States,desktop,2021-01-26 07:41:22.496241 UTC,2021-01-26 08:00:13.671268 UTC,18.85
2021-01-26,8808706.62794248,United States,mobile,2021-01-26 20:03:39.185421 UTC,2021-01-26 20:22:26.506255 UTC,18.78
2021-01-26,2552499.29679928,India,mobile,2021-01-26 03:53:47.082623 UTC,2021-01-26 04:12:24.081188 UTC,18.6
2021-01-26,1853643.34283836,Netherlands,desktop,2021-01-26 07:57:01.290726 UTC,2021-01-26 08:14:46.821005 UTC,17.75
2021-01-26,41786391.2766491,Canada,desktop,2021-01-26 17:44:25.913841 UTC,2021-01-26 18:02:10.986592 UTC,17.75
2021-01-26,8922626.43476024,France,desktop,2021-01-26 00:00:51.311797 UTC,2021-01-26 00:16:46.846510 UTC,15.92
2021-01-26,1076048999.15246,Brazil,mobile,2021-01-26 04:54:06.132343 UTC,2021-01-26 05:09:21.201507 UTC,15.25
2021-01-26,3297728.5602497,Malaysia,mobile,2021-01-26 08:03:20.671390 UTC,2021-01-26 08:18:11.160704 UTC,14.83
2021-01-26,22758259.7142181,India,desktop,2021-01-26 01:38:51.782273 UTC,2021-01-26 01:52:35.656278 UTC,13.72
2021-01-26,8252618717.0494,Taiwan,desktop,2021-01-26 00:27:36.267277 UTC,2021-01-26 00:41:05.879923 UTC,13.48
2021-01-26,5309497742.45605,Canada,mobile,2021-01-26 01:02:18.272711 UTC,2021-01-26 01:15:44.500971 UTC,13.43
2021-01-26,72669904.7639979,Spain,mobile,2021-01-26 16:12:05.265988 UTC,2021-01-26 16:25:23.093850 UTC,13.28
2021-01-26,77935609.6554925,Denmark,desktop,2021-01-26 03:01:44.219741 UTC,2021-01-26 03:14:25.401147 UTC,12.68
2021-01-26,7333732.41622227,United States,desktop,2021-01-26 15:16:06.725331 UTC,2021-01-26 15:27:55.842998 UTC,11.82
2021-01-26,22747613.630601,United States,desktop,2021-01-26 23:15:29.718860 UTC,2021-01-26 23:26:58.595779 UTC,11.47
2021-01-26,61771796.693445,Spain,desktop,2021-01-26 01:53:49.978621 UTC,2021-01-26 02:04:40.130976 UTC,10.83
2021-01-26,17723870.8339931,Romania,mobile,2021-01-26 01:35:31.481939 UTC,2021-01-26 01:45:03.703096 UTC,9.53
2021-01-26,8816916.60592711,United States,mobile,2021-01-26 02:36:55.966765 UTC,2021-01-26 02:46:15.357638 UTC,9.32
2021-01-26,49767223.5352585,United States,mobile,2021-01-26 09:50:08.722901 UTC,2021-01-26 09:59:05.758636 UTC,8.95
2021-01-26,62339222.8549151,United States,mobile,2021-01-26 11:25:10.387935 UTC,2021-01-26 11:33:35.890308 UTC,8.42
2021-01-26,7127030.28231573,Bahamas,desktop,2021-01-26 02:16:45.979215 UTC,2021-01-26 02:24:43.476603 UTC,7.95
2021-01-26,31640172.608766,United States,mobile,2021-01-26 14:45:26.756149 UTC,2021-01-26 14:52:43.931583 UTC,7.28
2021-01-26,1894983799.09349,Netherlands,mobile,2021-01-26 15:29:32.342109 UTC,2021-01-26 15:35:53.136608 UTC,6.33
2021-01-26,9496678.62982379,China,desktop,2021-01-26 10:22:55.535529 UTC,2021-01-26 10:29:11.780403 UTC,6.27
2021-01-26,6743101.42800219,India,desktop,2021-01-26 14:41:56.848777 UTC,2021-01-26 14:47:00.431427 UTC,5.05
2021-01-26,57736746.4807313,United States,mobile,2021-01-26 23:03:30.546134 UTC,2021-01-26 23:07:37.029209 UTC,4.1
2021-01-26,2280241.79500366,United States,desktop,2021-01-26 03:25:54.584632 UTC,2021-01-26 03:28:48.834836 UTC,2.9
2021-01-26,20492746.1993325,United States,mobile,2021-01-26 22:20:53.321681 UTC,2021-01-26 22:23:41.442361 UTC,2.8
2021-01-26,8321172.74937802,United States,desktop,2021-01-26 23:28:57.132681 UTC,2021-01-26 23:31:44.995819 UTC,2.78
2021-01-26,5184896.77739348,Slovakia,desktop,2021-01-26 00:16:07.201959 UTC,2021-01-26 00:18:15.675868 UTC,2.13
2021-01-26,26045316.6076625,United States,mobile,2021-01-26 00:00:34.006352 UTC,2021-01-26 00:00:34.009095 UTC,0.0
2021-01-27,27863624.725624,(not set),desktop,2021-01-27 00:39:00.900026 UTC,2021-01-27 08:04:02.469128 UTC,445.02
2021-01-27,6149654.37576076,China,mobile,2021-01-27 03:13:08.272809 UTC,2021-01-27 09:23:21.345980 UTC,370.22
2021-01-27,42486280.7395375,India,mobile,2021-01-27 11:34:40.989253 UTC,2021-01-27 14:40:35.514809 UTC,185.9
2021-01-27,21127466.2697319,Ireland,mobile,2021-01-27 01:33:23.798502 UTC,2021-01-27 04:02:34.167158 UTC,149.17
2021-01-27,19963687.0354504,Spain,mobile,2021-01-27 01:21:41.015490 UTC,2021-01-27 03:44:26.514159 UTC,142.75
2021-01-27,82699111.690859,United States,mobile,2021-01-27 09:55:01.141977 UTC,2021-01-27 12:15:18.277183 UTC,140.28
2021-01-27,4537449.64023122,Japan,mobile,2021-01-27 02:16:26.417877 UTC,2021-01-27 04:21:54.123879 UTC,125.45
2021-01-27,2342971.6074063,United States,mobile,2021-01-27 21:03:44.031814 UTC,2021-01-27 22:49:40.596426 UTC,105.93
2021-01-27,2291182.35181794,United Kingdom,mobile,2021-01-27 17:31:29.431280 UTC,2021-01-27 18:10:14.562824 UTC,38.75
2021-01-27,3262847.49064572,India,mobile,2021-01-27 12:18:40.586548 UTC,2021-01-27 12:56:15.601464 UTC,37.58
2021-01-27,43954182.0581034,Hong Kong,desktop,2021-01-27 00:36:45.442338 UTC,2021-01-27 01:13:43.512133 UTC,36.97
2021-01-27,4468568788.42787,Bolivia,mobile,2021-01-27 14:11:11.430331 UTC,2021-01-27 14:48:05.083893 UTC,36.88
2021-01-27,73143977.4968623,United States,desktop,2021-01-27 09:37:36.852394 UTC,2021-01-27 10:14:12.542403 UTC,36.58
2021-01-27,7905031.0128114,United States,mobile,2021-01-27 08:18:13.091109 UTC,2021-01-27 08:51:40.967478 UTC,33.45
2021-01-27,34317559.7148954,Poland,mobile,2021-01-27 22:36:51.955655 UTC,2021-01-27 23:10:07.890046 UTC,33.25
2021-01-27,13910378.6069465,South Korea,desktop,2021-01-27 03:17:14.473433 UTC,2021-01-27 03:49:27.076151 UTC,32.2
2021-01-27,67648046.0122401,United States,mobile,2021-01-27 19:55:02.523610 UTC,2021-01-27 20:27:05.579094 UTC,32.05
2021-01-27,3921051.50874405,United States,desktop,2021-01-27 19:10:35.338635 UTC,2021-01-27 19:37:25.668475 UTC,26.83
2021-01-27,19659840.7317618,United States,desktop,2021-01-27 20:24:46.654422 UTC,2021-01-27 20:46:53.036790 UTC,22.1
2021-01-27,37657350.9876173,Japan,mobile,2021-01-27 21:40:40.956259 UTC,2021-01-27 22:00:20.601263 UTC,19.65
2021-01-27,4974239.16103633,United States,mobile,2021-01-27 17:49:45.666178 UTC,2021-01-27 18:08:21.670822 UTC,18.6
2021-01-27,6038543.25289066,Russia,desktop,2021-01-27 11:36:10.791478 UTC,2021-01-27 11:51:00.817910 UTC,14.83
2021-01-27,39254981.9392319,India,desktop,2021-01-27 18:59:20.221959 UTC,2021-01-27 19:13:50.528994 UTC,14.5
2021-01-27,43167694.9021346,India,desktop,2021-01-27 14:03:02.662650 UTC,2021-01-27 14:16:43.811030 UTC,13.68
2021-01-27,52031726.0385935,Mexico,desktop,2021-01-27 09:30:18.500946 UTC,2021-01-27 09:42:53.636810 UTC,12.58
2021-01-27,79194354.8403749,United States,desktop,2021-01-27 09:11:38.482437 UTC,2021-01-27 09:24:05.443708 UTC,12.43
2021-01-27,3909995.55353096,United States,mobile,2021-01-27 22:10:05.781046 UTC,2021-01-27 22:21:30.121844 UTC,11.4
2021-01-27,7195975.1014288,Poland,mobile,2021-01-27 15:38:22.747297 UTC,2021-01-27 15:48:20.843005 UTC,9.97
2021-01-27,5107382543.82076,United States,desktop,2021-01-27 01:17:56.925557 UTC,2021-01-27 01:27:00.523317 UTC,9.05
2021-01-27,56085302.1633432,Spain,mobile,2021-01-27 20:33:23.742795 UTC,2021-01-27 20:42:01.084314 UTC,8.62
2021-01-27,8846133.37263961,Greece,mobile,2021-01-27 05:01:46.156831 UTC,2021-01-27 05:08:45.449559 UTC,6.98
2021-01-27,24471192.8543126,India,mobile,2021-01-27 13:13:46.374407 UTC,2021-01-27 13:20:45.266641 UTC,6.97
2021-01-27,57031563.5866097,Hong Kong,desktop,2021-01-27 15:54:22.282407 UTC,2021-01-27 16:01:10.444436 UTC,6.8
2021-01-27,64681465.68166,United Kingdom,desktop,2021-01-27 21:58:47.007033 UTC,2021-01-27 22:05:33.422644 UTC,6.77
2021-01-27,39049984.4198737,United States,mobile,2021-01-27 02:02:07.493951 UTC,2021-01-27 02:07:06.372817 UTC,4.97
2021-01-27,3027032.39049174,Germany,mobile,2021-01-27 19:39:42.755824 UTC,2021-01-27 19:44:40.294030 UTC,4.95
2021-01-27,63060678.6269508,Philippines,desktop,2021-01-27 11:24:51.714587 UTC,2021-01-27 11:29:38.191022 UTC,4.77
2021-01-27,34851151.7805288,India,mobile,2021-01-27 21:57:21.299666 UTC,2021-01-27 22:01:46.889505 UTC,4.42
2021-01-27,3604692.17435636,United States,desktop,2021-01-27 13:20:08.893148 UTC,2021-01-27 13:24:26.911544 UTC,4.3
2021-01-27,85093126.5834572,United States,mobile,2021-01-27 18:09:07.813065 UTC,2021-01-27 18:13:26.599679 UTC,4.3
2021-01-27,59478062.9287302,United States,mobile,2021-01-27 19:12:32.810309 UTC,2021-01-27 19:16:43.045702 UTC,4.17
2021-01-27,56971593.6553626,Belgium,mobile,2021-01-27 09:02:13.156669 UTC,2021-01-27 09:06:22.011562 UTC,4.13
2021-01-27,1640570.88801082,Singapore,mobile,2021-01-27 19:06:48.035376 UTC,2021-01-27 19:10:52.518171 UTC,4.07
2021-01-27,90691089.7887427,Netherlands,mobile,2021-01-27 09:36:22.676895 UTC,2021-01-27 09:40:11.222423 UTC,3.8
2021-01-27,81702179.634309,Slovakia,tablet,2021-01-27 09:55:29.699099 UTC,2021-01-27 09:58:34.710508 UTC,3.08
2021-01-27,5123007663.94295,Canada,desktop,2021-01-27 02:44:48.511217 UTC,2021-01-27 02:47:40.859875 UTC,2.87
2021-01-27,24216413.3568094,Finland,desktop,2021-01-27 13:10:29.505846 UTC,2021-01-27 13:13:04.008917 UTC,2.57
2021-01-27,64369991.1110095,Spain,mobile,2021-01-27 22:09:02.944510 UTC,2021-01-27 22:11:35.012264 UTC,2.53
2021-01-27,22030162.5005043,Russia,mobile,2021-01-27 21:16:43.924870 UTC,2021-01-27 21:18:50.631850 UTC,2.1
2021-01-28,6270498.60652847,China,desktop,2021-01-28 04:06:36.935301 UTC,2021-01-28 14:35:16.515607 UTC,628.65
2021-01-28,73549247.9231269,United States,desktop,2021-01-28 03:04:17.502090 UTC,2021-01-28 09:39:54.033190 UTC,395.6
2021-01-28,4481070.10476554,United States,mobile,2021-01-28 10:23:26.017531 UTC,2021-01-28 13:46:25.163262 UTC,202.98
2021-01-28,71569261.6020311,United States,mobile,2021-01-28 12:30:15.601216 UTC,2021-01-28 15:45:17.517748 UTC,195.02
2021-01-28,6300831.98705471,United States,desktop,2021-01-28 00:56:04.745229 UTC,2021-01-28 02:54:29.250465 UTC,118.4
2021-01-28,88126277.5389735,United States,mobile,2021-01-28 15:42:57.846559 UTC,2021-01-28 17:19:27.010650 UTC,96.48
2021-01-28,64846097.2247732,South Korea,mobile,2021-01-28 04:05:02.533933 UTC,2021-01-28 05:17:48.452822 UTC,72.75
2021-01-28,39238804.4841294,United States,desktop,2021-01-28 03:23:37.782094 UTC,2021-01-28 04:35:07.754654 UTC,71.48
2021-01-28,6814622.92661587,United States,desktop,2021-01-28 22:06:33.561455 UTC,2021-01-28 23:04:57.411608 UTC,58.38
2021-01-28,3287379.74164763,United States,mobile,2021-01-28 01:38:00.586518 UTC,2021-01-28 02:34:07.569765 UTC,56.1
2021-01-28,7680992.02507377,Italy,desktop,2021-01-28 23:02:02.707379 UTC,2021-01-28 23:53:28.697108 UTC,51.42
2021-01-28,83571720.7492955,United States,mobile,2021-01-28 13:17:41.268371 UTC,2021-01-28 14:06:33.742139 UTC,48.87
2021-01-28,34647657.3187094,United States,desktop,2021-01-28 21:10:10.224788 UTC,2021-01-28 21:47:00.467530 UTC,36.83
2021-01-28,73574224.3287781,Canada,mobile,2021-01-28 14:21:37.222999 UTC,2021-01-28 14:57:33.172722 UTC,35.92
2021-01-28,4421752900.1361,United States,desktop,2021-01-28 00:30:59.758705 UTC,2021-01-28 01:06:07.163296 UTC,35.12
2021-01-28,3064545.87575421,United Kingdom,desktop,2021-01-28 04:26:26.322063 UTC,2021-01-28 04:56:29.128420 UTC,30.03
2021-01-28,4389831.85081354,United States,mobile,2021-01-28 22:46:26.262449 UTC,2021-01-28 23:09:35.857775 UTC,23.15
2021-01-28,7745302.06532494,United States,desktop,2021-01-28 04:21:37.058697 UTC,2021-01-28 04:42:39.773276 UTC,21.03
2021-01-28,10821383.9460228,Austria,mobile,2021-01-28 00:45:22.063863 UTC,2021-01-28 01:04:04.587729 UTC,18.7
2021-01-28,1631937.54261511,United States,tablet,2021-01-28 16:51:25.208631 UTC,2021-01-28 17:10:05.942077 UTC,18.67
2021-01-28,32216806.7712573,Switzerland,mobile,2021-01-28 00:08:27.409146 UTC,2021-01-28 00:26:02.052534 UTC,17.57
2021-01-28,1193142.86035922,Italy,desktop,2021-01-28 18:55:06.976408 UTC,2021-01-28 19:11:32.150766 UTC,16.42
2021-01-28,1362228.49660155,United States,mobile,2021-01-28 17:52:52.751228 UTC,2021-01-28 18:07:40.620310 UTC,14.78
2021-01-28,6847380.65325373,United States,desktop,2021-01-28 07:09:21.836922 UTC,2021-01-28 07:24:06.056332 UTC,14.73
2021-01-28,38040264.0856638,Philippines,tablet,2021-01-28 03:16:08.844333 UTC,2021-01-28 03:29:28.463891 UTC,13.32
2021-01-28,41741661.3891662,United States,desktop,2021-01-28 06:20:54.638020 UTC,2021-01-28 06:33:37.426069 UTC,12.7
2021-01-28,9018980.60870997,United States,mobile,2021-01-28 20:21:27.575619 UTC,2021-01-28 20:33:58.181653 UTC,12.5
2021-01-28,10771534.110796,United States,desktop,2021-01-28 05:11:29.022200 UTC,2021-01-28 05:23:55.100563 UTC,12.43
2021-01-28,1146540.19219925,United States,desktop,2021-01-28 01:30:39.727581 UTC,2021-01-28 01:42:12.367729 UTC,11.53
2021-01-28,8822878673.49749,Poland,mobile,2021-01-28 23:16:45.962635 UTC,2021-01-28 23:28:08.175755 UTC,11.37
2021-01-28,42338461.7796956,United States,desktop,2021-01-28 05:19:11.142458 UTC,2021-01-28 05:29:18.732193 UTC,10.12
2021-01-28,84323891.4564966,India,mobile,2021-01-28 11:26:24.922252 UTC,2021-01-28 11:36:24.108247 UTC,9.98
2021-01-28,3234619280.38269,Belgium,desktop,2021-01-28 22:02:33.384998 UTC,2021-01-28 22:11:45.001933 UTC,9.18
2021-01-28,5815923.3776683,United States,mobile,2021-01-28 12:13:52.214888 UTC,2021-01-28 12:22:36.369376 UTC,8.73
2021-01-28,56499542.2196405,Canada,mobile,2021-01-28 11:22:41.351285 UTC,2021-01-28 11:31:17.173696 UTC,8.58
2021-01-28,4635048.93506834,United States,desktop,2021-01-28 22:20:17.037890 UTC,2021-01-28 22:28:49.331609 UTC,8.53
2021-01-28,7808807.12103601,Japan,mobile,2021-01-28 02:48:12.466801 UTC,2021-01-28 02:56:43.898411 UTC,8.52
2021-01-28,5171848.5405961,United States,mobile,2021-01-28 11:01:44.622754 UTC,2021-01-28 11:10:07.865644 UTC,8.38
2021-01-28,70991146.6259919,Canada,mobile,2021-01-28 16:28:07.165488 UTC,2021-01-28 16:36:28.720942 UTC,8.35
2021-01-28,85143797.2924753,Hong Kong,desktop,2021-01-28 04:33:14.508537 UTC,2021-01-28 04:41:30.192669 UTC,8.25
2021-01-28,3860235.77906289,Canada,mobile,2021-01-28 20:53:11.600713 UTC,2021-01-28 21:01:27.260125 UTC,8.25
2021-01-28,2081240.80780858,United States,desktop,2021-01-28 13:39:41.482014 UTC,2021-01-28 13:47:44.607995 UTC,8.05
2021-01-28,4549721.10462953,Taiwan,mobile,2021-01-28 08:09:06.037219 UTC,2021-01-28 08:16:39.912662 UTC,7.55
2021-01-28,40634293.9427059,Israel,desktop,2021-01-28 02:52:08.539710 UTC,2021-01-28 02:59:23.027816 UTC,7.23
2021-01-28,26193735.7015779,United States,desktop,2021-01-28 00:01:17.156601 UTC,2021-01-28 00:08:29.370868 UTC,7.2
2021-01-28,4177189.83009973,United States,desktop,2021-01-28 05:01:28.784694 UTC,2021-01-28 05:08:35.460536 UTC,7.1
2021-01-28,38159965.050232,Spain,desktop,2021-01-28 03:40:14.602702 UTC,2021-01-28 03:46:46.419511 UTC,6.52
2021-01-28,72114822.2913147,Canada,mobile,2021-01-28 06:22:00.284449 UTC,2021-01-28 06:28:28.550278 UTC,6.47
2021-01-28,3700821.9534517,United States,mobile,2021-01-28 04:45:30.842314 UTC,2021-01-28 04:51:51.275132 UTC,6.33
2021-01-28,31534674.8755593,Australia,desktop,2021-01-28 18:32:47.206308 UTC,2021-01-28 18:39:02.909426 UTC,6.25
2021-01-28,68848831.9499415,United States,mobile,2021-01-28 23:11:31.710305 UTC,2021-01-28 23:17:00.707582 UTC,5.47
2021-01-28,6212957.45515348,Canada,desktop,2021-01-28 19:30:21.997335 UTC,2021-01-28 19:35:36.232905 UTC,5.23
2021-01-28,4199051.45951754,India,desktop,2021-01-28 11:56:41.073964 UTC,2021-01-28 12:00:31.829450 UTC,3.83
2021-01-28,6694500.71895903,United States,mobile,2021-01-28 02:02:10.740524 UTC,2021-01-28 02:05:44.910151 UTC,3.57
2021-01-28,59672683.7376655,United States,desktop,2021-01-28 05:09:32.049294 UTC,2021-01-28 05:13:01.351980 UTC,3.48
2021-01-28,81895141.9085714,United States,mobile,2021-01-28 18:56:38.480678 UTC,2021-01-28 18:59:51.349534 UTC,3.2
2021-01-29,37373345.2187889,United States,desktop,2021-01-29 00:23:35.591982 UTC,2021-01-29 17:53:31.660872 UTC,1049.93
2021-01-29,2956449.14843529,Taiwan,desktop,2021-01-29 05:31:34.553347 UTC,2021-01-29 12:47:13.898037 UTC,435.65
2021-01-29,56713607.9805564,Japan,mobile,2021-01-29 17:01:09.202755 UTC,2021-01-29 21:18:31.501419 UTC,257.37
2021-01-29,1181271.2559991,Singapore,desktop,2021-01-29 19:24:00.639004 UTC,2021-01-29 23:18:30.400187 UTC,234.48
2021-01-29,10218055.9834759,United States,mobile,2021-01-29 19:03:07.525065 UTC,2021-01-29 22:21:01.862580 UTC,197.9
2021-01-29,67115901.4020608,Canada,mobile,2021-01-29 16:49:41.158544 UTC,2021-01-29 19:26:14.628004 UTC,156.55
2021-01-29,3440200.0404717,United States,desktop,2021-01-29 12:48:54.170976 UTC,2021-01-29 14:49:09.285511 UTC,120.25
2021-01-29,2064040.61957279,United States,desktop,2021-01-29 15:39:05.115753 UTC,2021-01-29 16:56:53.067876 UTC,77.78
2021-01-29,1559930.74165652,Switzerland,desktop,2021-01-29 18:55:42.100003 UTC,2021-01-29 19:58:29.903763 UTC,62.78
2021-01-29,88556371.7879566,Spain,mobile,2021-01-29 08:31:35.845195 UTC,2021-01-29 09:33:14.339889 UTC,61.63
2021-01-29,57726778.6402449,Canada,mobile,2021-01-29 15:16:07.078105 UTC,2021-01-29 16:15:27.248121 UTC,59.33
2021-01-29,5984221.34570891,Netherlands,mobile,2021-01-29 03:14:16.680274 UTC,2021-01-29 04:11:27.547542 UTC,57.17
2021-01-29,2522139.83835109,China,mobile,2021-01-29 17:10:37.538397 UTC,2021-01-29 17:55:38.240394 UTC,45.0
2021-01-29,5107942.17680702,Netherlands,mobile,2021-01-29 00:20:11.434161 UTC,2021-01-29 00:57:39.945712 UTC,37.47
2021-01-29,3498330.76611769,Indonesia,desktop,2021-01-29 05:48:18.451565 UTC,2021-01-29 06:23:52.084050 UTC,35.55
2021-01-29,67098567.0990511,Canada,mobile,2021-01-29 15:52:34.230113 UTC,2021-01-29 16:25:12.551440 UTC,32.63
2021-01-29,6672674.09875338,United States,desktop,2021-01-29 03:20:18.226118 UTC,2021-01-29 03:52:25.978998 UTC,32.12
2021-01-29,53447288.4859183,Morocco,mobile,2021-01-29 23:21:51.736847 UTC,2021-01-29 23:52:10.916634 UTC,30.32
2021-01-29,2542556.20972959,Tunisia,mobile,2021-01-29 14:38:16.192575 UTC,2021-01-29 15:02:23.549225 UTC,24.12
2021-01-29,5450574.29227545,India,desktop,2021-01-29 02:07:10.383415 UTC,2021-01-29 02:30:13.426567 UTC,23.05
2021-01-29,26435169.9586592,United States,desktop,2021-01-29 23:25:22.092047 UTC,2021-01-29 23:48:15.424431 UTC,22.88
2021-01-29,3972028.65467378,United States,desktop,2021-01-29 20:37:34.358193 UTC,2021-01-29 20:58:01.272727 UTC,20.43
2021-01-29,1255130.28640747,United States,desktop,2021-01-29 13:18:12.759848 UTC,2021-01-29 13:38:06.702886 UTC,19.88
2021-01-29,5030691.83501935,Peru,desktop,2021-01-29 11:29:46.182069 UTC,2021-01-29 11:49:21.140713 UTC,19.57
2021-01-29,68242526.6661845,Argentina,desktop,2021-01-29 09:31:41.456872 UTC,2021-01-29 09:50:46.823098 UTC,19.08
2021-01-29,36235183.0593363,United States,mobile,2021-01-29 17:37:37.563714 UTC,2021-01-29 17:55:23.740788 UTC,17.77
2021-01-29,6287569.18698351,United States,mobile,2021-01-29 04:20:18.360993 UTC,2021-01-29 04:37:34.265800 UTC,17.25
2021-01-29,9196917.78382199,Poland,mobile,2021-01-29 19:38:19.891671 UTC,2021-01-29 19:52:56.925260 UTC,14.62
2021-01-29,53286533.3814661,France,desktop,2021-01-29 05:11:52.211527 UTC,2021-01-29 05:25:39.149217 UTC,13.77
2021-01-29,8987240644.19015,India,desktop,2021-01-29 16:10:17.967876 UTC,2021-01-29 16:22:58.565753 UTC,12.67
2021-01-29,63463333.0717368,United States,mobile,2021-01-29 03:59:29.796396 UTC,2021-01-29 04:11:47.313559 UTC,12.28
2021-01-29,7888827.44463336,South Korea,desktop,2021-01-29 06:08:16.701640 UTC,2021-01-29 06:19:42.323096 UTC,11.42
2021-01-29,51345641.6074784,United States,desktop,2021-01-29 03:31:17.382709 UTC,2021-01-29 03:41:31.255219 UTC,10.22
2021-01-29,89081962.5580181,Mexico,tablet,2021-01-29 16:41:21.168838 UTC,2021-01-29 16:51:23.641196 UTC,10.03
2021-01-29,50628919.2386697,United States,desktop,2021-01-29 21:49:26.623537 UTC,2021-01-29 21:59:27.294807 UTC,10.0
2021-01-29,8339273.22126525,United States,desktop,2021-01-29 06:11:59.753181 UTC,2021-01-29 06:20:05.886996 UTC,8.1
2021-01-29,7707718.40490902,United States,desktop,2021-01-29 10:26:11.756697 UTC,2021-01-29 10:34:09.493161 UTC,7.95
2021-01-29,66897566.4482598,Mexico,mobile,2021-01-29 20:09:17.615157 UTC,2021-01-29 20:16:45.064021 UTC,7.45
2021-01-29,5889675.35402088,India,desktop,2021-01-29 06:05:45.213894 UTC,2021-01-29 06:13:11.578063 UTC,7.43
2021-01-29,1926248.76535645,United States,mobile,2021-01-29 04:46:24.545687 UTC,2021-01-29 04:53:21.760742 UTC,6.95
2021-01-29,6693276.64766269,Saudi Arabia,desktop,2021-01-29 10:18:37.889247 UTC,2021-01-29 10:25:25.064261 UTC,6.78
2021-01-29,91426655.5769251,Guatemala,desktop,2021-01-29 06:38:03.781696 UTC,2021-01-29 06:44:04.167138 UTC,6.0
2021-01-29,48117822.097925,Canada,tablet,2021-01-29 19:10:34.062355 UTC,2021-01-29 19:16:08.501970 UTC,5.57
2021-01-29,58513817.5467633,Czechia,mobile,2021-01-29 18:37:35.078311 UTC,2021-01-29 18:42:45.236758 UTC,5.17
2021-01-29,7024208.94019291,United States,desktop,2021-01-29 23:09:21.729246 UTC,2021-01-29 23:14:20.737565 UTC,4.98
2021-01-29,8960547.15351281,India,tablet,2021-01-29 09:19:51.211446 UTC,2021-01-29 09:24:36.080187 UTC,4.73
2021-01-29,71840844.1071904,United States,desktop,2021-01-29 11:22:16.493965 UTC,2021-01-29 11:26:54.170165 UTC,4.62
2021-01-29,88282080.9608017,Poland,desktop,2021-01-29 07:28:10.422340 UTC,2021-01-29 07:32:29.638893 UTC,4.32
2021-01-29,44950827.3051148,United States,mobile,2021-01-29 18:09:42.139578 UTC,2021-01-29 18:13:30.029568 UTC,3.78
2021-01-29,85093126.5834572,United States,desktop,2021-01-29 14:25:07.311065 UTC,2021-01-29 14:28:38.807909 UTC,3.52
2021-01-29,5913248.40851215,Finland,mobile,2021-01-29 09:55:31.944300 UTC,2021-01-29 09:58:34.672581 UTC,3.03
2021-01-30,5458906.529709,United States,desktop,2021-01-30 19:56:39.673777 UTC,2021-01-30 20:41:26.178613 UTC,44.77
2021-01-30,64415751.8833284,United States,mobile,2021-01-30 01:31:27.920749 UTC,2021-01-30 02:12:03.081676 UTC,40.58
2021-01-30,25975919.8078802,United Kingdom,desktop,2021-01-30 00:00:39.570055 UTC,2021-01-30 00:38:13.265874 UTC,37.55
2021-01-30,48339324.0547985,Taiwan,mobile,2021-01-30 12:07:44.723356 UTC,2021-01-30 12:44:38.377366 UTC,36.88
2021-01-30,27488559.426717,Canada,desktop,2021-01-30 05:57:27.078024 UTC,2021-01-30 06:29:00.736585 UTC,31.55
2021-01-30,6381676.98783085,India,desktop,2021-01-30 02:48:20.308368 UTC,2021-01-30 03:14:22.591679 UTC,26.03
2021-01-30,17220615.7365298,Ecuador,mobile,2021-01-30 13:36:24.431624 UTC,2021-01-30 14:02:11.650485 UTC,25.78
2021-01-30,58736558.6012465,Brazil,mobile,2021-01-30 14:05:44.526638 UTC,2021-01-30 14:29:23.300069 UTC,23.63
2021-01-30,8774267.99632677,United States,mobile,2021-01-30 05:55:00.975278 UTC,2021-01-30 06:17:23.444396 UTC,22.37
2021-01-30,91746380.06232,United States,desktop,2021-01-30 04:50:09.542845 UTC,2021-01-30 05:11:36.031584 UTC,21.43
2021-01-30,83812359.6098055,Canada,mobile,2021-01-30 09:53:30.256003 UTC,2021-01-30 10:14:01.996631 UTC,20.52
2021-01-30,74117980.4808634,Peru,desktop,2021-01-30 05:50:14.917273 UTC,2021-01-30 06:08:03.647858 UTC,17.8
2021-01-30,69445303.0389577,United States,mobile,2021-01-30 02:00:45.125416 UTC,2021-01-30 02:16:53.586269 UTC,16.13
2021-01-30,6685656.21243942,Taiwan,desktop,2021-01-30 17:13:56.772128 UTC,2021-01-30 17:29:44.362177 UTC,15.78
2021-01-30,75363582.3498268,United States,desktop,2021-01-30 21:20:22.686262 UTC,2021-01-30 21:35:18.344716 UTC,14.92
2021-01-30,3577198.36540811,Canada,desktop,2021-01-30 06:59:59.632455 UTC,2021-01-30 07:12:43.346882 UTC,12.72
2021-01-30,3200576.6010249,Norway,mobile,2021-01-30 00:00:55.745656 UTC,2021-01-30 00:13:32.805010 UTC,12.62
2021-01-30,5582053276.6336,Russia,desktop,2021-01-30 10:29:20.140905 UTC,2021-01-30 10:40:28.329382 UTC,11.13
2021-01-30,4661274.48977692,United States,mobile,2021-01-30 21:27:13.722026 UTC,2021-01-30 21:38:13.988852 UTC,11.0
2021-01-30,3268862.3173694,United States,mobile,2021-01-30 05:34:18.892864 UTC,2021-01-30 05:45:08.509002 UTC,10.82
2021-01-30,8269107.53128432,Singapore,desktop,2021-01-30 03:20:15.208812 UTC,2021-01-30 03:28:03.246130 UTC,7.8
2021-01-30,68904009.7671612,Spain,desktop,2021-01-30 03:50:52.728123 UTC,2021-01-30 03:57:52.158365 UTC,6.98
2021-01-30,22284421.8180471,Austria,mobile,2021-01-30 11:57:02.074213 UTC,2021-01-30 12:03:08.386158 UTC,6.1
2021-01-30,8306051.014736,India,desktop,2021-01-30 10:19:04.003533 UTC,2021-01-30 10:25:03.603273 UTC,5.98
2021-01-30,10702974.0923572,Canada,desktop,2021-01-30 20:05:26.730234 UTC,2021-01-30 20:10:06.712089 UTC,4.65
2021-01-30,13514937.5999371,South Korea,desktop,2021-01-30 14:38:13.237215 UTC,2021-01-30 14:41:48.823807 UTC,3.58
2021-01-30,55104787.0224772,United States,desktop,2021-01-30 14:00:07.741403 UTC,2021-01-30 14:03:42.777906 UTC,3.58
2021-01-30,5123007663.94295,Canada,desktop,2021-01-30 06:54:31.135009 UTC,2021-01-30 06:57:33.897641 UTC,3.03
2021-01-31,84278607.3791995,United States,desktop,2021-01-31 09:24:42.177518 UTC,2021-01-31 10:09:38.385643 UTC,44.93
2021-01-31,55916158.1192891,Netherlands,desktop,2021-01-31 05:41:06.674449 UTC,2021-01-31 06:25:00.030526 UTC,43.88
2021-01-31,64920042.7172093,Japan,desktop,2021-01-31 21:47:30.962805 UTC,2021-01-31 22:20:52.023366 UTC,33.35
2021-01-31,2465265.72435328,United States,mobile,2021-01-31 01:08:08.136576 UTC,2021-01-31 01:38:43.353508 UTC,30.58
2021-01-31,6801821.53676119,Iraq,desktop,2021-01-31 21:44:34.025638 UTC,2021-01-31 22:15:04.089602 UTC,30.5
2021-01-31,3680421.42137713,India,desktop,2021-01-31 12:11:20.091514 UTC,2021-01-31 12:35:25.175653 UTC,24.08
2021-01-31,5318101.47957571,Thailand,mobile,2021-01-31 16:06:16.039445 UTC,2021-01-31 16:27:07.196623 UTC,20.85
2021-01-31,54824213.8140196,United States,tablet,2021-01-31 22:36:41.258613 UTC,2021-01-31 22:56:31.390073 UTC,19.83
2021-01-31,8268852.44065841,South Korea,desktop,2021-01-31 13:19:45.214539 UTC,2021-01-31 13:35:14.724035 UTC,15.48
2021-01-31,55323533.7926126,United States,mobile,2021-01-31 16:57:34.665352 UTC,2021-01-31 17:12:38.897837 UTC,15.07
2021-01-31,91491167.7086909,Canada,desktop,2021-01-31 05:54:16.928310 UTC,2021-01-31 06:06:38.770090 UTC,12.35
2021-01-31,21818790.8215652,Japan,desktop,2021-01-31 02:18:05.325721 UTC,2021-01-31 02:28:12.506128 UTC,10.12
2021-01-31,6331004.15389062,Japan,desktop,2021-01-31 13:22:14.720939 UTC,2021-01-31 13:29:02.327463 UTC,6.78
2021-01-31,21683663.4440188,India,mobile,2021-01-31 09:47:20.957828 UTC,2021-01-31 09:53:21.108235 UTC,6.0
2021-01-31,60380275.2147201,Italy,desktop,2021-01-31 02:18:25.150398 UTC,2021-01-31 02:23:51.958909 UTC,5.43
2021-01-31,1617434.15351455,Singapore,mobile,2021-01-31 07:48:58.541100 UTC,2021-01-31 07:54:07.072428 UTC,5.13
2021-01-31,4696219.9403845,United States,mobile,2021-01-31 10:31:09.632162 UTC,2021-01-31 10:34:27.439836 UTC,3.28
