work_interfere,respondents,treatment_count,treatment_rate,treatment_rate_percent
Often,144,123,0.8541666666666666,85.4
Sometimes,465,358,0.7698924731182796,77.0
Rarely,173,122,0.7052023121387283,70.5
Never,213,30,0.14084507042253522,14.1
Missing,264,4,0.015151515151515152,1.5
