care_options,respondents,treatment_count,treatment_rate,treatment_rate_percent
Yes,444,307,0.6914414414414415,69.1
No,501,207,0.41317365269461076,41.3
Not sure,314,123,0.39171974522292996,39.2
