company_size,respondents,treatment_count,treatment_rate,treatment_rate_percent
1 to 5,162,91,0.5617283950617284,56.2
6 to 25,290,128,0.4413793103448276,44.1
26 to 100,289,150,0.5190311418685121,51.9
100 to 500,176,95,0.5397727272727273,54.0
500 to 1000,60,27,0.45,45.0
More than 1000,282,146,0.5177304964539007,51.8
