benefits,respondents,treatment_count,treatment_rate,treatment_rate_percent
Yes,477,305,0.639412997903564,63.9
No,374,181,0.4839572192513369,48.4
Don't know,408,151,0.3700980392156863,37.0
