threshold_type,threshold,accuracy,balanced_accuracy,precision,recall,f2_score,specificity,true_positives,false_positives,false_negatives,true_negatives
Default 0.50,0.5,0.7020648967551623,0.6794321895424837,0.28448275862068967,0.6470588235294118,0.515625,0.7118055555555556,66,166,36,410
Optimized F2,0.40990442133567895,0.5855457227138643,0.6794321895424836,0.24057971014492754,0.8137254901960784,0.5511288180610889,0.5451388888888888,83,262,19,314
